<stg><name>Cipher</name>


<trans_list>

<trans id="233" from="1" to="2">
<condition id="46">
<or_exp><and_exp></and_exp></or_exp>
</condition>
</trans>

<trans id="234" from="2" to="3">
<condition id="47">
<or_exp><and_exp></and_exp></or_exp>
</condition>
</trans>

<trans id="235" from="3" to="4">
<condition id="48">
<or_exp><and_exp></and_exp></or_exp>
</condition>
</trans>

<trans id="236" from="4" to="5">
<condition id="50">
<or_exp><and_exp></and_exp></or_exp>
</condition>
</trans>

<trans id="237" from="5" to="6">
<condition id="52">
<or_exp><and_exp><literal name="exitcond" val="0"/>
</and_exp></or_exp>
</condition>
</trans>

<trans id="238" from="5" to="24">
<condition id="51">
<or_exp><and_exp><literal name="exitcond" val="1"/>
</and_exp></or_exp>
</condition>
</trans>

<trans id="240" from="6" to="7">
<condition id="54">
<or_exp><and_exp></and_exp></or_exp>
</condition>
</trans>

<trans id="241" from="7" to="8">
<condition id="55">
<or_exp><and_exp></and_exp></or_exp>
</condition>
</trans>

<trans id="242" from="8" to="9">
<condition id="56">
<or_exp><and_exp></and_exp></or_exp>
</condition>
</trans>

<trans id="243" from="9" to="10">
<condition id="57">
<or_exp><and_exp></and_exp></or_exp>
</condition>
</trans>

<trans id="244" from="10" to="11">
<condition id="58">
<or_exp><and_exp></and_exp></or_exp>
</condition>
</trans>

<trans id="245" from="11" to="12">
<condition id="59">
<or_exp><and_exp></and_exp></or_exp>
</condition>
</trans>

<trans id="246" from="12" to="13">
<condition id="60">
<or_exp><and_exp></and_exp></or_exp>
</condition>
</trans>

<trans id="247" from="13" to="14">
<condition id="61">
<or_exp><and_exp></and_exp></or_exp>
</condition>
</trans>

<trans id="248" from="14" to="15">
<condition id="62">
<or_exp><and_exp></and_exp></or_exp>
</condition>
</trans>

<trans id="249" from="15" to="16">
<condition id="63">
<or_exp><and_exp></and_exp></or_exp>
</condition>
</trans>

<trans id="250" from="16" to="17">
<condition id="64">
<or_exp><and_exp></and_exp></or_exp>
</condition>
</trans>

<trans id="251" from="17" to="18">
<condition id="65">
<or_exp><and_exp></and_exp></or_exp>
</condition>
</trans>

<trans id="252" from="18" to="19">
<condition id="67">
<or_exp><and_exp></and_exp></or_exp>
</condition>
</trans>

<trans id="253" from="19" to="20">
<condition id="69">
<or_exp><and_exp><literal name="exitcond_i" val="0"/>
</and_exp></or_exp>
</condition>
</trans>

<trans id="254" from="19" to="23">
<condition id="68">
<or_exp><and_exp><literal name="exitcond_i" val="1"/>
</and_exp></or_exp>
</condition>
</trans>

<trans id="256" from="20" to="21">
<condition id="71">
<or_exp><and_exp></and_exp></or_exp>
</condition>
</trans>

<trans id="257" from="21" to="22">
<condition id="72">
<or_exp><and_exp></and_exp></or_exp>
</condition>
</trans>

<trans id="258" from="22" to="19">
<condition id="74">
<or_exp><and_exp></and_exp></or_exp>
</condition>
</trans>

<trans id="260" from="23" to="5">
<condition id="77">
<or_exp><and_exp></and_exp></or_exp>
</condition>
</trans>

<trans id="262" from="24" to="25">
<condition id="79">
<or_exp><and_exp></and_exp></or_exp>
</condition>
</trans>

<trans id="263" from="25" to="26">
<condition id="80">
<or_exp><and_exp></and_exp></or_exp>
</condition>
</trans>

<trans id="264" from="26" to="27">
<condition id="81">
<or_exp><and_exp></and_exp></or_exp>
</condition>
</trans>

<trans id="265" from="27" to="28">
<condition id="82">
<or_exp><and_exp></and_exp></or_exp>
</condition>
</trans>

<trans id="266" from="28" to="29">
<condition id="83">
<or_exp><and_exp></and_exp></or_exp>
</condition>
</trans>

<trans id="267" from="29" to="30">
<condition id="84">
<or_exp><and_exp></and_exp></or_exp>
</condition>
</trans>

<trans id="268" from="30" to="31">
<condition id="85">
<or_exp><and_exp></and_exp></or_exp>
</condition>
</trans>

<trans id="269" from="31" to="32">
<condition id="86">
<or_exp><and_exp></and_exp></or_exp>
</condition>
</trans>

<trans id="270" from="32" to="33">
<condition id="87">
<or_exp><and_exp></and_exp></or_exp>
</condition>
</trans>

<trans id="271" from="33" to="34">
<condition id="88">
<or_exp><and_exp></and_exp></or_exp>
</condition>
</trans>

<trans id="272" from="34" to="35">
<condition id="89">
<or_exp><and_exp></and_exp></or_exp>
</condition>
</trans>

<trans id="273" from="35" to="36">
<condition id="90">
<or_exp><and_exp></and_exp></or_exp>
</condition>
</trans>

<trans id="274" from="36" to="37">
<condition id="91">
<or_exp><and_exp></and_exp></or_exp>
</condition>
</trans>

<trans id="275" from="37" to="38">
<condition id="92">
<or_exp><and_exp></and_exp></or_exp>
</condition>
</trans>
</trans_list>



<state_list>

<state id="1" st_id="1">

<operation id="39" st_id="1" stage="1" lat="1">
<core>NULL</core>
<MemPortIdVec></MemPortIdVec>
<condition id="0">
<or_exp><and_exp></and_exp></or_exp>
</condition>

<Node id="20" bw="8" op_0_bw="32">
<![CDATA[
:15  %RoundKey = alloca [240 x i8], align 1

]]></Node>
<StgValue><ssdm name="RoundKey"/></StgValue>
</operation>

<operation id="40" st_id="1" stage="2" lat="2">
<core></core>
<MemPortIdVec></MemPortIdVec>
<condition id="0">
<or_exp><and_exp></and_exp></or_exp>
</condition>

<Node id="21" bw="0" op_0_bw="0" op_1_bw="8" op_2_bw="32">
<![CDATA[
:16  call fastcc void @KeyExpansion([240 x i8]* %RoundKey, [32 x i32]* %Key) nounwind

]]></Node>
<StgValue><ssdm name=""/></StgValue>
</operation>
</state>

<state id="2" st_id="2">

<operation id="41" st_id="2" stage="1" lat="2">
<core></core>
<MemPortIdVec></MemPortIdVec>
<condition id="1">
<or_exp><and_exp></and_exp></or_exp>
</condition>

<Node id="21" bw="0" op_0_bw="0" op_1_bw="8" op_2_bw="32">
<![CDATA[
:16  call fastcc void @KeyExpansion([240 x i8]* %RoundKey, [32 x i32]* %Key) nounwind

]]></Node>
<StgValue><ssdm name=""/></StgValue>
</operation>
</state>

<state id="3" st_id="3">

<operation id="42" st_id="3" stage="2" lat="2">
<core></core>
<MemPortIdVec></MemPortIdVec>
<condition id="2">
<or_exp><and_exp></and_exp></or_exp>
</condition>

<Node id="22" bw="0" op_0_bw="0" op_1_bw="6" op_2_bw="32" op_3_bw="8">
<![CDATA[
:17  call fastcc void @AddRoundKey(i6 0, [16 x i32]* %state, [240 x i8]* %RoundKey) nounwind

]]></Node>
<StgValue><ssdm name=""/></StgValue>
</operation>
</state>

<state id="4" st_id="4">

<operation id="43" st_id="4" stage="1" lat="1">
<core>NULL</core>
<MemPortIdVec></MemPortIdVec>
<condition id="3">
<or_exp><and_exp></and_exp></or_exp>
</condition>

<Node id="5" bw="4" op_0_bw="32" op_1_bw="32" op_2_bw="32">
<![CDATA[
:0  %state_addr = getelementptr [16 x i32]* %state, i32 0, i32 4

]]></Node>
<StgValue><ssdm name="state_addr"/></StgValue>
</operation>

<operation id="44" st_id="4" stage="1" lat="1">
<core>NULL</core>
<MemPortIdVec></MemPortIdVec>
<condition id="3">
<or_exp><and_exp></and_exp></or_exp>
</condition>

<Node id="6" bw="4" op_0_bw="32" op_1_bw="32" op_2_bw="32">
<![CDATA[
:1  %state_addr_1 = getelementptr [16 x i32]* %state, i32 0, i32 5

]]></Node>
<StgValue><ssdm name="state_addr_1"/></StgValue>
</operation>

<operation id="45" st_id="4" stage="1" lat="1">
<core>NULL</core>
<MemPortIdVec></MemPortIdVec>
<condition id="3">
<or_exp><and_exp></and_exp></or_exp>
</condition>

<Node id="7" bw="4" op_0_bw="32" op_1_bw="32" op_2_bw="32">
<![CDATA[
:2  %state_addr_2 = getelementptr [16 x i32]* %state, i32 0, i32 6

]]></Node>
<StgValue><ssdm name="state_addr_2"/></StgValue>
</operation>

<operation id="46" st_id="4" stage="1" lat="1">
<core>NULL</core>
<MemPortIdVec></MemPortIdVec>
<condition id="3">
<or_exp><and_exp></and_exp></or_exp>
</condition>

<Node id="8" bw="4" op_0_bw="32" op_1_bw="32" op_2_bw="32">
<![CDATA[
:3  %state_addr_3 = getelementptr [16 x i32]* %state, i32 0, i32 7

]]></Node>
<StgValue><ssdm name="state_addr_3"/></StgValue>
</operation>

<operation id="47" st_id="4" stage="1" lat="1">
<core>NULL</core>
<MemPortIdVec></MemPortIdVec>
<condition id="3">
<or_exp><and_exp></and_exp></or_exp>
</condition>

<Node id="9" bw="4" op_0_bw="32" op_1_bw="32" op_2_bw="32">
<![CDATA[
:4  %state_addr_4 = getelementptr [16 x i32]* %state, i32 0, i32 8

]]></Node>
<StgValue><ssdm name="state_addr_4"/></StgValue>
</operation>

<operation id="48" st_id="4" stage="1" lat="1">
<core>NULL</core>
<MemPortIdVec></MemPortIdVec>
<condition id="3">
<or_exp><and_exp></and_exp></or_exp>
</condition>

<Node id="10" bw="4" op_0_bw="32" op_1_bw="32" op_2_bw="32">
<![CDATA[
:5  %state_addr_5 = getelementptr [16 x i32]* %state, i32 0, i32 10

]]></Node>
<StgValue><ssdm name="state_addr_5"/></StgValue>
</operation>

<operation id="49" st_id="4" stage="1" lat="1">
<core>NULL</core>
<MemPortIdVec></MemPortIdVec>
<condition id="3">
<or_exp><and_exp></and_exp></or_exp>
</condition>

<Node id="11" bw="4" op_0_bw="32" op_1_bw="32" op_2_bw="32">
<![CDATA[
:6  %state_addr_6 = getelementptr [16 x i32]* %state, i32 0, i32 9

]]></Node>
<StgValue><ssdm name="state_addr_6"/></StgValue>
</operation>

<operation id="50" st_id="4" stage="1" lat="1">
<core>NULL</core>
<MemPortIdVec></MemPortIdVec>
<condition id="3">
<or_exp><and_exp></and_exp></or_exp>
</condition>

<Node id="12" bw="4" op_0_bw="32" op_1_bw="32" op_2_bw="32">
<![CDATA[
:7  %state_addr_7 = getelementptr [16 x i32]* %state, i32 0, i32 11

]]></Node>
<StgValue><ssdm name="state_addr_7"/></StgValue>
</operation>

<operation id="51" st_id="4" stage="1" lat="1">
<core>NULL</core>
<MemPortIdVec></MemPortIdVec>
<condition id="3">
<or_exp><and_exp></and_exp></or_exp>
</condition>

<Node id="13" bw="4" op_0_bw="32" op_1_bw="32" op_2_bw="32">
<![CDATA[
:8  %state_addr_8 = getelementptr [16 x i32]* %state, i32 0, i32 12

]]></Node>
<StgValue><ssdm name="state_addr_8"/></StgValue>
</operation>

<operation id="52" st_id="4" stage="1" lat="1">
<core>NULL</core>
<MemPortIdVec></MemPortIdVec>
<condition id="3">
<or_exp><and_exp></and_exp></or_exp>
</condition>

<Node id="14" bw="4" op_0_bw="32" op_1_bw="32" op_2_bw="32">
<![CDATA[
:9  %state_addr_9 = getelementptr [16 x i32]* %state, i32 0, i32 15

]]></Node>
<StgValue><ssdm name="state_addr_9"/></StgValue>
</operation>

<operation id="53" st_id="4" stage="1" lat="1">
<core>NULL</core>
<MemPortIdVec></MemPortIdVec>
<condition id="3">
<or_exp><and_exp></and_exp></or_exp>
</condition>

<Node id="15" bw="4" op_0_bw="32" op_1_bw="32" op_2_bw="32">
<![CDATA[
:10  %state_addr_10 = getelementptr [16 x i32]* %state, i32 0, i32 14

]]></Node>
<StgValue><ssdm name="state_addr_10"/></StgValue>
</operation>

<operation id="54" st_id="4" stage="1" lat="1">
<core>NULL</core>
<MemPortIdVec></MemPortIdVec>
<condition id="3">
<or_exp><and_exp></and_exp></or_exp>
</condition>

<Node id="16" bw="4" op_0_bw="32" op_1_bw="32" op_2_bw="32">
<![CDATA[
:11  %state_addr_11 = getelementptr [16 x i32]* %state, i32 0, i32 13

]]></Node>
<StgValue><ssdm name="state_addr_11"/></StgValue>
</operation>

<operation id="55" st_id="4" stage="1" lat="1">
<core>NULL</core>
<MemPortIdVec></MemPortIdVec>
<condition id="3">
<or_exp><and_exp></and_exp></or_exp>
</condition>

<Node id="17" bw="0" op_0_bw="0" op_1_bw="32">
<![CDATA[
:12  call void (...)* @_ssdm_op_SpecBitsMap([16 x i32]* %state) nounwind, !map !27

]]></Node>
<StgValue><ssdm name=""/></StgValue>
</operation>

<operation id="56" st_id="4" stage="1" lat="1">
<core>NULL</core>
<MemPortIdVec></MemPortIdVec>
<condition id="3">
<or_exp><and_exp></and_exp></or_exp>
</condition>

<Node id="18" bw="0" op_0_bw="0" op_1_bw="32">
<![CDATA[
:13  call void (...)* @_ssdm_op_SpecBitsMap([32 x i32]* %Key) nounwind, !map !33

]]></Node>
<StgValue><ssdm name=""/></StgValue>
</operation>

<operation id="57" st_id="4" stage="1" lat="1">
<core>NULL</core>
<MemPortIdVec></MemPortIdVec>
<condition id="3">
<or_exp><and_exp></and_exp></or_exp>
</condition>

<Node id="19" bw="0" op_0_bw="0" op_1_bw="0">
<![CDATA[
:14  call void (...)* @_ssdm_op_SpecTopModule([7 x i8]* @Cipher_str) nounwind

]]></Node>
<StgValue><ssdm name=""/></StgValue>
</operation>

<operation id="58" st_id="4" stage="1" lat="2">
<core></core>
<MemPortIdVec></MemPortIdVec>
<condition id="3">
<or_exp><and_exp></and_exp></or_exp>
</condition>

<Node id="22" bw="0" op_0_bw="0" op_1_bw="6" op_2_bw="32" op_3_bw="8">
<![CDATA[
:17  call fastcc void @AddRoundKey(i6 0, [16 x i32]* %state, [240 x i8]* %RoundKey) nounwind

]]></Node>
<StgValue><ssdm name=""/></StgValue>
</operation>

<operation id="59" st_id="4" stage="1" lat="1">
<core>NULL</core>
<MemPortIdVec></MemPortIdVec>
<condition id="3">
<or_exp><and_exp></and_exp></or_exp>
</condition>

<Node id="23" bw="0" op_0_bw="0">
<![CDATA[
:18  br label %1

]]></Node>
<StgValue><ssdm name=""/></StgValue>
</operation>
</state>

<state id="5" st_id="5">

<operation id="60" st_id="5" stage="1" lat="1">
<core>NULL</core>
<MemPortIdVec></MemPortIdVec>
<condition id="4">
<or_exp><and_exp></and_exp></or_exp>
</condition>

<Node id="25" bw="4" op_0_bw="4" op_1_bw="0">
<![CDATA[
:0  %round = phi i4 [ 1, %0 ], [ %round_1, %MixColumns.exit ]

]]></Node>
<StgValue><ssdm name="round"/></StgValue>
</operation>

<operation id="61" st_id="5" stage="1" lat="1">
<core>Cmp</core>
<MemPortIdVec></MemPortIdVec>
<condition id="4">
<or_exp><and_exp></and_exp></or_exp>
</condition>

<Node id="26" bw="1" op_0_bw="4" op_1_bw="4">
<![CDATA[
:1  %exitcond = icmp eq i4 %round, -6

]]></Node>
<StgValue><ssdm name="exitcond"/></StgValue>
</operation>

<operation id="62" st_id="5" stage="1" lat="1">
<core>NULL</core>
<MemPortIdVec></MemPortIdVec>
<condition id="4">
<or_exp><and_exp></and_exp></or_exp>
</condition>

<Node id="27" bw="32" op_0_bw="32" op_1_bw="64" op_2_bw="64" op_3_bw="64">
<![CDATA[
:2  %empty = call i32 (...)* @_ssdm_op_SpecLoopTripCount(i64 9, i64 9, i64 9) nounwind

]]></Node>
<StgValue><ssdm name="empty"/></StgValue>
</operation>

<operation id="63" st_id="5" stage="1" lat="1">
<core>NULL</core>
<MemPortIdVec></MemPortIdVec>
<condition id="4">
<or_exp><and_exp></and_exp></or_exp>
</condition>

<Node id="28" bw="0" op_0_bw="1" op_1_bw="0" op_2_bw="0">
<![CDATA[
:3  br i1 %exitcond, label %5, label %2

]]></Node>
<StgValue><ssdm name=""/></StgValue>
</operation>

<operation id="64" st_id="5" stage="2" lat="2">
<core></core>
<MemPortIdVec></MemPortIdVec>
<condition id="6">
<or_exp><and_exp><literal name="exitcond" val="0"/>
</and_exp></or_exp>
</condition>

<Node id="30" bw="0" op_0_bw="0" op_1_bw="32">
<![CDATA[
:0  call fastcc void @SubBytes([16 x i32]* %state) nounwind

]]></Node>
<StgValue><ssdm name=""/></StgValue>
</operation>

<operation id="65" st_id="5" stage="2" lat="2">
<core></core>
<MemPortIdVec></MemPortIdVec>
<condition id="8">
<or_exp><and_exp><literal name="exitcond" val="1"/>
</and_exp></or_exp>
</condition>

<Node id="136" bw="0" op_0_bw="0" op_1_bw="32">
<![CDATA[
:0  call fastcc void @SubBytes([16 x i32]* %state) nounwind

]]></Node>
<StgValue><ssdm name=""/></StgValue>
</operation>
</state>

<state id="6" st_id="6">

<operation id="66" st_id="6" stage="1" lat="2">
<core></core>
<MemPortIdVec></MemPortIdVec>
<condition id="9">
<or_exp><and_exp></and_exp></or_exp>
</condition>

<Node id="30" bw="0" op_0_bw="0" op_1_bw="32">
<![CDATA[
:0  call fastcc void @SubBytes([16 x i32]* %state) nounwind

]]></Node>
<StgValue><ssdm name=""/></StgValue>
</operation>
</state>

<state id="7" st_id="7">

<operation id="67" st_id="7" stage="2" lat="2">
<core>RAM</core>
<MemPortIdVec></MemPortIdVec>
<condition id="10">
<or_exp><and_exp></and_exp></or_exp>
</condition>

<Node id="31" bw="32" op_0_bw="4">
<![CDATA[
:1  %state_load_12 = load i32* %state_addr, align 4

]]></Node>
<StgValue><ssdm name="state_load_12"/></StgValue>
</operation>

<operation id="68" st_id="7" stage="2" lat="2">
<core>RAM</core>
<MemPortIdVec></MemPortIdVec>
<condition id="10">
<or_exp><and_exp></and_exp></or_exp>
</condition>

<Node id="33" bw="32" op_0_bw="4">
<![CDATA[
:3  %state_load_13 = load i32* %state_addr_1, align 4

]]></Node>
<StgValue><ssdm name="state_load_13"/></StgValue>
</operation>
</state>

<state id="8" st_id="8">

<operation id="69" st_id="8" stage="1" lat="2">
<core>RAM</core>
<MemPortIdVec></MemPortIdVec>
<condition id="11">
<or_exp><and_exp></and_exp></or_exp>
</condition>

<Node id="31" bw="32" op_0_bw="4">
<![CDATA[
:1  %state_load_12 = load i32* %state_addr, align 4

]]></Node>
<StgValue><ssdm name="state_load_12"/></StgValue>
</operation>

<operation id="70" st_id="8" stage="1" lat="1">
<core>NULL</core>
<MemPortIdVec></MemPortIdVec>
<condition id="11">
<or_exp><and_exp></and_exp></or_exp>
</condition>

<Node id="32" bw="8" op_0_bw="32">
<![CDATA[
:2  %temp_4 = trunc i32 %state_load_12 to i8

]]></Node>
<StgValue><ssdm name="temp_4"/></StgValue>
</operation>

<operation id="71" st_id="8" stage="1" lat="2">
<core>RAM</core>
<MemPortIdVec></MemPortIdVec>
<condition id="11">
<or_exp><and_exp></and_exp></or_exp>
</condition>

<Node id="33" bw="32" op_0_bw="4">
<![CDATA[
:3  %state_load_13 = load i32* %state_addr_1, align 4

]]></Node>
<StgValue><ssdm name="state_load_13"/></StgValue>
</operation>

<operation id="72" st_id="8" stage="2" lat="2">
<core>RAM</core>
<MemPortIdVec></MemPortIdVec>
<condition id="11">
<or_exp><and_exp></and_exp></or_exp>
</condition>

<Node id="35" bw="32" op_0_bw="4">
<![CDATA[
:5  %state_load_14 = load i32* %state_addr_2, align 4

]]></Node>
<StgValue><ssdm name="state_load_14"/></StgValue>
</operation>

<operation id="73" st_id="8" stage="2" lat="2">
<core>RAM</core>
<MemPortIdVec></MemPortIdVec>
<condition id="11">
<or_exp><and_exp></and_exp></or_exp>
</condition>

<Node id="37" bw="32" op_0_bw="4">
<![CDATA[
:7  %state_load_15 = load i32* %state_addr_3, align 4

]]></Node>
<StgValue><ssdm name="state_load_15"/></StgValue>
</operation>
</state>

<state id="9" st_id="9">

<operation id="74" st_id="9" stage="1" lat="2">
<core>RAM</core>
<MemPortIdVec></MemPortIdVec>
<condition id="12">
<or_exp><and_exp></and_exp></or_exp>
</condition>

<Node id="35" bw="32" op_0_bw="4">
<![CDATA[
:5  %state_load_14 = load i32* %state_addr_2, align 4

]]></Node>
<StgValue><ssdm name="state_load_14"/></StgValue>
</operation>

<operation id="75" st_id="9" stage="1" lat="2">
<core>RAM</core>
<MemPortIdVec></MemPortIdVec>
<condition id="12">
<or_exp><and_exp></and_exp></or_exp>
</condition>

<Node id="37" bw="32" op_0_bw="4">
<![CDATA[
:7  %state_load_15 = load i32* %state_addr_3, align 4

]]></Node>
<StgValue><ssdm name="state_load_15"/></StgValue>
</operation>

<operation id="76" st_id="9" stage="2" lat="2">
<core>RAM</core>
<MemPortIdVec></MemPortIdVec>
<condition id="12">
<or_exp><and_exp></and_exp></or_exp>
</condition>

<Node id="41" bw="32" op_0_bw="4">
<![CDATA[
:11  %state_load_16 = load i32* %state_addr_4, align 4

]]></Node>
<StgValue><ssdm name="state_load_16"/></StgValue>
</operation>

<operation id="77" st_id="9" stage="2" lat="2">
<core>RAM</core>
<MemPortIdVec></MemPortIdVec>
<condition id="12">
<or_exp><and_exp></and_exp></or_exp>
</condition>

<Node id="43" bw="32" op_0_bw="4">
<![CDATA[
:13  %state_load_17 = load i32* %state_addr_5, align 4

]]></Node>
<StgValue><ssdm name="state_load_17"/></StgValue>
</operation>
</state>

<state id="10" st_id="10">

<operation id="78" st_id="10" stage="1" lat="2">
<core>RAM</core>
<MemPortIdVec></MemPortIdVec>
<condition id="13">
<or_exp><and_exp></and_exp></or_exp>
</condition>

<Node id="41" bw="32" op_0_bw="4">
<![CDATA[
:11  %state_load_16 = load i32* %state_addr_4, align 4

]]></Node>
<StgValue><ssdm name="state_load_16"/></StgValue>
</operation>

<operation id="79" st_id="10" stage="1" lat="1">
<core>NULL</core>
<MemPortIdVec></MemPortIdVec>
<condition id="13">
<or_exp><and_exp></and_exp></or_exp>
</condition>

<Node id="42" bw="8" op_0_bw="32">
<![CDATA[
:12  %temp_5 = trunc i32 %state_load_16 to i8

]]></Node>
<StgValue><ssdm name="temp_5"/></StgValue>
</operation>

<operation id="80" st_id="10" stage="1" lat="2">
<core>RAM</core>
<MemPortIdVec></MemPortIdVec>
<condition id="13">
<or_exp><and_exp></and_exp></or_exp>
</condition>

<Node id="43" bw="32" op_0_bw="4">
<![CDATA[
:13  %state_load_17 = load i32* %state_addr_5, align 4

]]></Node>
<StgValue><ssdm name="state_load_17"/></StgValue>
</operation>

<operation id="81" st_id="10" stage="2" lat="2">
<core>RAM</core>
<MemPortIdVec></MemPortIdVec>
<condition id="13">
<or_exp><and_exp></and_exp></or_exp>
</condition>

<Node id="47" bw="32" op_0_bw="4">
<![CDATA[
:17  %state_load_18 = load i32* %state_addr_6, align 4

]]></Node>
<StgValue><ssdm name="state_load_18"/></StgValue>
</operation>

<operation id="82" st_id="10" stage="2" lat="2">
<core>RAM</core>
<MemPortIdVec></MemPortIdVec>
<condition id="13">
<or_exp><and_exp></and_exp></or_exp>
</condition>

<Node id="49" bw="32" op_0_bw="4">
<![CDATA[
:19  %state_load_19 = load i32* %state_addr_7, align 4

]]></Node>
<StgValue><ssdm name="state_load_19"/></StgValue>
</operation>
</state>

<state id="11" st_id="11">

<operation id="83" st_id="11" stage="1" lat="2">
<core>RAM</core>
<MemPortIdVec></MemPortIdVec>
<condition id="14">
<or_exp><and_exp></and_exp></or_exp>
</condition>

<Node id="47" bw="32" op_0_bw="4">
<![CDATA[
:17  %state_load_18 = load i32* %state_addr_6, align 4

]]></Node>
<StgValue><ssdm name="state_load_18"/></StgValue>
</operation>

<operation id="84" st_id="11" stage="1" lat="1">
<core>NULL</core>
<MemPortIdVec></MemPortIdVec>
<condition id="14">
<or_exp><and_exp></and_exp></or_exp>
</condition>

<Node id="48" bw="8" op_0_bw="32">
<![CDATA[
:18  %temp_6 = trunc i32 %state_load_18 to i8

]]></Node>
<StgValue><ssdm name="temp_6"/></StgValue>
</operation>

<operation id="85" st_id="11" stage="1" lat="2">
<core>RAM</core>
<MemPortIdVec></MemPortIdVec>
<condition id="14">
<or_exp><and_exp></and_exp></or_exp>
</condition>

<Node id="49" bw="32" op_0_bw="4">
<![CDATA[
:19  %state_load_19 = load i32* %state_addr_7, align 4

]]></Node>
<StgValue><ssdm name="state_load_19"/></StgValue>
</operation>

<operation id="86" st_id="11" stage="2" lat="2">
<core>RAM</core>
<MemPortIdVec></MemPortIdVec>
<condition id="14">
<or_exp><and_exp></and_exp></or_exp>
</condition>

<Node id="53" bw="32" op_0_bw="4">
<![CDATA[
:23  %state_load_20 = load i32* %state_addr_8, align 4

]]></Node>
<StgValue><ssdm name="state_load_20"/></StgValue>
</operation>

<operation id="87" st_id="11" stage="2" lat="2">
<core>RAM</core>
<MemPortIdVec></MemPortIdVec>
<condition id="14">
<or_exp><and_exp></and_exp></or_exp>
</condition>

<Node id="55" bw="32" op_0_bw="4">
<![CDATA[
:25  %state_load_21 = load i32* %state_addr_9, align 4

]]></Node>
<StgValue><ssdm name="state_load_21"/></StgValue>
</operation>
</state>

<state id="12" st_id="12">

<operation id="88" st_id="12" stage="1" lat="2">
<core>RAM</core>
<MemPortIdVec></MemPortIdVec>
<condition id="15">
<or_exp><and_exp></and_exp></or_exp>
</condition>

<Node id="53" bw="32" op_0_bw="4">
<![CDATA[
:23  %state_load_20 = load i32* %state_addr_8, align 4

]]></Node>
<StgValue><ssdm name="state_load_20"/></StgValue>
</operation>

<operation id="89" st_id="12" stage="1" lat="1">
<core>NULL</core>
<MemPortIdVec></MemPortIdVec>
<condition id="15">
<or_exp><and_exp></and_exp></or_exp>
</condition>

<Node id="54" bw="8" op_0_bw="32">
<![CDATA[
:24  %temp_7 = trunc i32 %state_load_20 to i8

]]></Node>
<StgValue><ssdm name="temp_7"/></StgValue>
</operation>

<operation id="90" st_id="12" stage="1" lat="2">
<core>RAM</core>
<MemPortIdVec></MemPortIdVec>
<condition id="15">
<or_exp><and_exp></and_exp></or_exp>
</condition>

<Node id="55" bw="32" op_0_bw="4">
<![CDATA[
:25  %state_load_21 = load i32* %state_addr_9, align 4

]]></Node>
<StgValue><ssdm name="state_load_21"/></StgValue>
</operation>

<operation id="91" st_id="12" stage="2" lat="2">
<core>RAM</core>
<MemPortIdVec></MemPortIdVec>
<condition id="15">
<or_exp><and_exp></and_exp></or_exp>
</condition>

<Node id="57" bw="32" op_0_bw="4">
<![CDATA[
:27  %state_load_22 = load i32* %state_addr_10, align 4

]]></Node>
<StgValue><ssdm name="state_load_22"/></StgValue>
</operation>

<operation id="92" st_id="12" stage="2" lat="2">
<core>RAM</core>
<MemPortIdVec></MemPortIdVec>
<condition id="15">
<or_exp><and_exp></and_exp></or_exp>
</condition>

<Node id="59" bw="32" op_0_bw="4">
<![CDATA[
:29  %state_load_23 = load i32* %state_addr_11, align 4

]]></Node>
<StgValue><ssdm name="state_load_23"/></StgValue>
</operation>
</state>

<state id="13" st_id="13">

<operation id="93" st_id="13" stage="1" lat="1">
<core>RAM</core>
<MemPortIdVec></MemPortIdVec>
<condition id="16">
<or_exp><and_exp></and_exp></or_exp>
</condition>

<Node id="34" bw="0" op_0_bw="32" op_1_bw="4">
<![CDATA[
:4  store i32 %state_load_13, i32* %state_addr, align 4

]]></Node>
<StgValue><ssdm name=""/></StgValue>
</operation>

<operation id="94" st_id="13" stage="1" lat="1">
<core>RAM</core>
<MemPortIdVec></MemPortIdVec>
<condition id="16">
<or_exp><and_exp></and_exp></or_exp>
</condition>

<Node id="36" bw="0" op_0_bw="32" op_1_bw="4">
<![CDATA[
:6  store i32 %state_load_14, i32* %state_addr_1, align 4

]]></Node>
<StgValue><ssdm name=""/></StgValue>
</operation>

<operation id="95" st_id="13" stage="1" lat="2">
<core>RAM</core>
<MemPortIdVec></MemPortIdVec>
<condition id="16">
<or_exp><and_exp></and_exp></or_exp>
</condition>

<Node id="57" bw="32" op_0_bw="4">
<![CDATA[
:27  %state_load_22 = load i32* %state_addr_10, align 4

]]></Node>
<StgValue><ssdm name="state_load_22"/></StgValue>
</operation>

<operation id="96" st_id="13" stage="1" lat="2">
<core>RAM</core>
<MemPortIdVec></MemPortIdVec>
<condition id="16">
<or_exp><and_exp></and_exp></or_exp>
</condition>

<Node id="59" bw="32" op_0_bw="4">
<![CDATA[
:29  %state_load_23 = load i32* %state_addr_11, align 4

]]></Node>
<StgValue><ssdm name="state_load_23"/></StgValue>
</operation>
</state>

<state id="14" st_id="14">

<operation id="97" st_id="14" stage="1" lat="1">
<core>RAM</core>
<MemPortIdVec></MemPortIdVec>
<condition id="17">
<or_exp><and_exp></and_exp></or_exp>
</condition>

<Node id="38" bw="0" op_0_bw="32" op_1_bw="4">
<![CDATA[
:8  store i32 %state_load_15, i32* %state_addr_2, align 4

]]></Node>
<StgValue><ssdm name=""/></StgValue>
</operation>

<operation id="98" st_id="14" stage="1" lat="1">
<core>NULL</core>
<MemPortIdVec></MemPortIdVec>
<condition id="17">
<or_exp><and_exp></and_exp></or_exp>
</condition>

<Node id="39" bw="32" op_0_bw="8">
<![CDATA[
:9  %tmp_i = zext i8 %temp_4 to i32

]]></Node>
<StgValue><ssdm name="tmp_i"/></StgValue>
</operation>

<operation id="99" st_id="14" stage="1" lat="1">
<core>RAM</core>
<MemPortIdVec></MemPortIdVec>
<condition id="17">
<or_exp><and_exp></and_exp></or_exp>
</condition>

<Node id="40" bw="0" op_0_bw="32" op_1_bw="4">
<![CDATA[
:10  store i32 %tmp_i, i32* %state_addr_3, align 4

]]></Node>
<StgValue><ssdm name=""/></StgValue>
</operation>
</state>

<state id="15" st_id="15">

<operation id="100" st_id="15" stage="1" lat="1">
<core>RAM</core>
<MemPortIdVec></MemPortIdVec>
<condition id="18">
<or_exp><and_exp></and_exp></or_exp>
</condition>

<Node id="44" bw="0" op_0_bw="32" op_1_bw="4">
<![CDATA[
:14  store i32 %state_load_17, i32* %state_addr_4, align 4

]]></Node>
<StgValue><ssdm name=""/></StgValue>
</operation>

<operation id="101" st_id="15" stage="1" lat="1">
<core>NULL</core>
<MemPortIdVec></MemPortIdVec>
<condition id="18">
<or_exp><and_exp></and_exp></or_exp>
</condition>

<Node id="45" bw="32" op_0_bw="8">
<![CDATA[
:15  %tmp_2_i = zext i8 %temp_5 to i32

]]></Node>
<StgValue><ssdm name="tmp_2_i"/></StgValue>
</operation>

<operation id="102" st_id="15" stage="1" lat="1">
<core>RAM</core>
<MemPortIdVec></MemPortIdVec>
<condition id="18">
<or_exp><and_exp></and_exp></or_exp>
</condition>

<Node id="46" bw="0" op_0_bw="32" op_1_bw="4">
<![CDATA[
:16  store i32 %tmp_2_i, i32* %state_addr_5, align 4

]]></Node>
<StgValue><ssdm name=""/></StgValue>
</operation>
</state>

<state id="16" st_id="16">

<operation id="103" st_id="16" stage="1" lat="1">
<core>RAM</core>
<MemPortIdVec></MemPortIdVec>
<condition id="19">
<or_exp><and_exp></and_exp></or_exp>
</condition>

<Node id="50" bw="0" op_0_bw="32" op_1_bw="4">
<![CDATA[
:20  store i32 %state_load_19, i32* %state_addr_6, align 4

]]></Node>
<StgValue><ssdm name=""/></StgValue>
</operation>

<operation id="104" st_id="16" stage="1" lat="1">
<core>NULL</core>
<MemPortIdVec></MemPortIdVec>
<condition id="19">
<or_exp><and_exp></and_exp></or_exp>
</condition>

<Node id="51" bw="32" op_0_bw="8">
<![CDATA[
:21  %tmp_3_i = zext i8 %temp_6 to i32

]]></Node>
<StgValue><ssdm name="tmp_3_i"/></StgValue>
</operation>

<operation id="105" st_id="16" stage="1" lat="1">
<core>RAM</core>
<MemPortIdVec></MemPortIdVec>
<condition id="19">
<or_exp><and_exp></and_exp></or_exp>
</condition>

<Node id="52" bw="0" op_0_bw="32" op_1_bw="4">
<![CDATA[
:22  store i32 %tmp_3_i, i32* %state_addr_7, align 4

]]></Node>
<StgValue><ssdm name=""/></StgValue>
</operation>
</state>

<state id="17" st_id="17">

<operation id="106" st_id="17" stage="1" lat="1">
<core>RAM</core>
<MemPortIdVec></MemPortIdVec>
<condition id="20">
<or_exp><and_exp></and_exp></or_exp>
</condition>

<Node id="56" bw="0" op_0_bw="32" op_1_bw="4">
<![CDATA[
:26  store i32 %state_load_21, i32* %state_addr_8, align 4

]]></Node>
<StgValue><ssdm name=""/></StgValue>
</operation>

<operation id="107" st_id="17" stage="1" lat="1">
<core>RAM</core>
<MemPortIdVec></MemPortIdVec>
<condition id="20">
<or_exp><and_exp></and_exp></or_exp>
</condition>

<Node id="58" bw="0" op_0_bw="32" op_1_bw="4">
<![CDATA[
:28  store i32 %state_load_22, i32* %state_addr_9, align 4

]]></Node>
<StgValue><ssdm name=""/></StgValue>
</operation>
</state>

<state id="18" st_id="18">

<operation id="108" st_id="18" stage="1" lat="1">
<core>RAM</core>
<MemPortIdVec></MemPortIdVec>
<condition id="21">
<or_exp><and_exp></and_exp></or_exp>
</condition>

<Node id="60" bw="0" op_0_bw="32" op_1_bw="4">
<![CDATA[
:30  store i32 %state_load_23, i32* %state_addr_10, align 4

]]></Node>
<StgValue><ssdm name=""/></StgValue>
</operation>

<operation id="109" st_id="18" stage="1" lat="1">
<core>NULL</core>
<MemPortIdVec></MemPortIdVec>
<condition id="21">
<or_exp><and_exp></and_exp></or_exp>
</condition>

<Node id="61" bw="32" op_0_bw="8">
<![CDATA[
:31  %tmp_4_i = zext i8 %temp_7 to i32

]]></Node>
<StgValue><ssdm name="tmp_4_i"/></StgValue>
</operation>

<operation id="110" st_id="18" stage="1" lat="1">
<core>RAM</core>
<MemPortIdVec></MemPortIdVec>
<condition id="21">
<or_exp><and_exp></and_exp></or_exp>
</condition>

<Node id="62" bw="0" op_0_bw="32" op_1_bw="4">
<![CDATA[
:32  store i32 %tmp_4_i, i32* %state_addr_11, align 4

]]></Node>
<StgValue><ssdm name=""/></StgValue>
</operation>

<operation id="111" st_id="18" stage="1" lat="1">
<core>NULL</core>
<MemPortIdVec></MemPortIdVec>
<condition id="21">
<or_exp><and_exp></and_exp></or_exp>
</condition>

<Node id="63" bw="0" op_0_bw="0">
<![CDATA[
:33  br label %3

]]></Node>
<StgValue><ssdm name=""/></StgValue>
</operation>
</state>

<state id="19" st_id="19">

<operation id="112" st_id="19" stage="1" lat="1">
<core>NULL</core>
<MemPortIdVec></MemPortIdVec>
<condition id="22">
<or_exp><and_exp></and_exp></or_exp>
</condition>

<Node id="65" bw="3" op_0_bw="3" op_1_bw="0">
<![CDATA[
:0  %i_i = phi i3 [ 0, %2 ], [ %i, %4 ]

]]></Node>
<StgValue><ssdm name="i_i"/></StgValue>
</operation>

<operation id="113" st_id="19" stage="1" lat="1">
<core>NULL</core>
<MemPortIdVec></MemPortIdVec>
<condition id="22">
<or_exp><and_exp></and_exp></or_exp>
</condition>

<Node id="66" bw="32" op_0_bw="3">
<![CDATA[
:1  %i_i_cast5 = zext i3 %i_i to i32

]]></Node>
<StgValue><ssdm name="i_i_cast5"/></StgValue>
</operation>

<operation id="114" st_id="19" stage="1" lat="1">
<core>NULL</core>
<MemPortIdVec></MemPortIdVec>
<condition id="22">
<or_exp><and_exp></and_exp></or_exp>
</condition>

<Node id="67" bw="5" op_0_bw="3">
<![CDATA[
:2  %i_i_cast5_cast1 = zext i3 %i_i to i5

]]></Node>
<StgValue><ssdm name="i_i_cast5_cast1"/></StgValue>
</operation>

<operation id="115" st_id="19" stage="1" lat="1">
<core>NULL</core>
<MemPortIdVec></MemPortIdVec>
<condition id="22">
<or_exp><and_exp></and_exp></or_exp>
</condition>

<Node id="68" bw="4" op_0_bw="3">
<![CDATA[
:3  %i_i_cast5_cast = zext i3 %i_i to i4

]]></Node>
<StgValue><ssdm name="i_i_cast5_cast"/></StgValue>
</operation>

<operation id="116" st_id="19" stage="1" lat="1">
<core>NULL</core>
<MemPortIdVec></MemPortIdVec>
<condition id="22">
<or_exp><and_exp></and_exp></or_exp>
</condition>

<Node id="69" bw="4" op_0_bw="32" op_1_bw="32" op_2_bw="32">
<![CDATA[
:4  %state_addr_12 = getelementptr [16 x i32]* %state, i32 0, i32 %i_i_cast5

]]></Node>
<StgValue><ssdm name="state_addr_12"/></StgValue>
</operation>

<operation id="117" st_id="19" stage="1" lat="1">
<core>AddSub</core>
<MemPortIdVec></MemPortIdVec>
<condition id="22">
<or_exp><and_exp></and_exp></or_exp>
</condition>

<Node id="70" bw="4" op_0_bw="4" op_1_bw="4">
<![CDATA[
:5  %tmp_s = add i4 %i_i_cast5_cast, 4

]]></Node>
<StgValue><ssdm name="tmp_s"/></StgValue>
</operation>

<operation id="118" st_id="19" stage="1" lat="1">
<core>NULL</core>
<MemPortIdVec></MemPortIdVec>
<condition id="22">
<or_exp><and_exp></and_exp></or_exp>
</condition>

<Node id="71" bw="32" op_0_bw="4">
<![CDATA[
:6  %tmp_19_cast = zext i4 %tmp_s to i32

]]></Node>
<StgValue><ssdm name="tmp_19_cast"/></StgValue>
</operation>

<operation id="119" st_id="19" stage="1" lat="1">
<core>NULL</core>
<MemPortIdVec></MemPortIdVec>
<condition id="22">
<or_exp><and_exp></and_exp></or_exp>
</condition>

<Node id="72" bw="4" op_0_bw="32" op_1_bw="32" op_2_bw="32">
<![CDATA[
:7  %state_addr_13 = getelementptr [16 x i32]* %state, i32 0, i32 %tmp_19_cast

]]></Node>
<StgValue><ssdm name="state_addr_13"/></StgValue>
</operation>

<operation id="120" st_id="19" stage="1" lat="1">
<core>NULL</core>
<MemPortIdVec></MemPortIdVec>
<condition id="22">
<or_exp><and_exp></and_exp></or_exp>
</condition>

<Node id="73" bw="32" op_0_bw="32" op_1_bw="29" op_2_bw="3">
<![CDATA[
:8  %tmp_17 = call i32 @_ssdm_op_BitConcatenate.i32.i29.i3(i29 1, i3 %i_i)

]]></Node>
<StgValue><ssdm name="tmp_17"/></StgValue>
</operation>

<operation id="121" st_id="19" stage="1" lat="1">
<core>NULL</core>
<MemPortIdVec></MemPortIdVec>
<condition id="22">
<or_exp><and_exp></and_exp></or_exp>
</condition>

<Node id="74" bw="4" op_0_bw="32" op_1_bw="32" op_2_bw="32">
<![CDATA[
:9  %state_addr_14 = getelementptr [16 x i32]* %state, i32 0, i32 %tmp_17

]]></Node>
<StgValue><ssdm name="state_addr_14"/></StgValue>
</operation>

<operation id="122" st_id="19" stage="1" lat="1">
<core>AddSub</core>
<MemPortIdVec></MemPortIdVec>
<condition id="22">
<or_exp><and_exp></and_exp></or_exp>
</condition>

<Node id="75" bw="5" op_0_bw="5" op_1_bw="5">
<![CDATA[
:10  %tmp_18 = add i5 %i_i_cast5_cast1, 12

]]></Node>
<StgValue><ssdm name="tmp_18"/></StgValue>
</operation>

<operation id="123" st_id="19" stage="1" lat="1">
<core>NULL</core>
<MemPortIdVec></MemPortIdVec>
<condition id="22">
<or_exp><and_exp></and_exp></or_exp>
</condition>

<Node id="76" bw="32" op_0_bw="5">
<![CDATA[
:11  %tmp_21_cast = zext i5 %tmp_18 to i32

]]></Node>
<StgValue><ssdm name="tmp_21_cast"/></StgValue>
</operation>

<operation id="124" st_id="19" stage="1" lat="1">
<core>NULL</core>
<MemPortIdVec></MemPortIdVec>
<condition id="22">
<or_exp><and_exp></and_exp></or_exp>
</condition>

<Node id="77" bw="4" op_0_bw="32" op_1_bw="32" op_2_bw="32">
<![CDATA[
:12  %state_addr_15 = getelementptr [16 x i32]* %state, i32 0, i32 %tmp_21_cast

]]></Node>
<StgValue><ssdm name="state_addr_15"/></StgValue>
</operation>

<operation id="125" st_id="19" stage="1" lat="1">
<core>Cmp</core>
<MemPortIdVec></MemPortIdVec>
<condition id="22">
<or_exp><and_exp></and_exp></or_exp>
</condition>

<Node id="78" bw="1" op_0_bw="3" op_1_bw="3">
<![CDATA[
:13  %exitcond_i = icmp eq i3 %i_i, -4

]]></Node>
<StgValue><ssdm name="exitcond_i"/></StgValue>
</operation>

<operation id="126" st_id="19" stage="1" lat="1">
<core>NULL</core>
<MemPortIdVec></MemPortIdVec>
<condition id="22">
<or_exp><and_exp></and_exp></or_exp>
</condition>

<Node id="79" bw="32" op_0_bw="32" op_1_bw="64" op_2_bw="64" op_3_bw="64">
<![CDATA[
:14  %empty_36 = call i32 (...)* @_ssdm_op_SpecLoopTripCount(i64 4, i64 4, i64 4) nounwind

]]></Node>
<StgValue><ssdm name="empty_36"/></StgValue>
</operation>

<operation id="127" st_id="19" stage="1" lat="1">
<core>AddSub</core>
<MemPortIdVec></MemPortIdVec>
<condition id="22">
<or_exp><and_exp></and_exp></or_exp>
</condition>

<Node id="80" bw="3" op_0_bw="3" op_1_bw="3">
<![CDATA[
:15  %i = add i3 %i_i, 1

]]></Node>
<StgValue><ssdm name="i"/></StgValue>
</operation>

<operation id="128" st_id="19" stage="1" lat="1">
<core>NULL</core>
<MemPortIdVec></MemPortIdVec>
<condition id="22">
<or_exp><and_exp></and_exp></or_exp>
</condition>

<Node id="81" bw="0" op_0_bw="1" op_1_bw="0" op_2_bw="0">
<![CDATA[
:16  br i1 %exitcond_i, label %MixColumns.exit, label %4

]]></Node>
<StgValue><ssdm name=""/></StgValue>
</operation>

<operation id="129" st_id="19" stage="2" lat="2">
<core>RAM</core>
<MemPortIdVec></MemPortIdVec>
<condition id="24">
<or_exp><and_exp><literal name="exitcond_i" val="0"/>
</and_exp></or_exp>
</condition>

<Node id="83" bw="32" op_0_bw="4">
<![CDATA[
:0  %state_load_24 = load i32* %state_addr_12, align 4

]]></Node>
<StgValue><ssdm name="state_load_24"/></StgValue>
</operation>

<operation id="130" st_id="19" stage="2" lat="2">
<core>RAM</core>
<MemPortIdVec></MemPortIdVec>
<condition id="24">
<or_exp><and_exp><literal name="exitcond_i" val="0"/>
</and_exp></or_exp>
</condition>

<Node id="85" bw="32" op_0_bw="4">
<![CDATA[
:2  %state_load_25 = load i32* %state_addr_13, align 4

]]></Node>
<StgValue><ssdm name="state_load_25"/></StgValue>
</operation>

<operation id="131" st_id="19" stage="1" lat="1">
<core>NULL</core>
<MemPortIdVec></MemPortIdVec>
<condition id="26">
<or_exp><and_exp><literal name="exitcond_i" val="1"/>
</and_exp></or_exp>
</condition>

<Node id="131" bw="6" op_0_bw="4">
<![CDATA[
MixColumns.exit:0  %round_cast6_cast = zext i4 %round to i6

]]></Node>
<StgValue><ssdm name="round_cast6_cast"/></StgValue>
</operation>

<operation id="132" st_id="19" stage="2" lat="2">
<core></core>
<MemPortIdVec></MemPortIdVec>
<condition id="26">
<or_exp><and_exp><literal name="exitcond_i" val="1"/>
</and_exp></or_exp>
</condition>

<Node id="132" bw="0" op_0_bw="0" op_1_bw="6" op_2_bw="32" op_3_bw="8">
<![CDATA[
MixColumns.exit:1  call fastcc void @AddRoundKey(i6 %round_cast6_cast, [16 x i32]* %state, [240 x i8]* %RoundKey) nounwind

]]></Node>
<StgValue><ssdm name=""/></StgValue>
</operation>

<operation id="133" st_id="19" stage="1" lat="1">
<core>AddSub</core>
<MemPortIdVec></MemPortIdVec>
<condition id="26">
<or_exp><and_exp><literal name="exitcond_i" val="1"/>
</and_exp></or_exp>
</condition>

<Node id="133" bw="4" op_0_bw="4" op_1_bw="4">
<![CDATA[
MixColumns.exit:2  %round_1 = add i4 %round, 1

]]></Node>
<StgValue><ssdm name="round_1"/></StgValue>
</operation>
</state>

<state id="20" st_id="20">

<operation id="134" st_id="20" stage="1" lat="2">
<core>RAM</core>
<MemPortIdVec></MemPortIdVec>
<condition id="27">
<or_exp><and_exp></and_exp></or_exp>
</condition>

<Node id="83" bw="32" op_0_bw="4">
<![CDATA[
:0  %state_load_24 = load i32* %state_addr_12, align 4

]]></Node>
<StgValue><ssdm name="state_load_24"/></StgValue>
</operation>

<operation id="135" st_id="20" stage="1" lat="1">
<core>NULL</core>
<MemPortIdVec></MemPortIdVec>
<condition id="27">
<or_exp><and_exp></and_exp></or_exp>
</condition>

<Node id="84" bw="8" op_0_bw="32">
<![CDATA[
:1  %t = trunc i32 %state_load_24 to i8

]]></Node>
<StgValue><ssdm name="t"/></StgValue>
</operation>

<operation id="136" st_id="20" stage="1" lat="2">
<core>RAM</core>
<MemPortIdVec></MemPortIdVec>
<condition id="27">
<or_exp><and_exp></and_exp></or_exp>
</condition>

<Node id="85" bw="32" op_0_bw="4">
<![CDATA[
:2  %state_load_25 = load i32* %state_addr_13, align 4

]]></Node>
<StgValue><ssdm name="state_load_25"/></StgValue>
</operation>

<operation id="137" st_id="20" stage="2" lat="2">
<core>RAM</core>
<MemPortIdVec></MemPortIdVec>
<condition id="27">
<or_exp><and_exp></and_exp></or_exp>
</condition>

<Node id="86" bw="32" op_0_bw="4">
<![CDATA[
:3  %state_load_26 = load i32* %state_addr_14, align 4

]]></Node>
<StgValue><ssdm name="state_load_26"/></StgValue>
</operation>

<operation id="138" st_id="20" stage="2" lat="2">
<core>RAM</core>
<MemPortIdVec></MemPortIdVec>
<condition id="27">
<or_exp><and_exp></and_exp></or_exp>
</condition>

<Node id="87" bw="32" op_0_bw="4">
<![CDATA[
:4  %state_load_27 = load i32* %state_addr_15, align 4

]]></Node>
<StgValue><ssdm name="state_load_27"/></StgValue>
</operation>

<operation id="139" st_id="20" stage="1" lat="1">
<core>NULL</core>
<MemPortIdVec></MemPortIdVec>
<condition id="27">
<or_exp><and_exp></and_exp></or_exp>
</condition>

<Node id="88" bw="8" op_0_bw="32">
<![CDATA[
:5  %tmp_31 = trunc i32 %state_load_25 to i8

]]></Node>
<StgValue><ssdm name="tmp_31"/></StgValue>
</operation>
</state>

<state id="21" st_id="21">

<operation id="140" st_id="21" stage="1" lat="2">
<core>RAM</core>
<MemPortIdVec></MemPortIdVec>
<condition id="28">
<or_exp><and_exp></and_exp></or_exp>
</condition>

<Node id="86" bw="32" op_0_bw="4">
<![CDATA[
:3  %state_load_26 = load i32* %state_addr_14, align 4

]]></Node>
<StgValue><ssdm name="state_load_26"/></StgValue>
</operation>

<operation id="141" st_id="21" stage="1" lat="2">
<core>RAM</core>
<MemPortIdVec></MemPortIdVec>
<condition id="28">
<or_exp><and_exp></and_exp></or_exp>
</condition>

<Node id="87" bw="32" op_0_bw="4">
<![CDATA[
:4  %state_load_27 = load i32* %state_addr_15, align 4

]]></Node>
<StgValue><ssdm name="state_load_27"/></StgValue>
</operation>

<operation id="142" st_id="21" stage="1" lat="1">
<core>NULL</core>
<MemPortIdVec></MemPortIdVec>
<condition id="28">
<or_exp><and_exp></and_exp></or_exp>
</condition>

<Node id="89" bw="8" op_0_bw="32">
<![CDATA[
:6  %tmp_32 = trunc i32 %state_load_26 to i8

]]></Node>
<StgValue><ssdm name="tmp_32"/></StgValue>
</operation>

<operation id="143" st_id="21" stage="1" lat="1">
<core>LogicGate</core>
<MemPortIdVec></MemPortIdVec>
<condition id="28">
<or_exp><and_exp></and_exp></or_exp>
</condition>

<Node id="90" bw="8" op_0_bw="8" op_1_bw="8">
<![CDATA[
:7  %Tm = xor i8 %tmp_31, %t

]]></Node>
<StgValue><ssdm name="Tm"/></StgValue>
</operation>

<operation id="144" st_id="21" stage="1" lat="1">
<core>NULL</core>
<MemPortIdVec></MemPortIdVec>
<condition id="28">
<or_exp><and_exp></and_exp></or_exp>
</condition>

<Node id="91" bw="8" op_0_bw="32">
<![CDATA[
:8  %tmp_33 = trunc i32 %state_load_27 to i8

]]></Node>
<StgValue><ssdm name="tmp_33"/></StgValue>
</operation>

<operation id="145" st_id="21" stage="1" lat="1">
<core>LogicGate</core>
<MemPortIdVec></MemPortIdVec>
<condition id="28">
<or_exp><and_exp></and_exp></or_exp>
</condition>

<Node id="92" bw="8" op_0_bw="8" op_1_bw="8">
<![CDATA[
:9  %tmp = xor i8 %Tm, %tmp_33

]]></Node>
<StgValue><ssdm name="tmp"/></StgValue>
</operation>

<operation id="146" st_id="21" stage="1" lat="1">
<core>LogicGate</core>
<MemPortIdVec></MemPortIdVec>
<condition id="28">
<or_exp><and_exp></and_exp></or_exp>
</condition>

<Node id="93" bw="8" op_0_bw="8" op_1_bw="8">
<![CDATA[
:10  %Tmp = xor i8 %tmp, %tmp_32

]]></Node>
<StgValue><ssdm name="Tmp"/></StgValue>
</operation>

<operation id="147" st_id="21" stage="1" lat="1">
<core>NULL</core>
<MemPortIdVec></MemPortIdVec>
<condition id="28">
<or_exp><and_exp></and_exp></or_exp>
</condition>

<Node id="94" bw="8" op_0_bw="8" op_1_bw="8">
<![CDATA[
:11  %tmp_34 = shl i8 %Tm, 1

]]></Node>
<StgValue><ssdm name="tmp_34"/></StgValue>
</operation>

<operation id="148" st_id="21" stage="1" lat="1">
<core>NULL</core>
<MemPortIdVec></MemPortIdVec>
<condition id="28">
<or_exp><and_exp></and_exp></or_exp>
</condition>

<Node id="95" bw="1" op_0_bw="1" op_1_bw="8" op_2_bw="32">
<![CDATA[
:12  %tmp_35 = call i1 @_ssdm_op_BitSelect.i1.i8.i32(i8 %Tm, i32 7)

]]></Node>
<StgValue><ssdm name="tmp_35"/></StgValue>
</operation>

<operation id="149" st_id="21" stage="1" lat="1">
<core>Sel</core>
<MemPortIdVec></MemPortIdVec>
<condition id="28">
<or_exp><and_exp></and_exp></or_exp>
</condition>

<Node id="96" bw="8" op_0_bw="1" op_1_bw="8" op_2_bw="8">
<![CDATA[
:13  %tmp_9_i_cast_cast = select i1 %tmp_35, i8 27, i8 0

]]></Node>
<StgValue><ssdm name="tmp_9_i_cast_cast"/></StgValue>
</operation>

<operation id="150" st_id="21" stage="1" lat="1">
<core>LogicGate</core>
<MemPortIdVec></MemPortIdVec>
<condition id="28">
<or_exp><and_exp></and_exp></or_exp>
</condition>

<Node id="97" bw="8" op_0_bw="8" op_1_bw="8">
<![CDATA[
:14  %tmp1 = xor i8 %tmp_34, %Tmp

]]></Node>
<StgValue><ssdm name="tmp1"/></StgValue>
</operation>

<operation id="151" st_id="21" stage="1" lat="1">
<core>LogicGate</core>
<MemPortIdVec></MemPortIdVec>
<condition id="28">
<or_exp><and_exp></and_exp></or_exp>
</condition>

<Node id="98" bw="8" op_0_bw="8" op_1_bw="8">
<![CDATA[
:15  %tmp_i_37 = xor i8 %tmp1, %tmp_9_i_cast_cast

]]></Node>
<StgValue><ssdm name="tmp_i_37"/></StgValue>
</operation>

<operation id="152" st_id="21" stage="1" lat="1">
<core>NULL</core>
<MemPortIdVec></MemPortIdVec>
<condition id="28">
<or_exp><and_exp></and_exp></or_exp>
</condition>

<Node id="99" bw="32" op_0_bw="8">
<![CDATA[
:16  %tmp_1_i = zext i8 %tmp_i_37 to i32

]]></Node>
<StgValue><ssdm name="tmp_1_i"/></StgValue>
</operation>

<operation id="153" st_id="21" stage="1" lat="1">
<core>LogicGate</core>
<MemPortIdVec></MemPortIdVec>
<condition id="28">
<or_exp><and_exp></and_exp></or_exp>
</condition>

<Node id="100" bw="32" op_0_bw="32" op_1_bw="32">
<![CDATA[
:17  %tmp_2_i6 = xor i32 %state_load_24, %tmp_1_i

]]></Node>
<StgValue><ssdm name="tmp_2_i6"/></StgValue>
</operation>

<operation id="154" st_id="21" stage="1" lat="1">
<core>RAM</core>
<MemPortIdVec></MemPortIdVec>
<condition id="28">
<or_exp><and_exp></and_exp></or_exp>
</condition>

<Node id="101" bw="0" op_0_bw="32" op_1_bw="4">
<![CDATA[
:18  store i32 %tmp_2_i6, i32* %state_addr_12, align 4

]]></Node>
<StgValue><ssdm name=""/></StgValue>
</operation>

<operation id="155" st_id="21" stage="1" lat="1">
<core>LogicGate</core>
<MemPortIdVec></MemPortIdVec>
<condition id="28">
<or_exp><and_exp></and_exp></or_exp>
</condition>

<Node id="102" bw="8" op_0_bw="8" op_1_bw="8">
<![CDATA[
:19  %Tm_1 = xor i8 %tmp_32, %tmp_31

]]></Node>
<StgValue><ssdm name="Tm_1"/></StgValue>
</operation>

<operation id="156" st_id="21" stage="1" lat="1">
<core>NULL</core>
<MemPortIdVec></MemPortIdVec>
<condition id="28">
<or_exp><and_exp></and_exp></or_exp>
</condition>

<Node id="103" bw="8" op_0_bw="8" op_1_bw="8">
<![CDATA[
:20  %tmp_36 = shl i8 %Tm_1, 1

]]></Node>
<StgValue><ssdm name="tmp_36"/></StgValue>
</operation>

<operation id="157" st_id="21" stage="1" lat="1">
<core>NULL</core>
<MemPortIdVec></MemPortIdVec>
<condition id="28">
<or_exp><and_exp></and_exp></or_exp>
</condition>

<Node id="104" bw="1" op_0_bw="1" op_1_bw="8" op_2_bw="32">
<![CDATA[
:21  %tmp_37 = call i1 @_ssdm_op_BitSelect.i1.i8.i32(i8 %Tm_1, i32 7)

]]></Node>
<StgValue><ssdm name="tmp_37"/></StgValue>
</operation>

<operation id="158" st_id="21" stage="1" lat="1">
<core>Sel</core>
<MemPortIdVec></MemPortIdVec>
<condition id="28">
<or_exp><and_exp></and_exp></or_exp>
</condition>

<Node id="105" bw="8" op_0_bw="1" op_1_bw="8" op_2_bw="8">
<![CDATA[
:22  %tmp_5_i_cast_cast = select i1 %tmp_37, i8 27, i8 0

]]></Node>
<StgValue><ssdm name="tmp_5_i_cast_cast"/></StgValue>
</operation>

<operation id="159" st_id="21" stage="1" lat="1">
<core>LogicGate</core>
<MemPortIdVec></MemPortIdVec>
<condition id="28">
<or_exp><and_exp></and_exp></or_exp>
</condition>

<Node id="106" bw="8" op_0_bw="8" op_1_bw="8">
<![CDATA[
:23  %tmp2 = xor i8 %tmp_36, %Tmp

]]></Node>
<StgValue><ssdm name="tmp2"/></StgValue>
</operation>

<operation id="160" st_id="21" stage="1" lat="1">
<core>LogicGate</core>
<MemPortIdVec></MemPortIdVec>
<condition id="28">
<or_exp><and_exp></and_exp></or_exp>
</condition>

<Node id="107" bw="8" op_0_bw="8" op_1_bw="8">
<![CDATA[
:24  %tmp_11_i = xor i8 %tmp2, %tmp_5_i_cast_cast

]]></Node>
<StgValue><ssdm name="tmp_11_i"/></StgValue>
</operation>

<operation id="161" st_id="21" stage="1" lat="1">
<core>NULL</core>
<MemPortIdVec></MemPortIdVec>
<condition id="28">
<or_exp><and_exp></and_exp></or_exp>
</condition>

<Node id="108" bw="32" op_0_bw="8">
<![CDATA[
:25  %tmp_12_i = zext i8 %tmp_11_i to i32

]]></Node>
<StgValue><ssdm name="tmp_12_i"/></StgValue>
</operation>

<operation id="162" st_id="21" stage="1" lat="1">
<core>LogicGate</core>
<MemPortIdVec></MemPortIdVec>
<condition id="28">
<or_exp><and_exp></and_exp></or_exp>
</condition>

<Node id="109" bw="32" op_0_bw="32" op_1_bw="32">
<![CDATA[
:26  %tmp_13_i = xor i32 %state_load_25, %tmp_12_i

]]></Node>
<StgValue><ssdm name="tmp_13_i"/></StgValue>
</operation>

<operation id="163" st_id="21" stage="1" lat="1">
<core>RAM</core>
<MemPortIdVec></MemPortIdVec>
<condition id="28">
<or_exp><and_exp></and_exp></or_exp>
</condition>

<Node id="110" bw="0" op_0_bw="32" op_1_bw="4">
<![CDATA[
:27  store i32 %tmp_13_i, i32* %state_addr_13, align 4

]]></Node>
<StgValue><ssdm name=""/></StgValue>
</operation>

<operation id="164" st_id="21" stage="1" lat="1">
<core>LogicGate</core>
<MemPortIdVec></MemPortIdVec>
<condition id="28">
<or_exp><and_exp></and_exp></or_exp>
</condition>

<Node id="111" bw="8" op_0_bw="8" op_1_bw="8">
<![CDATA[
:28  %Tm_2 = xor i8 %tmp_33, %tmp_32

]]></Node>
<StgValue><ssdm name="Tm_2"/></StgValue>
</operation>

<operation id="165" st_id="21" stage="1" lat="1">
<core>NULL</core>
<MemPortIdVec></MemPortIdVec>
<condition id="28">
<or_exp><and_exp></and_exp></or_exp>
</condition>

<Node id="112" bw="8" op_0_bw="8" op_1_bw="8">
<![CDATA[
:29  %tmp_38 = shl i8 %Tm_2, 1

]]></Node>
<StgValue><ssdm name="tmp_38"/></StgValue>
</operation>

<operation id="166" st_id="21" stage="1" lat="1">
<core>NULL</core>
<MemPortIdVec></MemPortIdVec>
<condition id="28">
<or_exp><and_exp></and_exp></or_exp>
</condition>

<Node id="113" bw="1" op_0_bw="1" op_1_bw="8" op_2_bw="32">
<![CDATA[
:30  %tmp_39 = call i1 @_ssdm_op_BitSelect.i1.i8.i32(i8 %Tm_2, i32 7)

]]></Node>
<StgValue><ssdm name="tmp_39"/></StgValue>
</operation>

<operation id="167" st_id="21" stage="1" lat="1">
<core>Sel</core>
<MemPortIdVec></MemPortIdVec>
<condition id="28">
<or_exp><and_exp></and_exp></or_exp>
</condition>

<Node id="114" bw="8" op_0_bw="1" op_1_bw="8" op_2_bw="8">
<![CDATA[
:31  %tmp_16_i_cast_cast = select i1 %tmp_39, i8 27, i8 0

]]></Node>
<StgValue><ssdm name="tmp_16_i_cast_cast"/></StgValue>
</operation>

<operation id="168" st_id="21" stage="1" lat="1">
<core>LogicGate</core>
<MemPortIdVec></MemPortIdVec>
<condition id="28">
<or_exp><and_exp></and_exp></or_exp>
</condition>

<Node id="115" bw="8" op_0_bw="8" op_1_bw="8">
<![CDATA[
:32  %tmp3 = xor i8 %Tmp, %tmp_16_i_cast_cast

]]></Node>
<StgValue><ssdm name="tmp3"/></StgValue>
</operation>

<operation id="169" st_id="21" stage="1" lat="1">
<core>LogicGate</core>
<MemPortIdVec></MemPortIdVec>
<condition id="28">
<or_exp><and_exp></and_exp></or_exp>
</condition>

<Node id="116" bw="8" op_0_bw="8" op_1_bw="8">
<![CDATA[
:33  %tmp_18_i = xor i8 %tmp3, %tmp_38

]]></Node>
<StgValue><ssdm name="tmp_18_i"/></StgValue>
</operation>

<operation id="170" st_id="21" stage="1" lat="1">
<core>NULL</core>
<MemPortIdVec></MemPortIdVec>
<condition id="28">
<or_exp><and_exp></and_exp></or_exp>
</condition>

<Node id="117" bw="32" op_0_bw="8">
<![CDATA[
:34  %tmp_19_i = zext i8 %tmp_18_i to i32

]]></Node>
<StgValue><ssdm name="tmp_19_i"/></StgValue>
</operation>

<operation id="171" st_id="21" stage="1" lat="1">
<core>LogicGate</core>
<MemPortIdVec></MemPortIdVec>
<condition id="28">
<or_exp><and_exp></and_exp></or_exp>
</condition>

<Node id="118" bw="32" op_0_bw="32" op_1_bw="32">
<![CDATA[
:35  %tmp_20_i = xor i32 %state_load_26, %tmp_19_i

]]></Node>
<StgValue><ssdm name="tmp_20_i"/></StgValue>
</operation>

<operation id="172" st_id="21" stage="1" lat="1">
<core>LogicGate</core>
<MemPortIdVec></MemPortIdVec>
<condition id="28">
<or_exp><and_exp></and_exp></or_exp>
</condition>

<Node id="120" bw="8" op_0_bw="8" op_1_bw="8">
<![CDATA[
:37  %Tm_3 = xor i8 %tmp_33, %t

]]></Node>
<StgValue><ssdm name="Tm_3"/></StgValue>
</operation>

<operation id="173" st_id="21" stage="1" lat="1">
<core>NULL</core>
<MemPortIdVec></MemPortIdVec>
<condition id="28">
<or_exp><and_exp></and_exp></or_exp>
</condition>

<Node id="121" bw="8" op_0_bw="8" op_1_bw="8">
<![CDATA[
:38  %tmp_40 = shl i8 %Tm_3, 1

]]></Node>
<StgValue><ssdm name="tmp_40"/></StgValue>
</operation>

<operation id="174" st_id="21" stage="1" lat="1">
<core>NULL</core>
<MemPortIdVec></MemPortIdVec>
<condition id="28">
<or_exp><and_exp></and_exp></or_exp>
</condition>

<Node id="122" bw="1" op_0_bw="1" op_1_bw="8" op_2_bw="32">
<![CDATA[
:39  %tmp_41 = call i1 @_ssdm_op_BitSelect.i1.i8.i32(i8 %Tm_3, i32 7)

]]></Node>
<StgValue><ssdm name="tmp_41"/></StgValue>
</operation>

<operation id="175" st_id="21" stage="1" lat="1">
<core>Sel</core>
<MemPortIdVec></MemPortIdVec>
<condition id="28">
<or_exp><and_exp></and_exp></or_exp>
</condition>

<Node id="123" bw="8" op_0_bw="1" op_1_bw="8" op_2_bw="8">
<![CDATA[
:40  %tmp_23_i_cast_cast = select i1 %tmp_41, i8 27, i8 0

]]></Node>
<StgValue><ssdm name="tmp_23_i_cast_cast"/></StgValue>
</operation>

<operation id="176" st_id="21" stage="1" lat="1">
<core>LogicGate</core>
<MemPortIdVec></MemPortIdVec>
<condition id="28">
<or_exp><and_exp></and_exp></or_exp>
</condition>

<Node id="124" bw="8" op_0_bw="8" op_1_bw="8">
<![CDATA[
:41  %tmp4 = xor i8 %Tmp, %tmp_23_i_cast_cast

]]></Node>
<StgValue><ssdm name="tmp4"/></StgValue>
</operation>

<operation id="177" st_id="21" stage="1" lat="1">
<core>LogicGate</core>
<MemPortIdVec></MemPortIdVec>
<condition id="28">
<or_exp><and_exp></and_exp></or_exp>
</condition>

<Node id="125" bw="8" op_0_bw="8" op_1_bw="8">
<![CDATA[
:42  %tmp_25_i = xor i8 %tmp4, %tmp_40

]]></Node>
<StgValue><ssdm name="tmp_25_i"/></StgValue>
</operation>

<operation id="178" st_id="21" stage="1" lat="1">
<core>NULL</core>
<MemPortIdVec></MemPortIdVec>
<condition id="28">
<or_exp><and_exp></and_exp></or_exp>
</condition>

<Node id="126" bw="32" op_0_bw="8">
<![CDATA[
:43  %tmp_26_i = zext i8 %tmp_25_i to i32

]]></Node>
<StgValue><ssdm name="tmp_26_i"/></StgValue>
</operation>

<operation id="179" st_id="21" stage="1" lat="1">
<core>LogicGate</core>
<MemPortIdVec></MemPortIdVec>
<condition id="28">
<or_exp><and_exp></and_exp></or_exp>
</condition>

<Node id="127" bw="32" op_0_bw="32" op_1_bw="32">
<![CDATA[
:44  %tmp_27_i = xor i32 %state_load_27, %tmp_26_i

]]></Node>
<StgValue><ssdm name="tmp_27_i"/></StgValue>
</operation>
</state>

<state id="22" st_id="22">

<operation id="180" st_id="22" stage="1" lat="1">
<core>RAM</core>
<MemPortIdVec></MemPortIdVec>
<condition id="29">
<or_exp><and_exp></and_exp></or_exp>
</condition>

<Node id="119" bw="0" op_0_bw="32" op_1_bw="4">
<![CDATA[
:36  store i32 %tmp_20_i, i32* %state_addr_14, align 4

]]></Node>
<StgValue><ssdm name=""/></StgValue>
</operation>

<operation id="181" st_id="22" stage="1" lat="1">
<core>RAM</core>
<MemPortIdVec></MemPortIdVec>
<condition id="29">
<or_exp><and_exp></and_exp></or_exp>
</condition>

<Node id="128" bw="0" op_0_bw="32" op_1_bw="4">
<![CDATA[
:45  store i32 %tmp_27_i, i32* %state_addr_15, align 4

]]></Node>
<StgValue><ssdm name=""/></StgValue>
</operation>

<operation id="182" st_id="22" stage="1" lat="1">
<core>NULL</core>
<MemPortIdVec></MemPortIdVec>
<condition id="29">
<or_exp><and_exp></and_exp></or_exp>
</condition>

<Node id="129" bw="0" op_0_bw="0">
<![CDATA[
:46  br label %3

]]></Node>
<StgValue><ssdm name=""/></StgValue>
</operation>
</state>

<state id="23" st_id="23">

<operation id="183" st_id="23" stage="1" lat="2">
<core></core>
<MemPortIdVec></MemPortIdVec>
<condition id="30">
<or_exp><and_exp></and_exp></or_exp>
</condition>

<Node id="132" bw="0" op_0_bw="0" op_1_bw="6" op_2_bw="32" op_3_bw="8">
<![CDATA[
MixColumns.exit:1  call fastcc void @AddRoundKey(i6 %round_cast6_cast, [16 x i32]* %state, [240 x i8]* %RoundKey) nounwind

]]></Node>
<StgValue><ssdm name=""/></StgValue>
</operation>

<operation id="184" st_id="23" stage="1" lat="1">
<core>NULL</core>
<MemPortIdVec></MemPortIdVec>
<condition id="30">
<or_exp><and_exp></and_exp></or_exp>
</condition>

<Node id="134" bw="0" op_0_bw="0">
<![CDATA[
MixColumns.exit:3  br label %1

]]></Node>
<StgValue><ssdm name=""/></StgValue>
</operation>
</state>

<state id="24" st_id="24">

<operation id="185" st_id="24" stage="1" lat="2">
<core></core>
<MemPortIdVec></MemPortIdVec>
<condition id="31">
<or_exp><and_exp></and_exp></or_exp>
</condition>

<Node id="136" bw="0" op_0_bw="0" op_1_bw="32">
<![CDATA[
:0  call fastcc void @SubBytes([16 x i32]* %state) nounwind

]]></Node>
<StgValue><ssdm name=""/></StgValue>
</operation>
</state>

<state id="25" st_id="25">

<operation id="186" st_id="25" stage="2" lat="2">
<core>RAM</core>
<MemPortIdVec></MemPortIdVec>
<condition id="32">
<or_exp><and_exp></and_exp></or_exp>
</condition>

<Node id="137" bw="32" op_0_bw="4">
<![CDATA[
:1  %state_load = load i32* %state_addr, align 4

]]></Node>
<StgValue><ssdm name="state_load"/></StgValue>
</operation>

<operation id="187" st_id="25" stage="2" lat="2">
<core>RAM</core>
<MemPortIdVec></MemPortIdVec>
<condition id="32">
<or_exp><and_exp></and_exp></or_exp>
</condition>

<Node id="139" bw="32" op_0_bw="4">
<![CDATA[
:3  %state_load_1 = load i32* %state_addr_1, align 4

]]></Node>
<StgValue><ssdm name="state_load_1"/></StgValue>
</operation>
</state>

<state id="26" st_id="26">

<operation id="188" st_id="26" stage="1" lat="2">
<core>RAM</core>
<MemPortIdVec></MemPortIdVec>
<condition id="33">
<or_exp><and_exp></and_exp></or_exp>
</condition>

<Node id="137" bw="32" op_0_bw="4">
<![CDATA[
:1  %state_load = load i32* %state_addr, align 4

]]></Node>
<StgValue><ssdm name="state_load"/></StgValue>
</operation>

<operation id="189" st_id="26" stage="1" lat="1">
<core>NULL</core>
<MemPortIdVec></MemPortIdVec>
<condition id="33">
<or_exp><and_exp></and_exp></or_exp>
</condition>

<Node id="138" bw="8" op_0_bw="32">
<![CDATA[
:2  %temp = trunc i32 %state_load to i8

]]></Node>
<StgValue><ssdm name="temp"/></StgValue>
</operation>

<operation id="190" st_id="26" stage="1" lat="2">
<core>RAM</core>
<MemPortIdVec></MemPortIdVec>
<condition id="33">
<or_exp><and_exp></and_exp></or_exp>
</condition>

<Node id="139" bw="32" op_0_bw="4">
<![CDATA[
:3  %state_load_1 = load i32* %state_addr_1, align 4

]]></Node>
<StgValue><ssdm name="state_load_1"/></StgValue>
</operation>

<operation id="191" st_id="26" stage="2" lat="2">
<core>RAM</core>
<MemPortIdVec></MemPortIdVec>
<condition id="33">
<or_exp><and_exp></and_exp></or_exp>
</condition>

<Node id="141" bw="32" op_0_bw="4">
<![CDATA[
:5  %state_load_2 = load i32* %state_addr_2, align 4

]]></Node>
<StgValue><ssdm name="state_load_2"/></StgValue>
</operation>

<operation id="192" st_id="26" stage="2" lat="2">
<core>RAM</core>
<MemPortIdVec></MemPortIdVec>
<condition id="33">
<or_exp><and_exp></and_exp></or_exp>
</condition>

<Node id="143" bw="32" op_0_bw="4">
<![CDATA[
:7  %state_load_3 = load i32* %state_addr_3, align 4

]]></Node>
<StgValue><ssdm name="state_load_3"/></StgValue>
</operation>
</state>

<state id="27" st_id="27">

<operation id="193" st_id="27" stage="1" lat="2">
<core>RAM</core>
<MemPortIdVec></MemPortIdVec>
<condition id="34">
<or_exp><and_exp></and_exp></or_exp>
</condition>

<Node id="141" bw="32" op_0_bw="4">
<![CDATA[
:5  %state_load_2 = load i32* %state_addr_2, align 4

]]></Node>
<StgValue><ssdm name="state_load_2"/></StgValue>
</operation>

<operation id="194" st_id="27" stage="1" lat="2">
<core>RAM</core>
<MemPortIdVec></MemPortIdVec>
<condition id="34">
<or_exp><and_exp></and_exp></or_exp>
</condition>

<Node id="143" bw="32" op_0_bw="4">
<![CDATA[
:7  %state_load_3 = load i32* %state_addr_3, align 4

]]></Node>
<StgValue><ssdm name="state_load_3"/></StgValue>
</operation>

<operation id="195" st_id="27" stage="2" lat="2">
<core>RAM</core>
<MemPortIdVec></MemPortIdVec>
<condition id="34">
<or_exp><and_exp></and_exp></or_exp>
</condition>

<Node id="147" bw="32" op_0_bw="4">
<![CDATA[
:11  %state_load_4 = load i32* %state_addr_4, align 4

]]></Node>
<StgValue><ssdm name="state_load_4"/></StgValue>
</operation>

<operation id="196" st_id="27" stage="2" lat="2">
<core>RAM</core>
<MemPortIdVec></MemPortIdVec>
<condition id="34">
<or_exp><and_exp></and_exp></or_exp>
</condition>

<Node id="149" bw="32" op_0_bw="4">
<![CDATA[
:13  %state_load_5 = load i32* %state_addr_5, align 4

]]></Node>
<StgValue><ssdm name="state_load_5"/></StgValue>
</operation>
</state>

<state id="28" st_id="28">

<operation id="197" st_id="28" stage="1" lat="2">
<core>RAM</core>
<MemPortIdVec></MemPortIdVec>
<condition id="35">
<or_exp><and_exp></and_exp></or_exp>
</condition>

<Node id="147" bw="32" op_0_bw="4">
<![CDATA[
:11  %state_load_4 = load i32* %state_addr_4, align 4

]]></Node>
<StgValue><ssdm name="state_load_4"/></StgValue>
</operation>

<operation id="198" st_id="28" stage="1" lat="1">
<core>NULL</core>
<MemPortIdVec></MemPortIdVec>
<condition id="35">
<or_exp><and_exp></and_exp></or_exp>
</condition>

<Node id="148" bw="8" op_0_bw="32">
<![CDATA[
:12  %temp_1 = trunc i32 %state_load_4 to i8

]]></Node>
<StgValue><ssdm name="temp_1"/></StgValue>
</operation>

<operation id="199" st_id="28" stage="1" lat="2">
<core>RAM</core>
<MemPortIdVec></MemPortIdVec>
<condition id="35">
<or_exp><and_exp></and_exp></or_exp>
</condition>

<Node id="149" bw="32" op_0_bw="4">
<![CDATA[
:13  %state_load_5 = load i32* %state_addr_5, align 4

]]></Node>
<StgValue><ssdm name="state_load_5"/></StgValue>
</operation>

<operation id="200" st_id="28" stage="2" lat="2">
<core>RAM</core>
<MemPortIdVec></MemPortIdVec>
<condition id="35">
<or_exp><and_exp></and_exp></or_exp>
</condition>

<Node id="153" bw="32" op_0_bw="4">
<![CDATA[
:17  %state_load_6 = load i32* %state_addr_6, align 4

]]></Node>
<StgValue><ssdm name="state_load_6"/></StgValue>
</operation>

<operation id="201" st_id="28" stage="2" lat="2">
<core>RAM</core>
<MemPortIdVec></MemPortIdVec>
<condition id="35">
<or_exp><and_exp></and_exp></or_exp>
</condition>

<Node id="155" bw="32" op_0_bw="4">
<![CDATA[
:19  %state_load_7 = load i32* %state_addr_7, align 4

]]></Node>
<StgValue><ssdm name="state_load_7"/></StgValue>
</operation>
</state>

<state id="29" st_id="29">

<operation id="202" st_id="29" stage="1" lat="2">
<core>RAM</core>
<MemPortIdVec></MemPortIdVec>
<condition id="36">
<or_exp><and_exp></and_exp></or_exp>
</condition>

<Node id="153" bw="32" op_0_bw="4">
<![CDATA[
:17  %state_load_6 = load i32* %state_addr_6, align 4

]]></Node>
<StgValue><ssdm name="state_load_6"/></StgValue>
</operation>

<operation id="203" st_id="29" stage="1" lat="1">
<core>NULL</core>
<MemPortIdVec></MemPortIdVec>
<condition id="36">
<or_exp><and_exp></and_exp></or_exp>
</condition>

<Node id="154" bw="8" op_0_bw="32">
<![CDATA[
:18  %temp_2 = trunc i32 %state_load_6 to i8

]]></Node>
<StgValue><ssdm name="temp_2"/></StgValue>
</operation>

<operation id="204" st_id="29" stage="1" lat="2">
<core>RAM</core>
<MemPortIdVec></MemPortIdVec>
<condition id="36">
<or_exp><and_exp></and_exp></or_exp>
</condition>

<Node id="155" bw="32" op_0_bw="4">
<![CDATA[
:19  %state_load_7 = load i32* %state_addr_7, align 4

]]></Node>
<StgValue><ssdm name="state_load_7"/></StgValue>
</operation>

<operation id="205" st_id="29" stage="2" lat="2">
<core>RAM</core>
<MemPortIdVec></MemPortIdVec>
<condition id="36">
<or_exp><and_exp></and_exp></or_exp>
</condition>

<Node id="159" bw="32" op_0_bw="4">
<![CDATA[
:23  %state_load_8 = load i32* %state_addr_8, align 4

]]></Node>
<StgValue><ssdm name="state_load_8"/></StgValue>
</operation>

<operation id="206" st_id="29" stage="2" lat="2">
<core>RAM</core>
<MemPortIdVec></MemPortIdVec>
<condition id="36">
<or_exp><and_exp></and_exp></or_exp>
</condition>

<Node id="161" bw="32" op_0_bw="4">
<![CDATA[
:25  %state_load_9 = load i32* %state_addr_9, align 4

]]></Node>
<StgValue><ssdm name="state_load_9"/></StgValue>
</operation>
</state>

<state id="30" st_id="30">

<operation id="207" st_id="30" stage="1" lat="2">
<core>RAM</core>
<MemPortIdVec></MemPortIdVec>
<condition id="37">
<or_exp><and_exp></and_exp></or_exp>
</condition>

<Node id="159" bw="32" op_0_bw="4">
<![CDATA[
:23  %state_load_8 = load i32* %state_addr_8, align 4

]]></Node>
<StgValue><ssdm name="state_load_8"/></StgValue>
</operation>

<operation id="208" st_id="30" stage="1" lat="1">
<core>NULL</core>
<MemPortIdVec></MemPortIdVec>
<condition id="37">
<or_exp><and_exp></and_exp></or_exp>
</condition>

<Node id="160" bw="8" op_0_bw="32">
<![CDATA[
:24  %temp_3 = trunc i32 %state_load_8 to i8

]]></Node>
<StgValue><ssdm name="temp_3"/></StgValue>
</operation>

<operation id="209" st_id="30" stage="1" lat="2">
<core>RAM</core>
<MemPortIdVec></MemPortIdVec>
<condition id="37">
<or_exp><and_exp></and_exp></or_exp>
</condition>

<Node id="161" bw="32" op_0_bw="4">
<![CDATA[
:25  %state_load_9 = load i32* %state_addr_9, align 4

]]></Node>
<StgValue><ssdm name="state_load_9"/></StgValue>
</operation>

<operation id="210" st_id="30" stage="2" lat="2">
<core>RAM</core>
<MemPortIdVec></MemPortIdVec>
<condition id="37">
<or_exp><and_exp></and_exp></or_exp>
</condition>

<Node id="163" bw="32" op_0_bw="4">
<![CDATA[
:27  %state_load_10 = load i32* %state_addr_10, align 4

]]></Node>
<StgValue><ssdm name="state_load_10"/></StgValue>
</operation>

<operation id="211" st_id="30" stage="2" lat="2">
<core>RAM</core>
<MemPortIdVec></MemPortIdVec>
<condition id="37">
<or_exp><and_exp></and_exp></or_exp>
</condition>

<Node id="165" bw="32" op_0_bw="4">
<![CDATA[
:29  %state_load_11 = load i32* %state_addr_11, align 4

]]></Node>
<StgValue><ssdm name="state_load_11"/></StgValue>
</operation>
</state>

<state id="31" st_id="31">

<operation id="212" st_id="31" stage="1" lat="1">
<core>RAM</core>
<MemPortIdVec></MemPortIdVec>
<condition id="38">
<or_exp><and_exp></and_exp></or_exp>
</condition>

<Node id="140" bw="0" op_0_bw="32" op_1_bw="4">
<![CDATA[
:4  store i32 %state_load_1, i32* %state_addr, align 4

]]></Node>
<StgValue><ssdm name=""/></StgValue>
</operation>

<operation id="213" st_id="31" stage="1" lat="1">
<core>RAM</core>
<MemPortIdVec></MemPortIdVec>
<condition id="38">
<or_exp><and_exp></and_exp></or_exp>
</condition>

<Node id="142" bw="0" op_0_bw="32" op_1_bw="4">
<![CDATA[
:6  store i32 %state_load_2, i32* %state_addr_1, align 4

]]></Node>
<StgValue><ssdm name=""/></StgValue>
</operation>

<operation id="214" st_id="31" stage="1" lat="2">
<core>RAM</core>
<MemPortIdVec></MemPortIdVec>
<condition id="38">
<or_exp><and_exp></and_exp></or_exp>
</condition>

<Node id="163" bw="32" op_0_bw="4">
<![CDATA[
:27  %state_load_10 = load i32* %state_addr_10, align 4

]]></Node>
<StgValue><ssdm name="state_load_10"/></StgValue>
</operation>

<operation id="215" st_id="31" stage="1" lat="2">
<core>RAM</core>
<MemPortIdVec></MemPortIdVec>
<condition id="38">
<or_exp><and_exp></and_exp></or_exp>
</condition>

<Node id="165" bw="32" op_0_bw="4">
<![CDATA[
:29  %state_load_11 = load i32* %state_addr_11, align 4

]]></Node>
<StgValue><ssdm name="state_load_11"/></StgValue>
</operation>
</state>

<state id="32" st_id="32">

<operation id="216" st_id="32" stage="1" lat="1">
<core>RAM</core>
<MemPortIdVec></MemPortIdVec>
<condition id="39">
<or_exp><and_exp></and_exp></or_exp>
</condition>

<Node id="144" bw="0" op_0_bw="32" op_1_bw="4">
<![CDATA[
:8  store i32 %state_load_3, i32* %state_addr_2, align 4

]]></Node>
<StgValue><ssdm name=""/></StgValue>
</operation>

<operation id="217" st_id="32" stage="1" lat="1">
<core>NULL</core>
<MemPortIdVec></MemPortIdVec>
<condition id="39">
<or_exp><and_exp></and_exp></or_exp>
</condition>

<Node id="145" bw="32" op_0_bw="8">
<![CDATA[
:9  %tmp_i1 = zext i8 %temp to i32

]]></Node>
<StgValue><ssdm name="tmp_i1"/></StgValue>
</operation>

<operation id="218" st_id="32" stage="1" lat="1">
<core>RAM</core>
<MemPortIdVec></MemPortIdVec>
<condition id="39">
<or_exp><and_exp></and_exp></or_exp>
</condition>

<Node id="146" bw="0" op_0_bw="32" op_1_bw="4">
<![CDATA[
:10  store i32 %tmp_i1, i32* %state_addr_3, align 4

]]></Node>
<StgValue><ssdm name=""/></StgValue>
</operation>
</state>

<state id="33" st_id="33">

<operation id="219" st_id="33" stage="1" lat="1">
<core>RAM</core>
<MemPortIdVec></MemPortIdVec>
<condition id="40">
<or_exp><and_exp></and_exp></or_exp>
</condition>

<Node id="150" bw="0" op_0_bw="32" op_1_bw="4">
<![CDATA[
:14  store i32 %state_load_5, i32* %state_addr_4, align 4

]]></Node>
<StgValue><ssdm name=""/></StgValue>
</operation>

<operation id="220" st_id="33" stage="1" lat="1">
<core>NULL</core>
<MemPortIdVec></MemPortIdVec>
<condition id="40">
<or_exp><and_exp></and_exp></or_exp>
</condition>

<Node id="151" bw="32" op_0_bw="8">
<![CDATA[
:15  %tmp_2_i1 = zext i8 %temp_1 to i32

]]></Node>
<StgValue><ssdm name="tmp_2_i1"/></StgValue>
</operation>

<operation id="221" st_id="33" stage="1" lat="1">
<core>RAM</core>
<MemPortIdVec></MemPortIdVec>
<condition id="40">
<or_exp><and_exp></and_exp></or_exp>
</condition>

<Node id="152" bw="0" op_0_bw="32" op_1_bw="4">
<![CDATA[
:16  store i32 %tmp_2_i1, i32* %state_addr_5, align 4

]]></Node>
<StgValue><ssdm name=""/></StgValue>
</operation>
</state>

<state id="34" st_id="34">

<operation id="222" st_id="34" stage="1" lat="1">
<core>RAM</core>
<MemPortIdVec></MemPortIdVec>
<condition id="41">
<or_exp><and_exp></and_exp></or_exp>
</condition>

<Node id="156" bw="0" op_0_bw="32" op_1_bw="4">
<![CDATA[
:20  store i32 %state_load_7, i32* %state_addr_6, align 4

]]></Node>
<StgValue><ssdm name=""/></StgValue>
</operation>

<operation id="223" st_id="34" stage="1" lat="1">
<core>NULL</core>
<MemPortIdVec></MemPortIdVec>
<condition id="41">
<or_exp><and_exp></and_exp></or_exp>
</condition>

<Node id="157" bw="32" op_0_bw="8">
<![CDATA[
:21  %tmp_3_i1 = zext i8 %temp_2 to i32

]]></Node>
<StgValue><ssdm name="tmp_3_i1"/></StgValue>
</operation>

<operation id="224" st_id="34" stage="1" lat="1">
<core>RAM</core>
<MemPortIdVec></MemPortIdVec>
<condition id="41">
<or_exp><and_exp></and_exp></or_exp>
</condition>

<Node id="158" bw="0" op_0_bw="32" op_1_bw="4">
<![CDATA[
:22  store i32 %tmp_3_i1, i32* %state_addr_7, align 4

]]></Node>
<StgValue><ssdm name=""/></StgValue>
</operation>
</state>

<state id="35" st_id="35">

<operation id="225" st_id="35" stage="1" lat="1">
<core>RAM</core>
<MemPortIdVec></MemPortIdVec>
<condition id="42">
<or_exp><and_exp></and_exp></or_exp>
</condition>

<Node id="162" bw="0" op_0_bw="32" op_1_bw="4">
<![CDATA[
:26  store i32 %state_load_9, i32* %state_addr_8, align 4

]]></Node>
<StgValue><ssdm name=""/></StgValue>
</operation>

<operation id="226" st_id="35" stage="1" lat="1">
<core>RAM</core>
<MemPortIdVec></MemPortIdVec>
<condition id="42">
<or_exp><and_exp></and_exp></or_exp>
</condition>

<Node id="164" bw="0" op_0_bw="32" op_1_bw="4">
<![CDATA[
:28  store i32 %state_load_10, i32* %state_addr_9, align 4

]]></Node>
<StgValue><ssdm name=""/></StgValue>
</operation>
</state>

<state id="36" st_id="36">

<operation id="227" st_id="36" stage="1" lat="1">
<core>RAM</core>
<MemPortIdVec></MemPortIdVec>
<condition id="43">
<or_exp><and_exp></and_exp></or_exp>
</condition>

<Node id="166" bw="0" op_0_bw="32" op_1_bw="4">
<![CDATA[
:30  store i32 %state_load_11, i32* %state_addr_10, align 4

]]></Node>
<StgValue><ssdm name=""/></StgValue>
</operation>

<operation id="228" st_id="36" stage="1" lat="1">
<core>NULL</core>
<MemPortIdVec></MemPortIdVec>
<condition id="43">
<or_exp><and_exp></and_exp></or_exp>
</condition>

<Node id="167" bw="32" op_0_bw="8">
<![CDATA[
:31  %tmp_4_i1 = zext i8 %temp_3 to i32

]]></Node>
<StgValue><ssdm name="tmp_4_i1"/></StgValue>
</operation>

<operation id="229" st_id="36" stage="1" lat="1">
<core>RAM</core>
<MemPortIdVec></MemPortIdVec>
<condition id="43">
<or_exp><and_exp></and_exp></or_exp>
</condition>

<Node id="168" bw="0" op_0_bw="32" op_1_bw="4">
<![CDATA[
:32  store i32 %tmp_4_i1, i32* %state_addr_11, align 4

]]></Node>
<StgValue><ssdm name=""/></StgValue>
</operation>
</state>

<state id="37" st_id="37">

<operation id="230" st_id="37" stage="2" lat="2">
<core></core>
<MemPortIdVec></MemPortIdVec>
<condition id="44">
<or_exp><and_exp></and_exp></or_exp>
</condition>

<Node id="169" bw="0" op_0_bw="0" op_1_bw="6" op_2_bw="32" op_3_bw="8">
<![CDATA[
:33  call fastcc void @AddRoundKey(i6 10, [16 x i32]* %state, [240 x i8]* %RoundKey) nounwind

]]></Node>
<StgValue><ssdm name=""/></StgValue>
</operation>
</state>

<state id="38" st_id="38">

<operation id="231" st_id="38" stage="1" lat="2">
<core></core>
<MemPortIdVec></MemPortIdVec>
<condition id="45">
<or_exp><and_exp></and_exp></or_exp>
</condition>

<Node id="169" bw="0" op_0_bw="0" op_1_bw="6" op_2_bw="32" op_3_bw="8">
<![CDATA[
:33  call fastcc void @AddRoundKey(i6 10, [16 x i32]* %state, [240 x i8]* %RoundKey) nounwind

]]></Node>
<StgValue><ssdm name=""/></StgValue>
</operation>

<operation id="232" st_id="38" stage="1" lat="1">
<core>NULL</core>
<MemPortIdVec></MemPortIdVec>
<condition id="45">
<or_exp><and_exp></and_exp></or_exp>
</condition>

<Node id="170" bw="0">
<![CDATA[
:34  ret void

]]></Node>
<StgValue><ssdm name=""/></StgValue>
</operation>
</state>
</state_list>


<ports>
</ports>


<dataflows>
</dataflows>


</stg>
