<profile>

<section name = "Vivado HLS Report for 'Cipher'" level="0">
<item name = "Date">Fri Apr  6 16:31:28 2018
</item>
<item name = "Version">2017.2 (Build 1909853 on Thu Jun 15 18:55:24 MDT 2017)</item>
<item name = "Project">deutero</item>
<item name = "Solution">solution1</item>
<item name = "Product family">zynquplus</item>
<item name = "Target device">xczu7eg-ffvf1517-1lv-i</item>
</section>

<section name = "Performance Estimates" level="0">
<item name = "Timing (ns)">
<section name = "" level="1">
<item name = "Summary"><table name="" hasTotal="0">
<keys size="4">Clock, Target, Estimated, Uncertainty</keys>
<column name="ap_clk">10.00, 2.70, 1.25</column>
</table>
</item>
</section>
</item>
<item name = "Latency (clock cycles)">
<section name = "" level="1">
<item name = "Summary"><table name="" hasTotal="0">
<keys size="6">, min, max, min, max, Type</keys>
<column name="">1862, 1862, 1863, 1863, none</column>
</table>
</item>
<item name = "Detail">
<section name = "" level="1">
<item name = "Instance"><table name="" hasTotal="0">
<keys size="7">Instance, Module, min, max, min, max, Type</keys>
<column name="grp_KeyExpansion_fu_244">KeyExpansion, 534, 534, 534, 534, none</column>
<column name="grp_AddRoundKey_fu_256">AddRoundKey, 41, 41, 41, 41, none</column>
<column name="grp_SubBytes_fu_266">SubBytes, 57, 57, 57, 57, none</column>
</table>
</item>
<item name = "Loop"><table name="" hasTotal="0">
<keys size="8">Loop Name, min, max, Latency, achieved, target, Count, Pipelined</keys>
<column name="- Loop 1">1170, 1170, 130, -, -, 9, no</column>
<column name=" + Loop 1.1">16, 16, 4, -, -, 4, no</column>
</table>
</item>
</section>
</item>
</section>
</item>
</section>

<section name = "Utilization Estimates" level="0">
<item name = "Summary"><table name="" hasTotal="1">
<keys size="6">Name, BRAM_18K, DSP48E, FF, LUT, URAM</keys>
<column name="DSP">-, -, -, -, -</column>
<column name="Expression">-, -, 68, 304, -</column>
<column name="FIFO">-, -, -, -, -</column>
<column name="Instance">4, -, 563, 794, -</column>
<column name="Memory">1, -, 0, 0, -</column>
<column name="Multiplexer">-, -, -, 575, -</column>
<column name="Register">-, -, 409, -, -</column>
<specialColumn name="Available">624, 1728, 460800, 230400, 96</specialColumn>
<specialColumn name="Utilization (%)">~0, 0, ~0, ~0, 0</specialColumn>
</table>
</item>
<item name = "Detail">
<section name = "" level="1">
<item name = "Instance"><table name="" hasTotal="1">
<keys size="6">Instance, Module, BRAM_18K, DSP48E, FF, LUT</keys>
<column name="grp_AddRoundKey_fu_256">AddRoundKey, 0, 0, 105, 140</column>
<column name="grp_KeyExpansion_fu_244">KeyExpansion, 3, 0, 383, 554</column>
<column name="grp_SubBytes_fu_266">SubBytes, 1, 0, 75, 100</column>
</table>
</item>
<item name = "DSP48"><table name="" hasTotal="0">
<keys size="3">Instance, Module, Expression</keys>
</table>
</item>
<item name = "Memory"><table name="" hasTotal="1">
<keys size="9">Memory, Module, BRAM_18K, FF, LUT, Words, Bits, Banks, W*Bits*Banks</keys>
<column name="RoundKey_U">Cipher_RoundKey, 1, 0, 0, 240, 8, 1, 1920</column>
</table>
</item>
<item name = "FIFO"><table name="" hasTotal="1">
<keys size="7">Name, BRAM_18K, FF, LUT, Depth, Bits, Size:D*B</keys>
</table>
</item>
<item name = "Expression"><table name="" hasTotal="1">
<keys size="7">Variable Name, Operation, DSP48E, FF, LUT, Bitwidth P0, Bitwidth P1</keys>
<column name="i_fu_396_p2">+, 0, 14, 9, 3, 1</column>
<column name="round_1_fu_407_p2">+, 0, 17, 10, 4, 1</column>
<column name="tmp_18_fu_379_p2">+, 0, 20, 11, 5, 4</column>
<column name="tmp_s_fu_359_p2">+, 0, 17, 10, 4, 3</column>
<column name="exitcond_fu_308_p2">icmp, 0, 0, 2, 4, 4</column>
<column name="exitcond_i_fu_390_p2">icmp, 0, 0, 2, 3, 4</column>
<column name="tmp_16_i_cast_cast_fu_560_p3">select, 0, 0, 5, 1, 5</column>
<column name="tmp_23_i_cast_cast_fu_609_p3">select, 0, 0, 5, 1, 5</column>
<column name="tmp_5_i_cast_cast_fu_509_p3">select, 0, 0, 5, 1, 5</column>
<column name="tmp_9_i_cast_cast_fu_459_p3">select, 0, 0, 5, 1, 5</column>
<column name="Tm_1_fu_490_p2">xor, 0, 0, 8, 8, 8</column>
<column name="Tm_2_fu_540_p2">xor, 0, 0, 8, 8, 8</column>
<column name="Tm_3_fu_590_p2">xor, 0, 0, 8, 8, 8</column>
<column name="Tm_fu_425_p2">xor, 0, 0, 8, 8, 8</column>
<column name="Tmp_fu_439_p2">xor, 0, 0, 8, 8, 8</column>
<column name="tmp1_fu_467_p2">xor, 0, 0, 8, 8, 8</column>
<column name="tmp2_fu_517_p2">xor, 0, 0, 8, 8, 8</column>
<column name="tmp3_fu_568_p2">xor, 0, 0, 8, 8, 8</column>
<column name="tmp4_fu_617_p2">xor, 0, 0, 8, 8, 8</column>
<column name="tmp_11_i_fu_523_p2">xor, 0, 0, 8, 8, 8</column>
<column name="tmp_13_i_fu_533_p2">xor, 0, 0, 32, 32, 32</column>
<column name="tmp_18_i_fu_574_p2">xor, 0, 0, 8, 8, 8</column>
<column name="tmp_20_i_fu_584_p2">xor, 0, 0, 32, 32, 32</column>
<column name="tmp_25_i_fu_623_p2">xor, 0, 0, 8, 8, 8</column>
<column name="tmp_27_i_fu_633_p2">xor, 0, 0, 32, 32, 32</column>
<column name="tmp_2_i6_fu_483_p2">xor, 0, 0, 32, 32, 32</column>
<column name="tmp_fu_433_p2">xor, 0, 0, 8, 8, 8</column>
<column name="tmp_i_37_fu_473_p2">xor, 0, 0, 8, 8, 8</column>
</table>
</item>
<item name = "Multiplexer"><table name="" hasTotal="1">
<keys size="5">Name, LUT, Input Size, Bits, Total Bits</keys>
<column name="RoundKey_address0">15, 3, 8, 24</column>
<column name="RoundKey_ce0">15, 3, 1, 3</column>
<column name="RoundKey_ce1">9, 2, 1, 2</column>
<column name="RoundKey_we0">9, 2, 1, 2</column>
<column name="RoundKey_we1">9, 2, 1, 2</column>
<column name="ap_NS_fsm">174, 39, 1, 39</column>
<column name="grp_AddRoundKey_fu_256_round">21, 4, 6, 24</column>
<column name="i_i_reg_233">9, 2, 3, 6</column>
<column name="reg_274">9, 2, 32, 64</column>
<column name="reg_281">9, 2, 32, 64</column>
<column name="round_reg_221">9, 2, 4, 8</column>
<column name="state_address0">65, 12, 4, 48</column>
<column name="state_address1">55, 10, 4, 40</column>
<column name="state_ce0">21, 4, 1, 4</column>
<column name="state_d0">60, 11, 32, 352</column>
<column name="state_d1">65, 13, 32, 416</column>
<column name="state_we0">21, 4, 1, 4</column>
</table>
</item>
<item name = "Register"><table name="" hasTotal="1">
<keys size="5">Name, FF, LUT, Bits, Const Bits</keys>
<column name="ap_CS_fsm">38, 0, 38, 0</column>
<column name="ap_reg_grp_AddRoundKey_fu_256_ap_start">1, 0, 1, 0</column>
<column name="ap_reg_grp_KeyExpansion_fu_244_ap_start">1, 0, 1, 0</column>
<column name="ap_reg_grp_SubBytes_fu_266_ap_start">1, 0, 1, 0</column>
<column name="i_i_reg_233">3, 0, 3, 0</column>
<column name="i_reg_777">3, 0, 3, 0</column>
<column name="reg_274">32, 0, 32, 0</column>
<column name="reg_281">32, 0, 32, 0</column>
<column name="reg_288">32, 0, 32, 0</column>
<column name="reg_293">32, 0, 32, 0</column>
<column name="reg_298">32, 0, 32, 0</column>
<column name="reg_303">32, 0, 32, 0</column>
<column name="round_1_reg_787">4, 0, 4, 0</column>
<column name="round_cast6_cast_reg_782">4, 0, 6, 2</column>
<column name="round_reg_221">4, 0, 4, 0</column>
<column name="state_addr_12_reg_754">3, 0, 4, 1</column>
<column name="state_addr_13_reg_759">4, 0, 4, 0</column>
<column name="state_addr_14_reg_764">3, 0, 4, 1</column>
<column name="state_addr_15_reg_769">4, 0, 4, 0</column>
<column name="t_reg_792">8, 0, 8, 0</column>
<column name="temp_1_reg_819">8, 0, 8, 0</column>
<column name="temp_2_reg_824">8, 0, 8, 0</column>
<column name="temp_3_reg_829">8, 0, 8, 0</column>
<column name="temp_4_reg_734">8, 0, 8, 0</column>
<column name="temp_5_reg_739">8, 0, 8, 0</column>
<column name="temp_6_reg_744">8, 0, 8, 0</column>
<column name="temp_7_reg_749">8, 0, 8, 0</column>
<column name="temp_reg_814">8, 0, 8, 0</column>
<column name="tmp_20_i_reg_804">32, 0, 32, 0</column>
<column name="tmp_27_i_reg_809">32, 0, 32, 0</column>
<column name="tmp_31_reg_798">8, 0, 8, 0</column>
</table>
</item>
</section>
</item>
</section>

<section name = "Interface" level="0">
<item name = "Summary"><table name="" hasTotal="0">
<keys size="6">RTL Ports, Dir, Bits, Protocol, Source Object, C Type</keys>
<column name="ap_clk">in, 1, ap_ctrl_hs, Cipher, return value</column>
<column name="ap_rst">in, 1, ap_ctrl_hs, Cipher, return value</column>
<column name="ap_start">in, 1, ap_ctrl_hs, Cipher, return value</column>
<column name="ap_done">out, 1, ap_ctrl_hs, Cipher, return value</column>
<column name="ap_idle">out, 1, ap_ctrl_hs, Cipher, return value</column>
<column name="ap_ready">out, 1, ap_ctrl_hs, Cipher, return value</column>
<column name="state_address0">out, 4, ap_memory, state, array</column>
<column name="state_ce0">out, 1, ap_memory, state, array</column>
<column name="state_we0">out, 1, ap_memory, state, array</column>
<column name="state_d0">out, 32, ap_memory, state, array</column>
<column name="state_q0">in, 32, ap_memory, state, array</column>
<column name="state_address1">out, 4, ap_memory, state, array</column>
<column name="state_ce1">out, 1, ap_memory, state, array</column>
<column name="state_we1">out, 1, ap_memory, state, array</column>
<column name="state_d1">out, 32, ap_memory, state, array</column>
<column name="state_q1">in, 32, ap_memory, state, array</column>
<column name="Key_address0">out, 5, ap_memory, Key, array</column>
<column name="Key_ce0">out, 1, ap_memory, Key, array</column>
<column name="Key_q0">in, 32, ap_memory, Key, array</column>
<column name="Key_address1">out, 5, ap_memory, Key, array</column>
<column name="Key_ce1">out, 1, ap_memory, Key, array</column>
<column name="Key_q1">in, 32, ap_memory, Key, array</column>
</table>
</item>
</section>
</profile>
