<stg><name>KeyExpansion</name>


<trans_list>

<trans id="161" from="1" to="2">
<condition id="23">
<or_exp><and_exp></and_exp></or_exp>
</condition>
</trans>

<trans id="162" from="2" to="3">
<condition id="24">
<or_exp><and_exp><literal name="exitcond2" val="0"/>
</and_exp></or_exp>
</condition>
</trans>

<trans id="166" from="2" to="5">
<condition id="30">
<or_exp><and_exp><literal name="exitcond2" val="1"/>
</and_exp></or_exp>
</condition>
</trans>

<trans id="164" from="3" to="4">
<condition id="26">
<or_exp><and_exp></and_exp></or_exp>
</condition>
</trans>

<trans id="165" from="4" to="2">
<condition id="28">
<or_exp><and_exp></and_exp></or_exp>
</condition>
</trans>

<trans id="167" from="5" to="6">
<condition id="32">
<or_exp><and_exp><literal name="exitcond1" val="0"/>
</and_exp></or_exp>
</condition>
</trans>

<trans id="168" from="6" to="7">
<condition id="34">
<or_exp><and_exp><literal name="exitcond" val="0"/>
</and_exp></or_exp>
</condition>
</trans>

<trans id="169" from="6" to="8">
<condition id="33">
<or_exp><and_exp><literal name="exitcond" val="1"/>
</and_exp></or_exp>
</condition>
</trans>

<trans id="171" from="7" to="6">
<condition id="37">
<or_exp><and_exp></and_exp></or_exp>
</condition>
</trans>

<trans id="173" from="8" to="9">
<condition id="39">
<or_exp><and_exp></and_exp></or_exp>
</condition>
</trans>

<trans id="174" from="9" to="10">
<condition id="40">
<or_exp><and_exp></and_exp></or_exp>
</condition>
</trans>

<trans id="175" from="10" to="5">
<condition id="42">
<or_exp><and_exp></and_exp></or_exp>
</condition>
</trans>
</trans_list>



<state_list>

<state id="1" st_id="1">

<operation id="11" st_id="1" stage="1" lat="1">
<core>NULL</core>
<MemPortIdVec></MemPortIdVec>
<condition id="0">
<or_exp><and_exp></and_exp></or_exp>
</condition>

<Node id="5" bw="0" op_0_bw="0">
<![CDATA[
:0  br label %1

]]></Node>
<StgValue><ssdm name=""/></StgValue>
</operation>
</state>

<state id="2" st_id="2">

<operation id="12" st_id="2" stage="1" lat="1">
<core>NULL</core>
<MemPortIdVec></MemPortIdVec>
<condition id="1">
<or_exp><and_exp></and_exp></or_exp>
</condition>

<Node id="7" bw="3" op_0_bw="3" op_1_bw="0">
<![CDATA[
:0  %i = phi i3 [ 0, %0 ], [ %tmp_7, %2 ]

]]></Node>
<StgValue><ssdm name="i"/></StgValue>
</operation>

<operation id="13" st_id="2" stage="1" lat="1">
<core>Cmp</core>
<MemPortIdVec></MemPortIdVec>
<condition id="1">
<or_exp><and_exp></and_exp></or_exp>
</condition>

<Node id="8" bw="1" op_0_bw="3" op_1_bw="3">
<![CDATA[
:1  %exitcond2 = icmp eq i3 %i, -4

]]></Node>
<StgValue><ssdm name="exitcond2"/></StgValue>
</operation>

<operation id="14" st_id="2" stage="1" lat="1">
<core>NULL</core>
<MemPortIdVec></MemPortIdVec>
<condition id="1">
<or_exp><and_exp></and_exp></or_exp>
</condition>

<Node id="9" bw="32" op_0_bw="32" op_1_bw="64" op_2_bw="64" op_3_bw="64">
<![CDATA[
:2  %empty = call i32 (...)* @_ssdm_op_SpecLoopTripCount(i64 4, i64 4, i64 4)

]]></Node>
<StgValue><ssdm name="empty"/></StgValue>
</operation>

<operation id="15" st_id="2" stage="1" lat="1">
<core>AddSub</core>
<MemPortIdVec></MemPortIdVec>
<condition id="1">
<or_exp><and_exp></and_exp></or_exp>
</condition>

<Node id="10" bw="3" op_0_bw="3" op_1_bw="3">
<![CDATA[
:3  %tmp_7 = add i3 %i, 1

]]></Node>
<StgValue><ssdm name="tmp_7"/></StgValue>
</operation>

<operation id="16" st_id="2" stage="1" lat="1">
<core>NULL</core>
<MemPortIdVec></MemPortIdVec>
<condition id="1">
<or_exp><and_exp></and_exp></or_exp>
</condition>

<Node id="11" bw="0" op_0_bw="1" op_1_bw="0" op_2_bw="0">
<![CDATA[
:4  br i1 %exitcond2, label %.preheader3.preheader, label %2

]]></Node>
<StgValue><ssdm name=""/></StgValue>
</operation>

<operation id="17" st_id="2" stage="1" lat="1">
<core>NULL</core>
<MemPortIdVec></MemPortIdVec>
<condition id="3">
<or_exp><and_exp><literal name="exitcond2" val="0"/>
</and_exp></or_exp>
</condition>

<Node id="13" bw="2" op_0_bw="3">
<![CDATA[
:0  %tmp_2 = trunc i3 %i to i2

]]></Node>
<StgValue><ssdm name="tmp_2"/></StgValue>
</operation>

<operation id="18" st_id="2" stage="1" lat="1">
<core>NULL</core>
<MemPortIdVec></MemPortIdVec>
<condition id="3">
<or_exp><and_exp><literal name="exitcond2" val="0"/>
</and_exp></or_exp>
</condition>

<Node id="14" bw="4" op_0_bw="4" op_1_bw="2" op_2_bw="2">
<![CDATA[
:1  %tmp = call i4 @_ssdm_op_BitConcatenate.i4.i2.i2(i2 %tmp_2, i2 0)

]]></Node>
<StgValue><ssdm name="tmp"/></StgValue>
</operation>

<operation id="19" st_id="2" stage="1" lat="1">
<core>NULL</core>
<MemPortIdVec></MemPortIdVec>
<condition id="3">
<or_exp><and_exp><literal name="exitcond2" val="0"/>
</and_exp></or_exp>
</condition>

<Node id="15" bw="32" op_0_bw="4">
<![CDATA[
:2  %tmp_cast = zext i4 %tmp to i32

]]></Node>
<StgValue><ssdm name="tmp_cast"/></StgValue>
</operation>

<operation id="20" st_id="2" stage="1" lat="1">
<core>NULL</core>
<MemPortIdVec></MemPortIdVec>
<condition id="3">
<or_exp><and_exp><literal name="exitcond2" val="0"/>
</and_exp></or_exp>
</condition>

<Node id="16" bw="5" op_0_bw="32" op_1_bw="32" op_2_bw="32">
<![CDATA[
:3  %Key_addr = getelementptr [32 x i32]* %Key, i32 0, i32 %tmp_cast

]]></Node>
<StgValue><ssdm name="Key_addr"/></StgValue>
</operation>

<operation id="21" st_id="2" stage="2" lat="2">
<core>RAM</core>
<MemPortIdVec>0 </MemPortIdVec>
<condition id="3">
<or_exp><and_exp><literal name="exitcond2" val="0"/>
</and_exp></or_exp>
</condition>

<Node id="17" bw="32" op_0_bw="5">
<![CDATA[
:4  %Key_load = load i32* %Key_addr, align 4

]]></Node>
<StgValue><ssdm name="Key_load"/></StgValue>
</operation>

<operation id="22" st_id="2" stage="1" lat="1">
<core>NULL</core>
<MemPortIdVec></MemPortIdVec>
<condition id="3">
<or_exp><and_exp><literal name="exitcond2" val="0"/>
</and_exp></or_exp>
</condition>

<Node id="21" bw="4" op_0_bw="4" op_1_bw="4">
<![CDATA[
:8  %tmp_1 = or i4 %tmp, 1

]]></Node>
<StgValue><ssdm name="tmp_1"/></StgValue>
</operation>

<operation id="23" st_id="2" stage="1" lat="1">
<core>NULL</core>
<MemPortIdVec></MemPortIdVec>
<condition id="3">
<or_exp><and_exp><literal name="exitcond2" val="0"/>
</and_exp></or_exp>
</condition>

<Node id="22" bw="32" op_0_bw="4">
<![CDATA[
:9  %tmp_1_cast = zext i4 %tmp_1 to i32

]]></Node>
<StgValue><ssdm name="tmp_1_cast"/></StgValue>
</operation>

<operation id="24" st_id="2" stage="1" lat="1">
<core>NULL</core>
<MemPortIdVec></MemPortIdVec>
<condition id="3">
<or_exp><and_exp><literal name="exitcond2" val="0"/>
</and_exp></or_exp>
</condition>

<Node id="23" bw="5" op_0_bw="32" op_1_bw="32" op_2_bw="32">
<![CDATA[
:10  %Key_addr_1 = getelementptr [32 x i32]* %Key, i32 0, i32 %tmp_1_cast

]]></Node>
<StgValue><ssdm name="Key_addr_1"/></StgValue>
</operation>

<operation id="25" st_id="2" stage="2" lat="2">
<core>RAM</core>
<MemPortIdVec>1 </MemPortIdVec>
<condition id="3">
<or_exp><and_exp><literal name="exitcond2" val="0"/>
</and_exp></or_exp>
</condition>

<Node id="24" bw="32" op_0_bw="5">
<![CDATA[
:11  %Key_load_1 = load i32* %Key_addr_1, align 4

]]></Node>
<StgValue><ssdm name="Key_load_1"/></StgValue>
</operation>

<operation id="26" st_id="2" stage="1" lat="1">
<core>NULL</core>
<MemPortIdVec></MemPortIdVec>
<condition id="5">
<or_exp><and_exp><literal name="exitcond2" val="1"/>
</and_exp></or_exp>
</condition>

<Node id="44" bw="0" op_0_bw="0">
<![CDATA[
.preheader3.preheader:0  br label %.preheader3

]]></Node>
<StgValue><ssdm name=""/></StgValue>
</operation>
</state>

<state id="3" st_id="3">

<operation id="27" st_id="3" stage="1" lat="2">
<core>RAM</core>
<MemPortIdVec>0 </MemPortIdVec>
<condition id="6">
<or_exp><and_exp></and_exp></or_exp>
</condition>

<Node id="17" bw="32" op_0_bw="5">
<![CDATA[
:4  %Key_load = load i32* %Key_addr, align 4

]]></Node>
<StgValue><ssdm name="Key_load"/></StgValue>
</operation>

<operation id="28" st_id="3" stage="1" lat="1">
<core>NULL</core>
<MemPortIdVec></MemPortIdVec>
<condition id="6">
<or_exp><and_exp></and_exp></or_exp>
</condition>

<Node id="18" bw="8" op_0_bw="32">
<![CDATA[
:5  %tmp_4 = trunc i32 %Key_load to i8

]]></Node>
<StgValue><ssdm name="tmp_4"/></StgValue>
</operation>

<operation id="29" st_id="3" stage="1" lat="1">
<core>NULL</core>
<MemPortIdVec></MemPortIdVec>
<condition id="6">
<or_exp><and_exp></and_exp></or_exp>
</condition>

<Node id="19" bw="8" op_0_bw="8" op_1_bw="32" op_2_bw="32">
<![CDATA[
:6  %RoundKey_addr = getelementptr [240 x i8]* %RoundKey, i32 0, i32 %tmp_cast

]]></Node>
<StgValue><ssdm name="RoundKey_addr"/></StgValue>
</operation>

<operation id="30" st_id="3" stage="1" lat="1">
<core>RAM</core>
<MemPortIdVec>0 </MemPortIdVec>
<condition id="6">
<or_exp><and_exp></and_exp></or_exp>
</condition>

<Node id="20" bw="0" op_0_bw="8" op_1_bw="8">
<![CDATA[
:7  store i8 %tmp_4, i8* %RoundKey_addr, align 1

]]></Node>
<StgValue><ssdm name=""/></StgValue>
</operation>

<operation id="31" st_id="3" stage="1" lat="2">
<core>RAM</core>
<MemPortIdVec>1 </MemPortIdVec>
<condition id="6">
<or_exp><and_exp></and_exp></or_exp>
</condition>

<Node id="24" bw="32" op_0_bw="5">
<![CDATA[
:11  %Key_load_1 = load i32* %Key_addr_1, align 4

]]></Node>
<StgValue><ssdm name="Key_load_1"/></StgValue>
</operation>

<operation id="32" st_id="3" stage="1" lat="1">
<core>NULL</core>
<MemPortIdVec></MemPortIdVec>
<condition id="6">
<or_exp><and_exp></and_exp></or_exp>
</condition>

<Node id="25" bw="8" op_0_bw="32">
<![CDATA[
:12  %tmp_6 = trunc i32 %Key_load_1 to i8

]]></Node>
<StgValue><ssdm name="tmp_6"/></StgValue>
</operation>

<operation id="33" st_id="3" stage="1" lat="1">
<core>NULL</core>
<MemPortIdVec></MemPortIdVec>
<condition id="6">
<or_exp><and_exp></and_exp></or_exp>
</condition>

<Node id="26" bw="8" op_0_bw="8" op_1_bw="32" op_2_bw="32">
<![CDATA[
:13  %RoundKey_addr_1 = getelementptr [240 x i8]* %RoundKey, i32 0, i32 %tmp_1_cast

]]></Node>
<StgValue><ssdm name="RoundKey_addr_1"/></StgValue>
</operation>

<operation id="34" st_id="3" stage="1" lat="1">
<core>RAM</core>
<MemPortIdVec>1 </MemPortIdVec>
<condition id="6">
<or_exp><and_exp></and_exp></or_exp>
</condition>

<Node id="27" bw="0" op_0_bw="8" op_1_bw="8">
<![CDATA[
:14  store i8 %tmp_6, i8* %RoundKey_addr_1, align 1

]]></Node>
<StgValue><ssdm name=""/></StgValue>
</operation>

<operation id="35" st_id="3" stage="1" lat="1">
<core>NULL</core>
<MemPortIdVec></MemPortIdVec>
<condition id="6">
<or_exp><and_exp></and_exp></or_exp>
</condition>

<Node id="28" bw="4" op_0_bw="4" op_1_bw="4">
<![CDATA[
:15  %tmp_3 = or i4 %tmp, 2

]]></Node>
<StgValue><ssdm name="tmp_3"/></StgValue>
</operation>

<operation id="36" st_id="3" stage="1" lat="1">
<core>NULL</core>
<MemPortIdVec></MemPortIdVec>
<condition id="6">
<or_exp><and_exp></and_exp></or_exp>
</condition>

<Node id="29" bw="32" op_0_bw="4">
<![CDATA[
:16  %tmp_3_cast = zext i4 %tmp_3 to i32

]]></Node>
<StgValue><ssdm name="tmp_3_cast"/></StgValue>
</operation>

<operation id="37" st_id="3" stage="1" lat="1">
<core>NULL</core>
<MemPortIdVec></MemPortIdVec>
<condition id="6">
<or_exp><and_exp></and_exp></or_exp>
</condition>

<Node id="30" bw="5" op_0_bw="32" op_1_bw="32" op_2_bw="32">
<![CDATA[
:17  %Key_addr_2 = getelementptr [32 x i32]* %Key, i32 0, i32 %tmp_3_cast

]]></Node>
<StgValue><ssdm name="Key_addr_2"/></StgValue>
</operation>

<operation id="38" st_id="3" stage="2" lat="2">
<core>RAM</core>
<MemPortIdVec>0 </MemPortIdVec>
<condition id="6">
<or_exp><and_exp></and_exp></or_exp>
</condition>

<Node id="31" bw="32" op_0_bw="5">
<![CDATA[
:18  %Key_load_2 = load i32* %Key_addr_2, align 4

]]></Node>
<StgValue><ssdm name="Key_load_2"/></StgValue>
</operation>

<operation id="39" st_id="3" stage="1" lat="1">
<core>NULL</core>
<MemPortIdVec></MemPortIdVec>
<condition id="6">
<or_exp><and_exp></and_exp></or_exp>
</condition>

<Node id="35" bw="4" op_0_bw="4" op_1_bw="4">
<![CDATA[
:22  %tmp_5 = or i4 %tmp, 3

]]></Node>
<StgValue><ssdm name="tmp_5"/></StgValue>
</operation>

<operation id="40" st_id="3" stage="1" lat="1">
<core>NULL</core>
<MemPortIdVec></MemPortIdVec>
<condition id="6">
<or_exp><and_exp></and_exp></or_exp>
</condition>

<Node id="36" bw="32" op_0_bw="4">
<![CDATA[
:23  %tmp_5_cast = zext i4 %tmp_5 to i32

]]></Node>
<StgValue><ssdm name="tmp_5_cast"/></StgValue>
</operation>

<operation id="41" st_id="3" stage="1" lat="1">
<core>NULL</core>
<MemPortIdVec></MemPortIdVec>
<condition id="6">
<or_exp><and_exp></and_exp></or_exp>
</condition>

<Node id="37" bw="5" op_0_bw="32" op_1_bw="32" op_2_bw="32">
<![CDATA[
:24  %Key_addr_3 = getelementptr [32 x i32]* %Key, i32 0, i32 %tmp_5_cast

]]></Node>
<StgValue><ssdm name="Key_addr_3"/></StgValue>
</operation>

<operation id="42" st_id="3" stage="2" lat="2">
<core>RAM</core>
<MemPortIdVec>1 </MemPortIdVec>
<condition id="6">
<or_exp><and_exp></and_exp></or_exp>
</condition>

<Node id="38" bw="32" op_0_bw="5">
<![CDATA[
:25  %Key_load_3 = load i32* %Key_addr_3, align 4

]]></Node>
<StgValue><ssdm name="Key_load_3"/></StgValue>
</operation>
</state>

<state id="4" st_id="4">

<operation id="43" st_id="4" stage="1" lat="2">
<core>RAM</core>
<MemPortIdVec>0 </MemPortIdVec>
<condition id="7">
<or_exp><and_exp></and_exp></or_exp>
</condition>

<Node id="31" bw="32" op_0_bw="5">
<![CDATA[
:18  %Key_load_2 = load i32* %Key_addr_2, align 4

]]></Node>
<StgValue><ssdm name="Key_load_2"/></StgValue>
</operation>

<operation id="44" st_id="4" stage="1" lat="1">
<core>NULL</core>
<MemPortIdVec></MemPortIdVec>
<condition id="7">
<or_exp><and_exp></and_exp></or_exp>
</condition>

<Node id="32" bw="8" op_0_bw="32">
<![CDATA[
:19  %tmp_18 = trunc i32 %Key_load_2 to i8

]]></Node>
<StgValue><ssdm name="tmp_18"/></StgValue>
</operation>

<operation id="45" st_id="4" stage="1" lat="1">
<core>NULL</core>
<MemPortIdVec></MemPortIdVec>
<condition id="7">
<or_exp><and_exp></and_exp></or_exp>
</condition>

<Node id="33" bw="8" op_0_bw="8" op_1_bw="32" op_2_bw="32">
<![CDATA[
:20  %RoundKey_addr_2 = getelementptr [240 x i8]* %RoundKey, i32 0, i32 %tmp_3_cast

]]></Node>
<StgValue><ssdm name="RoundKey_addr_2"/></StgValue>
</operation>

<operation id="46" st_id="4" stage="1" lat="1">
<core>RAM</core>
<MemPortIdVec>0 </MemPortIdVec>
<condition id="7">
<or_exp><and_exp></and_exp></or_exp>
</condition>

<Node id="34" bw="0" op_0_bw="8" op_1_bw="8">
<![CDATA[
:21  store i8 %tmp_18, i8* %RoundKey_addr_2, align 1

]]></Node>
<StgValue><ssdm name=""/></StgValue>
</operation>

<operation id="47" st_id="4" stage="1" lat="2">
<core>RAM</core>
<MemPortIdVec>1 </MemPortIdVec>
<condition id="7">
<or_exp><and_exp></and_exp></or_exp>
</condition>

<Node id="38" bw="32" op_0_bw="5">
<![CDATA[
:25  %Key_load_3 = load i32* %Key_addr_3, align 4

]]></Node>
<StgValue><ssdm name="Key_load_3"/></StgValue>
</operation>

<operation id="48" st_id="4" stage="1" lat="1">
<core>NULL</core>
<MemPortIdVec></MemPortIdVec>
<condition id="7">
<or_exp><and_exp></and_exp></or_exp>
</condition>

<Node id="39" bw="8" op_0_bw="32">
<![CDATA[
:26  %tmp_19 = trunc i32 %Key_load_3 to i8

]]></Node>
<StgValue><ssdm name="tmp_19"/></StgValue>
</operation>

<operation id="49" st_id="4" stage="1" lat="1">
<core>NULL</core>
<MemPortIdVec></MemPortIdVec>
<condition id="7">
<or_exp><and_exp></and_exp></or_exp>
</condition>

<Node id="40" bw="8" op_0_bw="8" op_1_bw="32" op_2_bw="32">
<![CDATA[
:27  %RoundKey_addr_3 = getelementptr [240 x i8]* %RoundKey, i32 0, i32 %tmp_5_cast

]]></Node>
<StgValue><ssdm name="RoundKey_addr_3"/></StgValue>
</operation>

<operation id="50" st_id="4" stage="1" lat="1">
<core>RAM</core>
<MemPortIdVec>1 </MemPortIdVec>
<condition id="7">
<or_exp><and_exp></and_exp></or_exp>
</condition>

<Node id="41" bw="0" op_0_bw="8" op_1_bw="8">
<![CDATA[
:28  store i8 %tmp_19, i8* %RoundKey_addr_3, align 1

]]></Node>
<StgValue><ssdm name=""/></StgValue>
</operation>

<operation id="51" st_id="4" stage="1" lat="1">
<core>NULL</core>
<MemPortIdVec></MemPortIdVec>
<condition id="7">
<or_exp><and_exp></and_exp></or_exp>
</condition>

<Node id="42" bw="0" op_0_bw="0">
<![CDATA[
:29  br label %1

]]></Node>
<StgValue><ssdm name=""/></StgValue>
</operation>
</state>

<state id="5" st_id="5">

<operation id="52" st_id="5" stage="1" lat="1">
<core>NULL</core>
<MemPortIdVec></MemPortIdVec>
<condition id="8">
<or_exp><and_exp></and_exp></or_exp>
</condition>

<Node id="46" bw="8" op_0_bw="8" op_1_bw="0">
<![CDATA[
.preheader3:0  %temp_3 = phi i8 [ %temp_3_1_34, %_ifconv24 ], [ undef, %.preheader3.preheader ]

]]></Node>
<StgValue><ssdm name="temp_3"/></StgValue>
</operation>

<operation id="53" st_id="5" stage="1" lat="1">
<core>NULL</core>
<MemPortIdVec></MemPortIdVec>
<condition id="8">
<or_exp><and_exp></and_exp></or_exp>
</condition>

<Node id="47" bw="8" op_0_bw="8" op_1_bw="0">
<![CDATA[
.preheader3:1  %temp_2 = phi i8 [ %temp_2_1_35, %_ifconv24 ], [ undef, %.preheader3.preheader ]

]]></Node>
<StgValue><ssdm name="temp_2"/></StgValue>
</operation>

<operation id="54" st_id="5" stage="1" lat="1">
<core>NULL</core>
<MemPortIdVec></MemPortIdVec>
<condition id="8">
<or_exp><and_exp></and_exp></or_exp>
</condition>

<Node id="48" bw="8" op_0_bw="8" op_1_bw="0">
<![CDATA[
.preheader3:2  %temp_1 = phi i8 [ %temp_1_1, %_ifconv24 ], [ undef, %.preheader3.preheader ]

]]></Node>
<StgValue><ssdm name="temp_1"/></StgValue>
</operation>

<operation id="55" st_id="5" stage="1" lat="1">
<core>NULL</core>
<MemPortIdVec></MemPortIdVec>
<condition id="8">
<or_exp><and_exp></and_exp></or_exp>
</condition>

<Node id="49" bw="8" op_0_bw="8" op_1_bw="0">
<![CDATA[
.preheader3:3  %temp = phi i8 [ %temp_0_2, %_ifconv24 ], [ undef, %.preheader3.preheader ]

]]></Node>
<StgValue><ssdm name="temp"/></StgValue>
</operation>

<operation id="56" st_id="5" stage="1" lat="1">
<core>NULL</core>
<MemPortIdVec></MemPortIdVec>
<condition id="8">
<or_exp><and_exp></and_exp></or_exp>
</condition>

<Node id="50" bw="6" op_0_bw="6" op_1_bw="0">
<![CDATA[
.preheader3:4  %i_1 = phi i6 [ %i_2, %_ifconv24 ], [ 4, %.preheader3.preheader ]

]]></Node>
<StgValue><ssdm name="i_1"/></StgValue>
</operation>

<operation id="57" st_id="5" stage="1" lat="1">
<core>Cmp</core>
<MemPortIdVec></MemPortIdVec>
<condition id="8">
<or_exp><and_exp></and_exp></or_exp>
</condition>

<Node id="51" bw="1" op_0_bw="6" op_1_bw="6">
<![CDATA[
.preheader3:5  %exitcond1 = icmp eq i6 %i_1, -20

]]></Node>
<StgValue><ssdm name="exitcond1"/></StgValue>
</operation>

<operation id="58" st_id="5" stage="1" lat="1">
<core>NULL</core>
<MemPortIdVec></MemPortIdVec>
<condition id="8">
<or_exp><and_exp></and_exp></or_exp>
</condition>

<Node id="52" bw="32" op_0_bw="32" op_1_bw="64" op_2_bw="64" op_3_bw="64">
<![CDATA[
.preheader3:6  %empty_29 = call i32 (...)* @_ssdm_op_SpecLoopTripCount(i64 40, i64 40, i64 40)

]]></Node>
<StgValue><ssdm name="empty_29"/></StgValue>
</operation>

<operation id="59" st_id="5" stage="1" lat="1">
<core>NULL</core>
<MemPortIdVec></MemPortIdVec>
<condition id="8">
<or_exp><and_exp></and_exp></or_exp>
</condition>

<Node id="53" bw="0" op_0_bw="1" op_1_bw="0" op_2_bw="0">
<![CDATA[
.preheader3:7  br i1 %exitcond1, label %3, label %.preheader.preheader

]]></Node>
<StgValue><ssdm name=""/></StgValue>
</operation>

<operation id="60" st_id="5" stage="1" lat="1">
<core>NULL</core>
<MemPortIdVec></MemPortIdVec>
<condition id="10">
<or_exp><and_exp><literal name="exitcond1" val="0"/>
</and_exp></or_exp>
</condition>

<Node id="55" bw="8" op_0_bw="8" op_1_bw="6" op_2_bw="2">
<![CDATA[
.preheader.preheader:0  %tmp_8 = call i8 @_ssdm_op_BitConcatenate.i8.i6.i2(i6 %i_1, i2 0)

]]></Node>
<StgValue><ssdm name="tmp_8"/></StgValue>
</operation>

<operation id="61" st_id="5" stage="1" lat="1">
<core>NULL</core>
<MemPortIdVec></MemPortIdVec>
<condition id="10">
<or_exp><and_exp><literal name="exitcond1" val="0"/>
</and_exp></or_exp>
</condition>

<Node id="56" bw="32" op_0_bw="8">
<![CDATA[
.preheader.preheader:1  %tmp_8_cast = zext i8 %tmp_8 to i32

]]></Node>
<StgValue><ssdm name="tmp_8_cast"/></StgValue>
</operation>

<operation id="62" st_id="5" stage="1" lat="1">
<core>NULL</core>
<MemPortIdVec></MemPortIdVec>
<condition id="10">
<or_exp><and_exp><literal name="exitcond1" val="0"/>
</and_exp></or_exp>
</condition>

<Node id="57" bw="0" op_0_bw="0">
<![CDATA[
.preheader.preheader:2  br label %.preheader

]]></Node>
<StgValue><ssdm name=""/></StgValue>
</operation>

<operation id="63" st_id="5" stage="1" lat="1">
<core>NULL</core>
<MemPortIdVec></MemPortIdVec>
<condition id="12">
<or_exp><and_exp><literal name="exitcond1" val="1"/>
</and_exp></or_exp>
</condition>

<Node id="149" bw="0">
<![CDATA[
:0  ret void

]]></Node>
<StgValue><ssdm name=""/></StgValue>
</operation>
</state>

<state id="6" st_id="6">

<operation id="64" st_id="6" stage="1" lat="1">
<core>NULL</core>
<MemPortIdVec></MemPortIdVec>
<condition id="13">
<or_exp><and_exp></and_exp></or_exp>
</condition>

<Node id="59" bw="8" op_0_bw="8" op_1_bw="0">
<![CDATA[
.preheader:0  %temp_3_1 = phi i8 [ %temp_3, %.preheader.preheader ], [ %temp_3_3, %_ifconv ]

]]></Node>
<StgValue><ssdm name="temp_3_1"/></StgValue>
</operation>

<operation id="65" st_id="6" stage="1" lat="1">
<core>NULL</core>
<MemPortIdVec></MemPortIdVec>
<condition id="13">
<or_exp><and_exp></and_exp></or_exp>
</condition>

<Node id="60" bw="8" op_0_bw="8" op_1_bw="0">
<![CDATA[
.preheader:1  %temp_2_1 = phi i8 [ %temp_2, %.preheader.preheader ], [ %temp_3_4, %_ifconv ]

]]></Node>
<StgValue><ssdm name="temp_2_1"/></StgValue>
</operation>

<operation id="66" st_id="6" stage="1" lat="1">
<core>NULL</core>
<MemPortIdVec></MemPortIdVec>
<condition id="13">
<or_exp><and_exp></and_exp></or_exp>
</condition>

<Node id="61" bw="8" op_0_bw="8" op_1_bw="0">
<![CDATA[
.preheader:2  %temp_3_5 = phi i8 [ %temp_1, %.preheader.preheader ], [ %temp_3_7, %_ifconv ]

]]></Node>
<StgValue><ssdm name="temp_3_5"/></StgValue>
</operation>

<operation id="67" st_id="6" stage="1" lat="1">
<core>NULL</core>
<MemPortIdVec></MemPortIdVec>
<condition id="13">
<or_exp><and_exp></and_exp></or_exp>
</condition>

<Node id="62" bw="8" op_0_bw="8" op_1_bw="0">
<![CDATA[
.preheader:3  %temp_3_8 = phi i8 [ %temp, %.preheader.preheader ], [ %temp_3_9, %_ifconv ]

]]></Node>
<StgValue><ssdm name="temp_3_8"/></StgValue>
</operation>

<operation id="68" st_id="6" stage="1" lat="1">
<core>NULL</core>
<MemPortIdVec></MemPortIdVec>
<condition id="13">
<or_exp><and_exp></and_exp></or_exp>
</condition>

<Node id="63" bw="3" op_0_bw="3" op_1_bw="0">
<![CDATA[
.preheader:4  %j = phi i3 [ 0, %.preheader.preheader ], [ %j_2, %_ifconv ]

]]></Node>
<StgValue><ssdm name="j"/></StgValue>
</operation>

<operation id="69" st_id="6" stage="1" lat="1">
<core>Cmp</core>
<MemPortIdVec></MemPortIdVec>
<condition id="13">
<or_exp><and_exp></and_exp></or_exp>
</condition>

<Node id="64" bw="1" op_0_bw="3" op_1_bw="3">
<![CDATA[
.preheader:5  %exitcond = icmp eq i3 %j, -4

]]></Node>
<StgValue><ssdm name="exitcond"/></StgValue>
</operation>

<operation id="70" st_id="6" stage="1" lat="1">
<core>NULL</core>
<MemPortIdVec></MemPortIdVec>
<condition id="13">
<or_exp><and_exp></and_exp></or_exp>
</condition>

<Node id="65" bw="32" op_0_bw="32" op_1_bw="64" op_2_bw="64" op_3_bw="64">
<![CDATA[
.preheader:6  %empty_30 = call i32 (...)* @_ssdm_op_SpecLoopTripCount(i64 4, i64 4, i64 4)

]]></Node>
<StgValue><ssdm name="empty_30"/></StgValue>
</operation>

<operation id="71" st_id="6" stage="1" lat="1">
<core>AddSub</core>
<MemPortIdVec></MemPortIdVec>
<condition id="13">
<or_exp><and_exp></and_exp></or_exp>
</condition>

<Node id="66" bw="3" op_0_bw="3" op_1_bw="3">
<![CDATA[
.preheader:7  %j_2 = add i3 %j, 1

]]></Node>
<StgValue><ssdm name="j_2"/></StgValue>
</operation>

<operation id="72" st_id="6" stage="1" lat="1">
<core>NULL</core>
<MemPortIdVec></MemPortIdVec>
<condition id="13">
<or_exp><and_exp></and_exp></or_exp>
</condition>

<Node id="67" bw="0" op_0_bw="1" op_1_bw="0" op_2_bw="0">
<![CDATA[
.preheader:8  br i1 %exitcond, label %_ifconv24, label %_ifconv

]]></Node>
<StgValue><ssdm name=""/></StgValue>
</operation>

<operation id="73" st_id="6" stage="1" lat="1">
<core>LogicGate</core>
<MemPortIdVec></MemPortIdVec>
<condition id="15">
<or_exp><and_exp><literal name="exitcond" val="0"/>
</and_exp></or_exp>
</condition>

<Node id="69" bw="3" op_0_bw="3" op_1_bw="3">
<![CDATA[
_ifconv:0  %tmp1 = xor i3 %j, -4

]]></Node>
<StgValue><ssdm name="tmp1"/></StgValue>
</operation>

<operation id="74" st_id="6" stage="1" lat="1">
<core>NULL</core>
<MemPortIdVec></MemPortIdVec>
<condition id="15">
<or_exp><and_exp><literal name="exitcond" val="0"/>
</and_exp></or_exp>
</condition>

<Node id="70" bw="8" op_0_bw="3">
<![CDATA[
_ifconv:1  %tmp29_cast = sext i3 %tmp1 to i8

]]></Node>
<StgValue><ssdm name="tmp29_cast"/></StgValue>
</operation>

<operation id="75" st_id="6" stage="1" lat="1">
<core>AddSub</core>
<MemPortIdVec></MemPortIdVec>
<condition id="15">
<or_exp><and_exp><literal name="exitcond" val="0"/>
</and_exp></or_exp>
</condition>

<Node id="71" bw="8" op_0_bw="8" op_1_bw="8">
<![CDATA[
_ifconv:2  %sum8 = add i8 %tmp29_cast, %tmp_8

]]></Node>
<StgValue><ssdm name="sum8"/></StgValue>
</operation>

<operation id="76" st_id="6" stage="1" lat="1">
<core>NULL</core>
<MemPortIdVec></MemPortIdVec>
<condition id="15">
<or_exp><and_exp><literal name="exitcond" val="0"/>
</and_exp></or_exp>
</condition>

<Node id="72" bw="32" op_0_bw="8">
<![CDATA[
_ifconv:3  %sum8_cast = zext i8 %sum8 to i32

]]></Node>
<StgValue><ssdm name="sum8_cast"/></StgValue>
</operation>

<operation id="77" st_id="6" stage="1" lat="1">
<core>NULL</core>
<MemPortIdVec></MemPortIdVec>
<condition id="15">
<or_exp><and_exp><literal name="exitcond" val="0"/>
</and_exp></or_exp>
</condition>

<Node id="73" bw="8" op_0_bw="8" op_1_bw="32" op_2_bw="32">
<![CDATA[
_ifconv:4  %RoundKey_addr_4 = getelementptr [240 x i8]* %RoundKey, i32 0, i32 %sum8_cast

]]></Node>
<StgValue><ssdm name="RoundKey_addr_4"/></StgValue>
</operation>

<operation id="78" st_id="6" stage="2" lat="2">
<core>RAM</core>
<MemPortIdVec>0 </MemPortIdVec>
<condition id="15">
<or_exp><and_exp><literal name="exitcond" val="0"/>
</and_exp></or_exp>
</condition>

<Node id="74" bw="8" op_0_bw="8">
<![CDATA[
_ifconv:5  %temp_0 = load i8* %RoundKey_addr_4, align 1

]]></Node>
<StgValue><ssdm name="temp_0"/></StgValue>
</operation>

<operation id="79" st_id="6" stage="1" lat="1">
<core>NULL</core>
<MemPortIdVec></MemPortIdVec>
<condition id="15">
<or_exp><and_exp><literal name="exitcond" val="0"/>
</and_exp></or_exp>
</condition>

<Node id="75" bw="2" op_0_bw="3">
<![CDATA[
_ifconv:6  %tmp_21 = trunc i3 %j to i2

]]></Node>
<StgValue><ssdm name="tmp_21"/></StgValue>
</operation>

<operation id="80" st_id="6" stage="1" lat="1">
<core>NULL</core>
<MemPortIdVec></MemPortIdVec>
<condition id="17">
<or_exp><and_exp><literal name="exitcond" val="1"/>
</and_exp></or_exp>
</condition>

<Node id="89" bw="2" op_0_bw="6">
<![CDATA[
_ifconv24:0  %tmp_20 = trunc i6 %i_1 to i2

]]></Node>
<StgValue><ssdm name="tmp_20"/></StgValue>
</operation>

<operation id="81" st_id="6" stage="1" lat="1">
<core>Cmp</core>
<MemPortIdVec></MemPortIdVec>
<condition id="17">
<or_exp><and_exp><literal name="exitcond" val="1"/>
</and_exp></or_exp>
</condition>

<Node id="90" bw="1" op_0_bw="2" op_1_bw="2">
<![CDATA[
_ifconv24:1  %tmp_9 = icmp eq i2 %tmp_20, 0

]]></Node>
<StgValue><ssdm name="tmp_9"/></StgValue>
</operation>

<operation id="82" st_id="6" stage="1" lat="1">
<core>NULL</core>
<MemPortIdVec></MemPortIdVec>
<condition id="17">
<or_exp><and_exp><literal name="exitcond" val="1"/>
</and_exp></or_exp>
</condition>

<Node id="91" bw="32" op_0_bw="8">
<![CDATA[
_ifconv24:2  %num_assign = zext i8 %temp_3_5 to i32

]]></Node>
<StgValue><ssdm name="num_assign"/></StgValue>
</operation>

<operation id="83" st_id="6" stage="1" lat="1">
<core>NULL</core>
<MemPortIdVec></MemPortIdVec>
<condition id="17">
<or_exp><and_exp><literal name="exitcond" val="1"/>
</and_exp></or_exp>
</condition>

<Node id="92" bw="8" op_0_bw="8" op_1_bw="32" op_2_bw="32">
<![CDATA[
_ifconv24:3  %sbox_addr = getelementptr [256 x i8]* @sbox, i32 0, i32 %num_assign

]]></Node>
<StgValue><ssdm name="sbox_addr"/></StgValue>
</operation>

<operation id="84" st_id="6" stage="2" lat="2">
<core>ROM_nP</core>
<MemPortIdVec>0 </MemPortIdVec>
<condition id="17">
<or_exp><and_exp><literal name="exitcond" val="1"/>
</and_exp></or_exp>
</condition>

<Node id="93" bw="8" op_0_bw="8">
<![CDATA[
_ifconv24:4  %sbox_load = load i8* %sbox_addr, align 1

]]></Node>
<StgValue><ssdm name="sbox_load"/></StgValue>
</operation>

<operation id="85" st_id="6" stage="1" lat="1">
<core>NULL</core>
<MemPortIdVec></MemPortIdVec>
<condition id="17">
<or_exp><and_exp><literal name="exitcond" val="1"/>
</and_exp></or_exp>
</condition>

<Node id="94" bw="32" op_0_bw="8">
<![CDATA[
_ifconv24:5  %num_assign_1 = zext i8 %temp_2_1 to i32

]]></Node>
<StgValue><ssdm name="num_assign_1"/></StgValue>
</operation>

<operation id="86" st_id="6" stage="1" lat="1">
<core>NULL</core>
<MemPortIdVec></MemPortIdVec>
<condition id="17">
<or_exp><and_exp><literal name="exitcond" val="1"/>
</and_exp></or_exp>
</condition>

<Node id="95" bw="8" op_0_bw="8" op_1_bw="32" op_2_bw="32">
<![CDATA[
_ifconv24:6  %sbox_addr_1 = getelementptr [256 x i8]* @sbox, i32 0, i32 %num_assign_1

]]></Node>
<StgValue><ssdm name="sbox_addr_1"/></StgValue>
</operation>

<operation id="87" st_id="6" stage="2" lat="2">
<core>ROM_nP</core>
<MemPortIdVec>1 </MemPortIdVec>
<condition id="17">
<or_exp><and_exp><literal name="exitcond" val="1"/>
</and_exp></or_exp>
</condition>

<Node id="96" bw="8" op_0_bw="8">
<![CDATA[
_ifconv24:7  %temp_1_31 = load i8* %sbox_addr_1, align 1

]]></Node>
<StgValue><ssdm name="temp_1_31"/></StgValue>
</operation>

<operation id="88" st_id="6" stage="1" lat="1">
<core>NULL</core>
<MemPortIdVec></MemPortIdVec>
<condition id="17">
<or_exp><and_exp><literal name="exitcond" val="1"/>
</and_exp></or_exp>
</condition>

<Node id="97" bw="32" op_0_bw="8">
<![CDATA[
_ifconv24:8  %num_assign_2 = zext i8 %temp_3_1 to i32

]]></Node>
<StgValue><ssdm name="num_assign_2"/></StgValue>
</operation>

<operation id="89" st_id="6" stage="1" lat="1">
<core>NULL</core>
<MemPortIdVec></MemPortIdVec>
<condition id="17">
<or_exp><and_exp><literal name="exitcond" val="1"/>
</and_exp></or_exp>
</condition>

<Node id="98" bw="8" op_0_bw="8" op_1_bw="32" op_2_bw="32">
<![CDATA[
_ifconv24:9  %sbox_addr_2 = getelementptr [256 x i8]* @sbox, i32 0, i32 %num_assign_2

]]></Node>
<StgValue><ssdm name="sbox_addr_2"/></StgValue>
</operation>

<operation id="90" st_id="6" stage="2" lat="2">
<core>ROM_nP</core>
<MemPortIdVec>2 </MemPortIdVec>
<condition id="17">
<or_exp><and_exp><literal name="exitcond" val="1"/>
</and_exp></or_exp>
</condition>

<Node id="99" bw="8" op_0_bw="8">
<![CDATA[
_ifconv24:10  %temp_2_32 = load i8* %sbox_addr_2, align 1

]]></Node>
<StgValue><ssdm name="temp_2_32"/></StgValue>
</operation>

<operation id="91" st_id="6" stage="1" lat="1">
<core>NULL</core>
<MemPortIdVec></MemPortIdVec>
<condition id="17">
<or_exp><and_exp><literal name="exitcond" val="1"/>
</and_exp></or_exp>
</condition>

<Node id="100" bw="32" op_0_bw="8">
<![CDATA[
_ifconv24:11  %num_assign_3 = zext i8 %temp_3_8 to i32

]]></Node>
<StgValue><ssdm name="num_assign_3"/></StgValue>
</operation>

<operation id="92" st_id="6" stage="1" lat="1">
<core>NULL</core>
<MemPortIdVec></MemPortIdVec>
<condition id="17">
<or_exp><and_exp><literal name="exitcond" val="1"/>
</and_exp></or_exp>
</condition>

<Node id="101" bw="8" op_0_bw="8" op_1_bw="32" op_2_bw="32">
<![CDATA[
_ifconv24:12  %sbox_addr_3 = getelementptr [256 x i8]* @sbox, i32 0, i32 %num_assign_3

]]></Node>
<StgValue><ssdm name="sbox_addr_3"/></StgValue>
</operation>

<operation id="93" st_id="6" stage="2" lat="2">
<core>ROM_nP</core>
<MemPortIdVec>3 </MemPortIdVec>
<condition id="17">
<or_exp><and_exp><literal name="exitcond" val="1"/>
</and_exp></or_exp>
</condition>

<Node id="102" bw="8" op_0_bw="8">
<![CDATA[
_ifconv24:13  %temp_3_33 = load i8* %sbox_addr_3, align 1

]]></Node>
<StgValue><ssdm name="temp_3_33"/></StgValue>
</operation>

<operation id="94" st_id="6" stage="1" lat="1">
<core>NULL</core>
<MemPortIdVec></MemPortIdVec>
<condition id="17">
<or_exp><and_exp><literal name="exitcond" val="1"/>
</and_exp></or_exp>
</condition>

<Node id="103" bw="4" op_0_bw="4" op_1_bw="6" op_2_bw="32" op_3_bw="32">
<![CDATA[
_ifconv24:14  %p_lshr_f_cast = call i4 @_ssdm_op_PartSelect.i4.i6.i32.i32(i6 %i_1, i32 2, i32 5)

]]></Node>
<StgValue><ssdm name="p_lshr_f_cast"/></StgValue>
</operation>

<operation id="95" st_id="6" stage="1" lat="1">
<core>NULL</core>
<MemPortIdVec></MemPortIdVec>
<condition id="17">
<or_exp><and_exp><literal name="exitcond" val="1"/>
</and_exp></or_exp>
</condition>

<Node id="104" bw="32" op_0_bw="4">
<![CDATA[
_ifconv24:15  %tmp_s = zext i4 %p_lshr_f_cast to i32

]]></Node>
<StgValue><ssdm name="tmp_s"/></StgValue>
</operation>

<operation id="96" st_id="6" stage="1" lat="1">
<core>NULL</core>
<MemPortIdVec></MemPortIdVec>
<condition id="17">
<or_exp><and_exp><literal name="exitcond" val="1"/>
</and_exp></or_exp>
</condition>

<Node id="105" bw="8" op_0_bw="8" op_1_bw="32" op_2_bw="32">
<![CDATA[
_ifconv24:16  %Rcon_addr = getelementptr [255 x i8]* @Rcon, i32 0, i32 %tmp_s

]]></Node>
<StgValue><ssdm name="Rcon_addr"/></StgValue>
</operation>

<operation id="97" st_id="6" stage="2" lat="2">
<core>ROM_nP</core>
<MemPortIdVec>0 </MemPortIdVec>
<condition id="17">
<or_exp><and_exp><literal name="exitcond" val="1"/>
</and_exp></or_exp>
</condition>

<Node id="106" bw="8" op_0_bw="8">
<![CDATA[
_ifconv24:17  %Rcon_load = load i8* %Rcon_addr, align 1

]]></Node>
<StgValue><ssdm name="Rcon_load"/></StgValue>
</operation>

<operation id="98" st_id="6" stage="1" lat="1">
<core>AddSub</core>
<MemPortIdVec></MemPortIdVec>
<condition id="17">
<or_exp><and_exp><literal name="exitcond" val="1"/>
</and_exp></or_exp>
</condition>

<Node id="112" bw="8" op_0_bw="8" op_1_bw="8">
<![CDATA[
_ifconv24:23  %sum = add i8 -16, %tmp_8

]]></Node>
<StgValue><ssdm name="sum"/></StgValue>
</operation>

<operation id="99" st_id="6" stage="1" lat="1">
<core>NULL</core>
<MemPortIdVec></MemPortIdVec>
<condition id="17">
<or_exp><and_exp><literal name="exitcond" val="1"/>
</and_exp></or_exp>
</condition>

<Node id="113" bw="32" op_0_bw="8">
<![CDATA[
_ifconv24:24  %sum_cast = zext i8 %sum to i32

]]></Node>
<StgValue><ssdm name="sum_cast"/></StgValue>
</operation>

<operation id="100" st_id="6" stage="1" lat="1">
<core>NULL</core>
<MemPortIdVec></MemPortIdVec>
<condition id="17">
<or_exp><and_exp><literal name="exitcond" val="1"/>
</and_exp></or_exp>
</condition>

<Node id="114" bw="8" op_0_bw="8" op_1_bw="32" op_2_bw="32">
<![CDATA[
_ifconv24:25  %RoundKey_addr_5 = getelementptr [240 x i8]* %RoundKey, i32 0, i32 %sum_cast

]]></Node>
<StgValue><ssdm name="RoundKey_addr_5"/></StgValue>
</operation>

<operation id="101" st_id="6" stage="2" lat="2">
<core>RAM</core>
<MemPortIdVec>0 </MemPortIdVec>
<condition id="17">
<or_exp><and_exp><literal name="exitcond" val="1"/>
</and_exp></or_exp>
</condition>

<Node id="115" bw="8" op_0_bw="8">
<![CDATA[
_ifconv24:26  %RoundKey_load = load i8* %RoundKey_addr_5, align 1

]]></Node>
<StgValue><ssdm name="RoundKey_load"/></StgValue>
</operation>

<operation id="102" st_id="6" stage="1" lat="1">
<core>AddSub</core>
<MemPortIdVec></MemPortIdVec>
<condition id="17">
<or_exp><and_exp><literal name="exitcond" val="1"/>
</and_exp></or_exp>
</condition>

<Node id="119" bw="8" op_0_bw="8" op_1_bw="8">
<![CDATA[
_ifconv24:30  %sum1 = add i8 -15, %tmp_8

]]></Node>
<StgValue><ssdm name="sum1"/></StgValue>
</operation>

<operation id="103" st_id="6" stage="1" lat="1">
<core>NULL</core>
<MemPortIdVec></MemPortIdVec>
<condition id="17">
<or_exp><and_exp><literal name="exitcond" val="1"/>
</and_exp></or_exp>
</condition>

<Node id="120" bw="32" op_0_bw="8">
<![CDATA[
_ifconv24:31  %sum1_cast = zext i8 %sum1 to i32

]]></Node>
<StgValue><ssdm name="sum1_cast"/></StgValue>
</operation>

<operation id="104" st_id="6" stage="1" lat="1">
<core>NULL</core>
<MemPortIdVec></MemPortIdVec>
<condition id="17">
<or_exp><and_exp><literal name="exitcond" val="1"/>
</and_exp></or_exp>
</condition>

<Node id="121" bw="8" op_0_bw="8" op_1_bw="32" op_2_bw="32">
<![CDATA[
_ifconv24:32  %RoundKey_addr_7 = getelementptr [240 x i8]* %RoundKey, i32 0, i32 %sum1_cast

]]></Node>
<StgValue><ssdm name="RoundKey_addr_7"/></StgValue>
</operation>

<operation id="105" st_id="6" stage="2" lat="2">
<core>RAM</core>
<MemPortIdVec>1 </MemPortIdVec>
<condition id="17">
<or_exp><and_exp><literal name="exitcond" val="1"/>
</and_exp></or_exp>
</condition>

<Node id="122" bw="8" op_0_bw="8">
<![CDATA[
_ifconv24:33  %RoundKey_load_1 = load i8* %RoundKey_addr_7, align 1

]]></Node>
<StgValue><ssdm name="RoundKey_load_1"/></StgValue>
</operation>

<operation id="106" st_id="6" stage="1" lat="1">
<core>AddSub</core>
<MemPortIdVec></MemPortIdVec>
<condition id="17">
<or_exp><and_exp><literal name="exitcond" val="1"/>
</and_exp></or_exp>
</condition>

<Node id="146" bw="6" op_0_bw="6" op_1_bw="6">
<![CDATA[
_ifconv24:57  %i_2 = add i6 1, %i_1

]]></Node>
<StgValue><ssdm name="i_2"/></StgValue>
</operation>
</state>

<state id="7" st_id="7">

<operation id="107" st_id="7" stage="1" lat="2">
<core>RAM</core>
<MemPortIdVec>0 </MemPortIdVec>
<condition id="18">
<or_exp><and_exp></and_exp></or_exp>
</condition>

<Node id="74" bw="8" op_0_bw="8">
<![CDATA[
_ifconv:5  %temp_0 = load i8* %RoundKey_addr_4, align 1

]]></Node>
<StgValue><ssdm name="temp_0"/></StgValue>
</operation>

<operation id="108" st_id="7" stage="1" lat="1">
<core>Cmp</core>
<MemPortIdVec></MemPortIdVec>
<condition id="18">
<or_exp><and_exp></and_exp></or_exp>
</condition>

<Node id="76" bw="1" op_0_bw="2" op_1_bw="2">
<![CDATA[
_ifconv:7  %sel_tmp = icmp eq i2 %tmp_21, -2

]]></Node>
<StgValue><ssdm name="sel_tmp"/></StgValue>
</operation>

<operation id="109" st_id="7" stage="1" lat="1">
<core>Cmp</core>
<MemPortIdVec></MemPortIdVec>
<condition id="18">
<or_exp><and_exp></and_exp></or_exp>
</condition>

<Node id="77" bw="1" op_0_bw="2" op_1_bw="2">
<![CDATA[
_ifconv:8  %sel_tmp2 = icmp eq i2 %tmp_21, 1

]]></Node>
<StgValue><ssdm name="sel_tmp2"/></StgValue>
</operation>

<operation id="110" st_id="7" stage="1" lat="1">
<core>Cmp</core>
<MemPortIdVec></MemPortIdVec>
<condition id="18">
<or_exp><and_exp></and_exp></or_exp>
</condition>

<Node id="78" bw="1" op_0_bw="2" op_1_bw="2">
<![CDATA[
_ifconv:9  %sel_tmp4 = icmp eq i2 %tmp_21, 0

]]></Node>
<StgValue><ssdm name="sel_tmp4"/></StgValue>
</operation>

<operation id="111" st_id="7" stage="1" lat="1">
<core>LogicGate</core>
<MemPortIdVec></MemPortIdVec>
<condition id="18">
<or_exp><and_exp></and_exp></or_exp>
</condition>

<Node id="79" bw="1" op_0_bw="1" op_1_bw="1">
<![CDATA[
_ifconv:10  %or_cond = or i1 %sel_tmp4, %sel_tmp2

]]></Node>
<StgValue><ssdm name="or_cond"/></StgValue>
</operation>

<operation id="112" st_id="7" stage="1" lat="1">
<core>Sel</core>
<MemPortIdVec></MemPortIdVec>
<condition id="18">
<or_exp><and_exp></and_exp></or_exp>
</condition>

<Node id="80" bw="8" op_0_bw="1" op_1_bw="8" op_2_bw="8">
<![CDATA[
_ifconv:11  %newSel = select i1 %sel_tmp, i8 %temp_3_1, i8 %temp_0

]]></Node>
<StgValue><ssdm name="newSel"/></StgValue>
</operation>

<operation id="113" st_id="7" stage="1" lat="1">
<core>Sel</core>
<MemPortIdVec></MemPortIdVec>
<condition id="18">
<or_exp><and_exp></and_exp></or_exp>
</condition>

<Node id="81" bw="8" op_0_bw="1" op_1_bw="8" op_2_bw="8">
<![CDATA[
_ifconv:12  %temp_3_3 = select i1 %or_cond, i8 %temp_3_1, i8 %newSel

]]></Node>
<StgValue><ssdm name="temp_3_3"/></StgValue>
</operation>

<operation id="114" st_id="7" stage="1" lat="1">
<core>Sel</core>
<MemPortIdVec></MemPortIdVec>
<condition id="18">
<or_exp><and_exp></and_exp></or_exp>
</condition>

<Node id="82" bw="8" op_0_bw="1" op_1_bw="8" op_2_bw="8">
<![CDATA[
_ifconv:13  %newSel2 = select i1 %sel_tmp, i8 %temp_0, i8 %temp_2_1

]]></Node>
<StgValue><ssdm name="newSel2"/></StgValue>
</operation>

<operation id="115" st_id="7" stage="1" lat="1">
<core>Sel</core>
<MemPortIdVec></MemPortIdVec>
<condition id="18">
<or_exp><and_exp></and_exp></or_exp>
</condition>

<Node id="83" bw="8" op_0_bw="1" op_1_bw="8" op_2_bw="8">
<![CDATA[
_ifconv:14  %temp_3_4 = select i1 %or_cond, i8 %temp_2_1, i8 %newSel2

]]></Node>
<StgValue><ssdm name="temp_3_4"/></StgValue>
</operation>

<operation id="116" st_id="7" stage="1" lat="1">
<core>Sel</core>
<MemPortIdVec></MemPortIdVec>
<condition id="18">
<or_exp><and_exp></and_exp></or_exp>
</condition>

<Node id="84" bw="8" op_0_bw="1" op_1_bw="8" op_2_bw="8">
<![CDATA[
_ifconv:15  %temp_3_6 = select i1 %sel_tmp2, i8 %temp_0, i8 %temp_3_5

]]></Node>
<StgValue><ssdm name="temp_3_6"/></StgValue>
</operation>

<operation id="117" st_id="7" stage="1" lat="1">
<core>Sel</core>
<MemPortIdVec></MemPortIdVec>
<condition id="18">
<or_exp><and_exp></and_exp></or_exp>
</condition>

<Node id="85" bw="8" op_0_bw="1" op_1_bw="8" op_2_bw="8">
<![CDATA[
_ifconv:16  %temp_3_7 = select i1 %sel_tmp4, i8 %temp_3_5, i8 %temp_3_6

]]></Node>
<StgValue><ssdm name="temp_3_7"/></StgValue>
</operation>

<operation id="118" st_id="7" stage="1" lat="1">
<core>Sel</core>
<MemPortIdVec></MemPortIdVec>
<condition id="18">
<or_exp><and_exp></and_exp></or_exp>
</condition>

<Node id="86" bw="8" op_0_bw="1" op_1_bw="8" op_2_bw="8">
<![CDATA[
_ifconv:17  %temp_3_9 = select i1 %sel_tmp4, i8 %temp_0, i8 %temp_3_8

]]></Node>
<StgValue><ssdm name="temp_3_9"/></StgValue>
</operation>

<operation id="119" st_id="7" stage="1" lat="1">
<core>NULL</core>
<MemPortIdVec></MemPortIdVec>
<condition id="18">
<or_exp><and_exp></and_exp></or_exp>
</condition>

<Node id="87" bw="0" op_0_bw="0">
<![CDATA[
_ifconv:18  br label %.preheader

]]></Node>
<StgValue><ssdm name=""/></StgValue>
</operation>
</state>

<state id="8" st_id="8">

<operation id="120" st_id="8" stage="1" lat="2">
<core>ROM_nP</core>
<MemPortIdVec>0 </MemPortIdVec>
<condition id="19">
<or_exp><and_exp></and_exp></or_exp>
</condition>

<Node id="93" bw="8" op_0_bw="8">
<![CDATA[
_ifconv24:4  %sbox_load = load i8* %sbox_addr, align 1

]]></Node>
<StgValue><ssdm name="sbox_load"/></StgValue>
</operation>

<operation id="121" st_id="8" stage="1" lat="2">
<core>ROM_nP</core>
<MemPortIdVec>1 </MemPortIdVec>
<condition id="19">
<or_exp><and_exp></and_exp></or_exp>
</condition>

<Node id="96" bw="8" op_0_bw="8">
<![CDATA[
_ifconv24:7  %temp_1_31 = load i8* %sbox_addr_1, align 1

]]></Node>
<StgValue><ssdm name="temp_1_31"/></StgValue>
</operation>

<operation id="122" st_id="8" stage="1" lat="2">
<core>ROM_nP</core>
<MemPortIdVec>2 </MemPortIdVec>
<condition id="19">
<or_exp><and_exp></and_exp></or_exp>
</condition>

<Node id="99" bw="8" op_0_bw="8">
<![CDATA[
_ifconv24:10  %temp_2_32 = load i8* %sbox_addr_2, align 1

]]></Node>
<StgValue><ssdm name="temp_2_32"/></StgValue>
</operation>

<operation id="123" st_id="8" stage="1" lat="2">
<core>ROM_nP</core>
<MemPortIdVec>3 </MemPortIdVec>
<condition id="19">
<or_exp><and_exp></and_exp></or_exp>
</condition>

<Node id="102" bw="8" op_0_bw="8">
<![CDATA[
_ifconv24:13  %temp_3_33 = load i8* %sbox_addr_3, align 1

]]></Node>
<StgValue><ssdm name="temp_3_33"/></StgValue>
</operation>

<operation id="124" st_id="8" stage="1" lat="2">
<core>ROM_nP</core>
<MemPortIdVec>0 </MemPortIdVec>
<condition id="19">
<or_exp><and_exp></and_exp></or_exp>
</condition>

<Node id="106" bw="8" op_0_bw="8">
<![CDATA[
_ifconv24:17  %Rcon_load = load i8* %Rcon_addr, align 1

]]></Node>
<StgValue><ssdm name="Rcon_load"/></StgValue>
</operation>

<operation id="125" st_id="8" stage="1" lat="1">
<core>LogicGate</core>
<MemPortIdVec></MemPortIdVec>
<condition id="44">
<or_exp><and_exp><literal name="tmp_9" val="1"/>
</and_exp></or_exp>
</condition>

<Node id="107" bw="8" op_0_bw="8" op_1_bw="8">
<![CDATA[
_ifconv24:18  %temp_0_1 = xor i8 %Rcon_load, %sbox_load

]]></Node>
<StgValue><ssdm name="temp_0_1"/></StgValue>
</operation>

<operation id="126" st_id="8" stage="1" lat="1">
<core>Sel</core>
<MemPortIdVec></MemPortIdVec>
<condition id="19">
<or_exp><and_exp></and_exp></or_exp>
</condition>

<Node id="108" bw="8" op_0_bw="1" op_1_bw="8" op_2_bw="8">
<![CDATA[
_ifconv24:19  %temp_3_1_34 = select i1 %tmp_9, i8 %temp_3_33, i8 %temp_3_1

]]></Node>
<StgValue><ssdm name="temp_3_1_34"/></StgValue>
</operation>

<operation id="127" st_id="8" stage="1" lat="1">
<core>Sel</core>
<MemPortIdVec></MemPortIdVec>
<condition id="19">
<or_exp><and_exp></and_exp></or_exp>
</condition>

<Node id="109" bw="8" op_0_bw="1" op_1_bw="8" op_2_bw="8">
<![CDATA[
_ifconv24:20  %temp_2_1_35 = select i1 %tmp_9, i8 %temp_2_32, i8 %temp_2_1

]]></Node>
<StgValue><ssdm name="temp_2_1_35"/></StgValue>
</operation>

<operation id="128" st_id="8" stage="1" lat="1">
<core>Sel</core>
<MemPortIdVec></MemPortIdVec>
<condition id="19">
<or_exp><and_exp></and_exp></or_exp>
</condition>

<Node id="110" bw="8" op_0_bw="1" op_1_bw="8" op_2_bw="8">
<![CDATA[
_ifconv24:21  %temp_1_1 = select i1 %tmp_9, i8 %temp_1_31, i8 %temp_3_5

]]></Node>
<StgValue><ssdm name="temp_1_1"/></StgValue>
</operation>

<operation id="129" st_id="8" stage="1" lat="1">
<core>Sel</core>
<MemPortIdVec></MemPortIdVec>
<condition id="19">
<or_exp><and_exp></and_exp></or_exp>
</condition>

<Node id="111" bw="8" op_0_bw="1" op_1_bw="8" op_2_bw="8">
<![CDATA[
_ifconv24:22  %temp_0_2 = select i1 %tmp_9, i8 %temp_0_1, i8 %temp_3_8

]]></Node>
<StgValue><ssdm name="temp_0_2"/></StgValue>
</operation>

<operation id="130" st_id="8" stage="1" lat="2">
<core>RAM</core>
<MemPortIdVec>0 </MemPortIdVec>
<condition id="19">
<or_exp><and_exp></and_exp></or_exp>
</condition>

<Node id="115" bw="8" op_0_bw="8">
<![CDATA[
_ifconv24:26  %RoundKey_load = load i8* %RoundKey_addr_5, align 1

]]></Node>
<StgValue><ssdm name="RoundKey_load"/></StgValue>
</operation>

<operation id="131" st_id="8" stage="1" lat="1">
<core>LogicGate</core>
<MemPortIdVec></MemPortIdVec>
<condition id="19">
<or_exp><and_exp></and_exp></or_exp>
</condition>

<Node id="116" bw="8" op_0_bw="8" op_1_bw="8">
<![CDATA[
_ifconv24:27  %tmp_10 = xor i8 %RoundKey_load, %temp_0_2

]]></Node>
<StgValue><ssdm name="tmp_10"/></StgValue>
</operation>

<operation id="132" st_id="8" stage="1" lat="2">
<core>RAM</core>
<MemPortIdVec>1 </MemPortIdVec>
<condition id="19">
<or_exp><and_exp></and_exp></or_exp>
</condition>

<Node id="122" bw="8" op_0_bw="8">
<![CDATA[
_ifconv24:33  %RoundKey_load_1 = load i8* %RoundKey_addr_7, align 1

]]></Node>
<StgValue><ssdm name="RoundKey_load_1"/></StgValue>
</operation>

<operation id="133" st_id="8" stage="1" lat="1">
<core>LogicGate</core>
<MemPortIdVec></MemPortIdVec>
<condition id="19">
<or_exp><and_exp></and_exp></or_exp>
</condition>

<Node id="123" bw="8" op_0_bw="8" op_1_bw="8">
<![CDATA[
_ifconv24:34  %tmp_11 = xor i8 %RoundKey_load_1, %temp_1_1

]]></Node>
<StgValue><ssdm name="tmp_11"/></StgValue>
</operation>

<operation id="134" st_id="8" stage="1" lat="1">
<core>AddSub</core>
<MemPortIdVec></MemPortIdVec>
<condition id="19">
<or_exp><and_exp></and_exp></or_exp>
</condition>

<Node id="128" bw="8" op_0_bw="8" op_1_bw="8">
<![CDATA[
_ifconv24:39  %sum2 = add i8 -14, %tmp_8

]]></Node>
<StgValue><ssdm name="sum2"/></StgValue>
</operation>

<operation id="135" st_id="8" stage="1" lat="1">
<core>NULL</core>
<MemPortIdVec></MemPortIdVec>
<condition id="19">
<or_exp><and_exp></and_exp></or_exp>
</condition>

<Node id="129" bw="32" op_0_bw="8">
<![CDATA[
_ifconv24:40  %sum2_cast = zext i8 %sum2 to i32

]]></Node>
<StgValue><ssdm name="sum2_cast"/></StgValue>
</operation>

<operation id="136" st_id="8" stage="1" lat="1">
<core>NULL</core>
<MemPortIdVec></MemPortIdVec>
<condition id="19">
<or_exp><and_exp></and_exp></or_exp>
</condition>

<Node id="130" bw="8" op_0_bw="8" op_1_bw="32" op_2_bw="32">
<![CDATA[
_ifconv24:41  %RoundKey_addr_9 = getelementptr [240 x i8]* %RoundKey, i32 0, i32 %sum2_cast

]]></Node>
<StgValue><ssdm name="RoundKey_addr_9"/></StgValue>
</operation>

<operation id="137" st_id="8" stage="2" lat="2">
<core>RAM</core>
<MemPortIdVec>1 </MemPortIdVec>
<condition id="19">
<or_exp><and_exp></and_exp></or_exp>
</condition>

<Node id="131" bw="8" op_0_bw="8">
<![CDATA[
_ifconv24:42  %RoundKey_load_2 = load i8* %RoundKey_addr_9, align 1

]]></Node>
<StgValue><ssdm name="RoundKey_load_2"/></StgValue>
</operation>

<operation id="138" st_id="8" stage="1" lat="1">
<core>AddSub</core>
<MemPortIdVec></MemPortIdVec>
<condition id="19">
<or_exp><and_exp></and_exp></or_exp>
</condition>

<Node id="137" bw="8" op_0_bw="8" op_1_bw="8">
<![CDATA[
_ifconv24:48  %sum3 = add i8 -13, %tmp_8

]]></Node>
<StgValue><ssdm name="sum3"/></StgValue>
</operation>

<operation id="139" st_id="8" stage="1" lat="1">
<core>NULL</core>
<MemPortIdVec></MemPortIdVec>
<condition id="19">
<or_exp><and_exp></and_exp></or_exp>
</condition>

<Node id="138" bw="32" op_0_bw="8">
<![CDATA[
_ifconv24:49  %sum3_cast = zext i8 %sum3 to i32

]]></Node>
<StgValue><ssdm name="sum3_cast"/></StgValue>
</operation>

<operation id="140" st_id="8" stage="1" lat="1">
<core>NULL</core>
<MemPortIdVec></MemPortIdVec>
<condition id="19">
<or_exp><and_exp></and_exp></or_exp>
</condition>

<Node id="139" bw="8" op_0_bw="8" op_1_bw="32" op_2_bw="32">
<![CDATA[
_ifconv24:50  %RoundKey_addr_11 = getelementptr [240 x i8]* %RoundKey, i32 0, i32 %sum3_cast

]]></Node>
<StgValue><ssdm name="RoundKey_addr_11"/></StgValue>
</operation>

<operation id="141" st_id="8" stage="2" lat="2">
<core>RAM</core>
<MemPortIdVec>0 </MemPortIdVec>
<condition id="19">
<or_exp><and_exp></and_exp></or_exp>
</condition>

<Node id="140" bw="8" op_0_bw="8">
<![CDATA[
_ifconv24:51  %RoundKey_load_3 = load i8* %RoundKey_addr_11, align 1

]]></Node>
<StgValue><ssdm name="RoundKey_load_3"/></StgValue>
</operation>
</state>

<state id="9" st_id="9">

<operation id="142" st_id="9" stage="1" lat="1">
<core>NULL</core>
<MemPortIdVec></MemPortIdVec>
<condition id="20">
<or_exp><and_exp></and_exp></or_exp>
</condition>

<Node id="117" bw="8" op_0_bw="8" op_1_bw="32" op_2_bw="32">
<![CDATA[
_ifconv24:28  %RoundKey_addr_6 = getelementptr [240 x i8]* %RoundKey, i32 0, i32 %tmp_8_cast

]]></Node>
<StgValue><ssdm name="RoundKey_addr_6"/></StgValue>
</operation>

<operation id="143" st_id="9" stage="1" lat="1">
<core>RAM</core>
<MemPortIdVec>1 </MemPortIdVec>
<condition id="20">
<or_exp><and_exp></and_exp></or_exp>
</condition>

<Node id="118" bw="0" op_0_bw="8" op_1_bw="8">
<![CDATA[
_ifconv24:29  store i8 %tmp_10, i8* %RoundKey_addr_6, align 1

]]></Node>
<StgValue><ssdm name=""/></StgValue>
</operation>

<operation id="144" st_id="9" stage="1" lat="1">
<core>NULL</core>
<MemPortIdVec></MemPortIdVec>
<condition id="20">
<or_exp><and_exp></and_exp></or_exp>
</condition>

<Node id="124" bw="8" op_0_bw="8" op_1_bw="8">
<![CDATA[
_ifconv24:35  %tmp_12 = or i8 %tmp_8, 1

]]></Node>
<StgValue><ssdm name="tmp_12"/></StgValue>
</operation>

<operation id="145" st_id="9" stage="1" lat="1">
<core>NULL</core>
<MemPortIdVec></MemPortIdVec>
<condition id="20">
<or_exp><and_exp></and_exp></or_exp>
</condition>

<Node id="125" bw="32" op_0_bw="8">
<![CDATA[
_ifconv24:36  %tmp_22_cast = zext i8 %tmp_12 to i32

]]></Node>
<StgValue><ssdm name="tmp_22_cast"/></StgValue>
</operation>

<operation id="146" st_id="9" stage="1" lat="1">
<core>NULL</core>
<MemPortIdVec></MemPortIdVec>
<condition id="20">
<or_exp><and_exp></and_exp></or_exp>
</condition>

<Node id="126" bw="8" op_0_bw="8" op_1_bw="32" op_2_bw="32">
<![CDATA[
_ifconv24:37  %RoundKey_addr_8 = getelementptr [240 x i8]* %RoundKey, i32 0, i32 %tmp_22_cast

]]></Node>
<StgValue><ssdm name="RoundKey_addr_8"/></StgValue>
</operation>

<operation id="147" st_id="9" stage="1" lat="1">
<core>RAM</core>
<MemPortIdVec>0 </MemPortIdVec>
<condition id="20">
<or_exp><and_exp></and_exp></or_exp>
</condition>

<Node id="127" bw="0" op_0_bw="8" op_1_bw="8">
<![CDATA[
_ifconv24:38  store i8 %tmp_11, i8* %RoundKey_addr_8, align 1

]]></Node>
<StgValue><ssdm name=""/></StgValue>
</operation>

<operation id="148" st_id="9" stage="1" lat="2">
<core>RAM</core>
<MemPortIdVec>1 </MemPortIdVec>
<condition id="20">
<or_exp><and_exp></and_exp></or_exp>
</condition>

<Node id="131" bw="8" op_0_bw="8">
<![CDATA[
_ifconv24:42  %RoundKey_load_2 = load i8* %RoundKey_addr_9, align 1

]]></Node>
<StgValue><ssdm name="RoundKey_load_2"/></StgValue>
</operation>

<operation id="149" st_id="9" stage="1" lat="1">
<core>LogicGate</core>
<MemPortIdVec></MemPortIdVec>
<condition id="20">
<or_exp><and_exp></and_exp></or_exp>
</condition>

<Node id="132" bw="8" op_0_bw="8" op_1_bw="8">
<![CDATA[
_ifconv24:43  %tmp_13 = xor i8 %RoundKey_load_2, %temp_2_1_35

]]></Node>
<StgValue><ssdm name="tmp_13"/></StgValue>
</operation>

<operation id="150" st_id="9" stage="1" lat="2">
<core>RAM</core>
<MemPortIdVec>0 </MemPortIdVec>
<condition id="20">
<or_exp><and_exp></and_exp></or_exp>
</condition>

<Node id="140" bw="8" op_0_bw="8">
<![CDATA[
_ifconv24:51  %RoundKey_load_3 = load i8* %RoundKey_addr_11, align 1

]]></Node>
<StgValue><ssdm name="RoundKey_load_3"/></StgValue>
</operation>

<operation id="151" st_id="9" stage="1" lat="1">
<core>LogicGate</core>
<MemPortIdVec></MemPortIdVec>
<condition id="20">
<or_exp><and_exp></and_exp></or_exp>
</condition>

<Node id="141" bw="8" op_0_bw="8" op_1_bw="8">
<![CDATA[
_ifconv24:52  %tmp_15 = xor i8 %RoundKey_load_3, %temp_3_1_34

]]></Node>
<StgValue><ssdm name="tmp_15"/></StgValue>
</operation>
</state>

<state id="10" st_id="10">

<operation id="152" st_id="10" stage="1" lat="1">
<core>NULL</core>
<MemPortIdVec></MemPortIdVec>
<condition id="21">
<or_exp><and_exp></and_exp></or_exp>
</condition>

<Node id="133" bw="8" op_0_bw="8" op_1_bw="8">
<![CDATA[
_ifconv24:44  %tmp_14 = or i8 %tmp_8, 2

]]></Node>
<StgValue><ssdm name="tmp_14"/></StgValue>
</operation>

<operation id="153" st_id="10" stage="1" lat="1">
<core>NULL</core>
<MemPortIdVec></MemPortIdVec>
<condition id="21">
<or_exp><and_exp></and_exp></or_exp>
</condition>

<Node id="134" bw="32" op_0_bw="8">
<![CDATA[
_ifconv24:45  %tmp_24_cast = zext i8 %tmp_14 to i32

]]></Node>
<StgValue><ssdm name="tmp_24_cast"/></StgValue>
</operation>

<operation id="154" st_id="10" stage="1" lat="1">
<core>NULL</core>
<MemPortIdVec></MemPortIdVec>
<condition id="21">
<or_exp><and_exp></and_exp></or_exp>
</condition>

<Node id="135" bw="8" op_0_bw="8" op_1_bw="32" op_2_bw="32">
<![CDATA[
_ifconv24:46  %RoundKey_addr_10 = getelementptr [240 x i8]* %RoundKey, i32 0, i32 %tmp_24_cast

]]></Node>
<StgValue><ssdm name="RoundKey_addr_10"/></StgValue>
</operation>

<operation id="155" st_id="10" stage="1" lat="1">
<core>RAM</core>
<MemPortIdVec>1 </MemPortIdVec>
<condition id="21">
<or_exp><and_exp></and_exp></or_exp>
</condition>

<Node id="136" bw="0" op_0_bw="8" op_1_bw="8">
<![CDATA[
_ifconv24:47  store i8 %tmp_13, i8* %RoundKey_addr_10, align 1

]]></Node>
<StgValue><ssdm name=""/></StgValue>
</operation>

<operation id="156" st_id="10" stage="1" lat="1">
<core>NULL</core>
<MemPortIdVec></MemPortIdVec>
<condition id="21">
<or_exp><and_exp></and_exp></or_exp>
</condition>

<Node id="142" bw="8" op_0_bw="8" op_1_bw="8">
<![CDATA[
_ifconv24:53  %tmp_16 = or i8 %tmp_8, 3

]]></Node>
<StgValue><ssdm name="tmp_16"/></StgValue>
</operation>

<operation id="157" st_id="10" stage="1" lat="1">
<core>NULL</core>
<MemPortIdVec></MemPortIdVec>
<condition id="21">
<or_exp><and_exp></and_exp></or_exp>
</condition>

<Node id="143" bw="32" op_0_bw="8">
<![CDATA[
_ifconv24:54  %tmp_26_cast = zext i8 %tmp_16 to i32

]]></Node>
<StgValue><ssdm name="tmp_26_cast"/></StgValue>
</operation>

<operation id="158" st_id="10" stage="1" lat="1">
<core>NULL</core>
<MemPortIdVec></MemPortIdVec>
<condition id="21">
<or_exp><and_exp></and_exp></or_exp>
</condition>

<Node id="144" bw="8" op_0_bw="8" op_1_bw="32" op_2_bw="32">
<![CDATA[
_ifconv24:55  %RoundKey_addr_12 = getelementptr [240 x i8]* %RoundKey, i32 0, i32 %tmp_26_cast

]]></Node>
<StgValue><ssdm name="RoundKey_addr_12"/></StgValue>
</operation>

<operation id="159" st_id="10" stage="1" lat="1">
<core>RAM</core>
<MemPortIdVec>0 </MemPortIdVec>
<condition id="21">
<or_exp><and_exp></and_exp></or_exp>
</condition>

<Node id="145" bw="0" op_0_bw="8" op_1_bw="8">
<![CDATA[
_ifconv24:56  store i8 %tmp_15, i8* %RoundKey_addr_12, align 1

]]></Node>
<StgValue><ssdm name=""/></StgValue>
</operation>

<operation id="160" st_id="10" stage="1" lat="1">
<core>NULL</core>
<MemPortIdVec></MemPortIdVec>
<condition id="21">
<or_exp><and_exp></and_exp></or_exp>
</condition>

<Node id="147" bw="0" op_0_bw="0">
<![CDATA[
_ifconv24:58  br label %.preheader3

]]></Node>
<StgValue><ssdm name=""/></StgValue>
</operation>
</state>
</state_list>


<ports>
<port id="176" name="RoundKey" dir="2" iftype="1">
<core>RAM</core><StgValue><ssdm name="RoundKey"/><MemPortTyVec>2 2 </MemPortTyVec>
</StgValue>
</port>
<port id="177" name="Key" dir="0" iftype="1">
<core>RAM</core><StgValue><ssdm name="Key"/><MemPortTyVec>1 1 </MemPortTyVec>
</StgValue>
</port>
<port id="178" name="sbox" dir="0" iftype="1">
<core>ROM_nP</core><StgValue><ssdm name="sbox"/><MemPortTyVec>1 1 1 1 </MemPortTyVec>
</StgValue>
</port>
<port id="179" name="Rcon" dir="0" iftype="1">
<core>ROM_nP</core><StgValue><ssdm name="Rcon"/><MemPortTyVec>1 </MemPortTyVec>
</StgValue>
</port>
</ports>


<dataflows>
<dataflow id="181" from="StgValue_180" to="i" fromId="180" toId="12">
<condition id="55">
<or_exp><and_exp></and_exp></or_exp>
</condition>
</dataflow>
<dataflow id="182" from="StgValue_11" to="i" fromId="11" toId="12">
</dataflow>
<dataflow id="183" from="tmp_7" to="i" fromId="15" toId="12">
<BackEdge/>
<condition id="56">
<or_exp><and_exp></and_exp></or_exp>
</condition>
</dataflow>
<dataflow id="184" from="StgValue_51" to="i" fromId="51" toId="12">
<BackEdge/>
</dataflow>
<dataflow id="185" from="i" to="exitcond2" fromId="12" toId="13">
</dataflow>
<dataflow id="187" from="StgValue_186" to="exitcond2" fromId="186" toId="13">
</dataflow>
<dataflow id="189" from="_ssdm_op_SpecLoopTripCount" to="empty" fromId="188" toId="14">
</dataflow>
<dataflow id="191" from="StgValue_190" to="empty" fromId="190" toId="14">
</dataflow>
<dataflow id="192" from="StgValue_190" to="empty" fromId="190" toId="14">
</dataflow>
<dataflow id="193" from="StgValue_190" to="empty" fromId="190" toId="14">
</dataflow>
<dataflow id="194" from="i" to="tmp_7" fromId="12" toId="15">
</dataflow>
<dataflow id="196" from="StgValue_195" to="tmp_7" fromId="195" toId="15">
</dataflow>
<dataflow id="197" from="exitcond2" to="StgValue_16" fromId="13" toId="16">
</dataflow>
<dataflow id="198" from="i" to="tmp_2" fromId="12" toId="17">
</dataflow>
<dataflow id="200" from="_ssdm_op_BitConcatenate.i4.i2.i2" to="tmp" fromId="199" toId="18">
</dataflow>
<dataflow id="201" from="tmp_2" to="tmp" fromId="17" toId="18">
</dataflow>
<dataflow id="203" from="StgValue_202" to="tmp" fromId="202" toId="18">
</dataflow>
<dataflow id="204" from="tmp" to="tmp_cast" fromId="18" toId="19">
</dataflow>
<dataflow id="205" from="Key" to="Key_addr" fromId="177" toId="20">
</dataflow>
<dataflow id="207" from="StgValue_206" to="Key_addr" fromId="206" toId="20">
</dataflow>
<dataflow id="208" from="tmp_cast" to="Key_addr" fromId="19" toId="20">
</dataflow>
<dataflow id="209" from="Key_addr" to="Key_load" fromId="20" toId="21">
</dataflow>
<dataflow id="210" from="tmp" to="tmp_1" fromId="18" toId="22">
</dataflow>
<dataflow id="212" from="StgValue_211" to="tmp_1" fromId="211" toId="22">
</dataflow>
<dataflow id="213" from="tmp_1" to="tmp_1_cast" fromId="22" toId="23">
</dataflow>
<dataflow id="214" from="Key" to="Key_addr_1" fromId="177" toId="24">
</dataflow>
<dataflow id="215" from="StgValue_206" to="Key_addr_1" fromId="206" toId="24">
</dataflow>
<dataflow id="216" from="tmp_1_cast" to="Key_addr_1" fromId="23" toId="24">
</dataflow>
<dataflow id="217" from="Key_addr_1" to="Key_load_1" fromId="24" toId="25">
</dataflow>
<dataflow id="218" from="Key_addr" to="Key_load" fromId="20" toId="27">
</dataflow>
<dataflow id="219" from="Key_load" to="tmp_4" fromId="27" toId="28">
</dataflow>
<dataflow id="220" from="RoundKey" to="RoundKey_addr" fromId="176" toId="29">
</dataflow>
<dataflow id="221" from="StgValue_206" to="RoundKey_addr" fromId="206" toId="29">
</dataflow>
<dataflow id="222" from="tmp_cast" to="RoundKey_addr" fromId="19" toId="29">
</dataflow>
<dataflow id="223" from="tmp_4" to="StgValue_30" fromId="28" toId="30">
</dataflow>
<dataflow id="224" from="RoundKey_addr" to="StgValue_30" fromId="29" toId="30">
</dataflow>
<dataflow id="225" from="Key_addr_1" to="Key_load_1" fromId="24" toId="31">
</dataflow>
<dataflow id="226" from="Key_load_1" to="tmp_6" fromId="31" toId="32">
</dataflow>
<dataflow id="227" from="RoundKey" to="RoundKey_addr_1" fromId="176" toId="33">
</dataflow>
<dataflow id="228" from="StgValue_206" to="RoundKey_addr_1" fromId="206" toId="33">
</dataflow>
<dataflow id="229" from="tmp_1_cast" to="RoundKey_addr_1" fromId="23" toId="33">
</dataflow>
<dataflow id="230" from="tmp_6" to="StgValue_34" fromId="32" toId="34">
</dataflow>
<dataflow id="231" from="RoundKey_addr_1" to="StgValue_34" fromId="33" toId="34">
</dataflow>
<dataflow id="232" from="tmp" to="tmp_3" fromId="18" toId="35">
</dataflow>
<dataflow id="234" from="StgValue_233" to="tmp_3" fromId="233" toId="35">
</dataflow>
<dataflow id="235" from="tmp_3" to="tmp_3_cast" fromId="35" toId="36">
</dataflow>
<dataflow id="236" from="Key" to="Key_addr_2" fromId="177" toId="37">
</dataflow>
<dataflow id="237" from="StgValue_206" to="Key_addr_2" fromId="206" toId="37">
</dataflow>
<dataflow id="238" from="tmp_3_cast" to="Key_addr_2" fromId="36" toId="37">
</dataflow>
<dataflow id="239" from="Key_addr_2" to="Key_load_2" fromId="37" toId="38">
</dataflow>
<dataflow id="240" from="tmp" to="tmp_5" fromId="18" toId="39">
</dataflow>
<dataflow id="242" from="StgValue_241" to="tmp_5" fromId="241" toId="39">
</dataflow>
<dataflow id="243" from="tmp_5" to="tmp_5_cast" fromId="39" toId="40">
</dataflow>
<dataflow id="244" from="Key" to="Key_addr_3" fromId="177" toId="41">
</dataflow>
<dataflow id="245" from="StgValue_206" to="Key_addr_3" fromId="206" toId="41">
</dataflow>
<dataflow id="246" from="tmp_5_cast" to="Key_addr_3" fromId="40" toId="41">
</dataflow>
<dataflow id="247" from="Key_addr_3" to="Key_load_3" fromId="41" toId="42">
</dataflow>
<dataflow id="248" from="Key_addr_2" to="Key_load_2" fromId="37" toId="43">
</dataflow>
<dataflow id="249" from="Key_load_2" to="tmp_18" fromId="43" toId="44">
</dataflow>
<dataflow id="250" from="RoundKey" to="RoundKey_addr_2" fromId="176" toId="45">
</dataflow>
<dataflow id="251" from="StgValue_206" to="RoundKey_addr_2" fromId="206" toId="45">
</dataflow>
<dataflow id="252" from="tmp_3_cast" to="RoundKey_addr_2" fromId="36" toId="45">
</dataflow>
<dataflow id="253" from="tmp_18" to="StgValue_46" fromId="44" toId="46">
</dataflow>
<dataflow id="254" from="RoundKey_addr_2" to="StgValue_46" fromId="45" toId="46">
</dataflow>
<dataflow id="255" from="Key_addr_3" to="Key_load_3" fromId="41" toId="47">
</dataflow>
<dataflow id="256" from="Key_load_3" to="tmp_19" fromId="47" toId="48">
</dataflow>
<dataflow id="257" from="RoundKey" to="RoundKey_addr_3" fromId="176" toId="49">
</dataflow>
<dataflow id="258" from="StgValue_206" to="RoundKey_addr_3" fromId="206" toId="49">
</dataflow>
<dataflow id="259" from="tmp_5_cast" to="RoundKey_addr_3" fromId="40" toId="49">
</dataflow>
<dataflow id="260" from="tmp_19" to="StgValue_50" fromId="48" toId="50">
</dataflow>
<dataflow id="261" from="RoundKey_addr_3" to="StgValue_50" fromId="49" toId="50">
</dataflow>
<dataflow id="262" from="temp_3_1_34" to="temp_3" fromId="126" toId="52">
<BackEdge/>
<condition id="57">
<or_exp><and_exp></and_exp></or_exp>
</condition>
</dataflow>
<dataflow id="263" from="StgValue_160" to="temp_3" fromId="160" toId="52">
<BackEdge/>
</dataflow>
<dataflow id="265" from="StgValue_264" to="temp_3" fromId="264" toId="52">
<condition id="58">
<or_exp><and_exp><literal name="exitcond2" val="1"/>
</and_exp></or_exp>
</condition>
</dataflow>
<dataflow id="266" from="StgValue_26" to="temp_3" fromId="26" toId="52">
</dataflow>
<dataflow id="267" from="temp_2_1_35" to="temp_2" fromId="127" toId="53">
<BackEdge/>
<condition id="59">
<or_exp><and_exp></and_exp></or_exp>
</condition>
</dataflow>
<dataflow id="268" from="StgValue_160" to="temp_2" fromId="160" toId="53">
<BackEdge/>
</dataflow>
<dataflow id="269" from="StgValue_264" to="temp_2" fromId="264" toId="53">
<condition id="60">
<or_exp><and_exp><literal name="exitcond2" val="1"/>
</and_exp></or_exp>
</condition>
</dataflow>
<dataflow id="270" from="StgValue_26" to="temp_2" fromId="26" toId="53">
</dataflow>
<dataflow id="271" from="temp_1_1" to="temp_1" fromId="128" toId="54">
<BackEdge/>
<condition id="61">
<or_exp><and_exp></and_exp></or_exp>
</condition>
</dataflow>
<dataflow id="272" from="StgValue_160" to="temp_1" fromId="160" toId="54">
<BackEdge/>
</dataflow>
<dataflow id="273" from="StgValue_264" to="temp_1" fromId="264" toId="54">
<condition id="62">
<or_exp><and_exp><literal name="exitcond2" val="1"/>
</and_exp></or_exp>
</condition>
</dataflow>
<dataflow id="274" from="StgValue_26" to="temp_1" fromId="26" toId="54">
</dataflow>
<dataflow id="275" from="temp_0_2" to="temp" fromId="129" toId="55">
<BackEdge/>
<condition id="63">
<or_exp><and_exp></and_exp></or_exp>
</condition>
</dataflow>
<dataflow id="276" from="StgValue_160" to="temp" fromId="160" toId="55">
<BackEdge/>
</dataflow>
<dataflow id="277" from="StgValue_264" to="temp" fromId="264" toId="55">
<condition id="64">
<or_exp><and_exp><literal name="exitcond2" val="1"/>
</and_exp></or_exp>
</condition>
</dataflow>
<dataflow id="278" from="StgValue_26" to="temp" fromId="26" toId="55">
</dataflow>
<dataflow id="279" from="i_2" to="i_1" fromId="106" toId="56">
<BackEdge/>
<condition id="65">
<or_exp><and_exp></and_exp></or_exp>
</condition>
</dataflow>
<dataflow id="280" from="StgValue_160" to="i_1" fromId="160" toId="56">
<BackEdge/>
</dataflow>
<dataflow id="282" from="StgValue_281" to="i_1" fromId="281" toId="56">
<condition id="66">
<or_exp><and_exp><literal name="exitcond2" val="1"/>
</and_exp></or_exp>
</condition>
</dataflow>
<dataflow id="283" from="StgValue_26" to="i_1" fromId="26" toId="56">
</dataflow>
<dataflow id="284" from="i_1" to="exitcond1" fromId="56" toId="57">
</dataflow>
<dataflow id="286" from="StgValue_285" to="exitcond1" fromId="285" toId="57">
</dataflow>
<dataflow id="287" from="_ssdm_op_SpecLoopTripCount" to="empty_29" fromId="188" toId="58">
</dataflow>
<dataflow id="289" from="StgValue_288" to="empty_29" fromId="288" toId="58">
</dataflow>
<dataflow id="290" from="StgValue_288" to="empty_29" fromId="288" toId="58">
</dataflow>
<dataflow id="291" from="StgValue_288" to="empty_29" fromId="288" toId="58">
</dataflow>
<dataflow id="292" from="exitcond1" to="StgValue_59" fromId="57" toId="59">
</dataflow>
<dataflow id="294" from="_ssdm_op_BitConcatenate.i8.i6.i2" to="tmp_8" fromId="293" toId="60">
</dataflow>
<dataflow id="295" from="i_1" to="tmp_8" fromId="56" toId="60">
</dataflow>
<dataflow id="296" from="StgValue_202" to="tmp_8" fromId="202" toId="60">
</dataflow>
<dataflow id="297" from="tmp_8" to="tmp_8_cast" fromId="60" toId="61">
</dataflow>
<dataflow id="298" from="temp_3" to="temp_3_1" fromId="52" toId="64">
<condition id="67">
<or_exp><and_exp><literal name="exitcond1" val="0"/>
</and_exp></or_exp>
</condition>
</dataflow>
<dataflow id="299" from="StgValue_62" to="temp_3_1" fromId="62" toId="64">
</dataflow>
<dataflow id="300" from="temp_3_3" to="temp_3_1" fromId="113" toId="64">
<BackEdge/>
<condition id="68">
<or_exp><and_exp></and_exp></or_exp>
</condition>
</dataflow>
<dataflow id="301" from="StgValue_119" to="temp_3_1" fromId="119" toId="64">
<BackEdge/>
</dataflow>
<dataflow id="302" from="temp_2" to="temp_2_1" fromId="53" toId="65">
<condition id="69">
<or_exp><and_exp><literal name="exitcond1" val="0"/>
</and_exp></or_exp>
</condition>
</dataflow>
<dataflow id="303" from="StgValue_62" to="temp_2_1" fromId="62" toId="65">
</dataflow>
<dataflow id="304" from="temp_3_4" to="temp_2_1" fromId="115" toId="65">
<BackEdge/>
<condition id="70">
<or_exp><and_exp></and_exp></or_exp>
</condition>
</dataflow>
<dataflow id="305" from="StgValue_119" to="temp_2_1" fromId="119" toId="65">
<BackEdge/>
</dataflow>
<dataflow id="306" from="temp_1" to="temp_3_5" fromId="54" toId="66">
<condition id="71">
<or_exp><and_exp><literal name="exitcond1" val="0"/>
</and_exp></or_exp>
</condition>
</dataflow>
<dataflow id="307" from="StgValue_62" to="temp_3_5" fromId="62" toId="66">
</dataflow>
<dataflow id="308" from="temp_3_7" to="temp_3_5" fromId="117" toId="66">
<BackEdge/>
<condition id="72">
<or_exp><and_exp></and_exp></or_exp>
</condition>
</dataflow>
<dataflow id="309" from="StgValue_119" to="temp_3_5" fromId="119" toId="66">
<BackEdge/>
</dataflow>
<dataflow id="310" from="temp" to="temp_3_8" fromId="55" toId="67">
<condition id="73">
<or_exp><and_exp><literal name="exitcond1" val="0"/>
</and_exp></or_exp>
</condition>
</dataflow>
<dataflow id="311" from="StgValue_62" to="temp_3_8" fromId="62" toId="67">
</dataflow>
<dataflow id="312" from="temp_3_9" to="temp_3_8" fromId="118" toId="67">
<BackEdge/>
<condition id="74">
<or_exp><and_exp></and_exp></or_exp>
</condition>
</dataflow>
<dataflow id="313" from="StgValue_119" to="temp_3_8" fromId="119" toId="67">
<BackEdge/>
</dataflow>
<dataflow id="314" from="StgValue_180" to="j" fromId="180" toId="68">
<condition id="75">
<or_exp><and_exp><literal name="exitcond1" val="0"/>
</and_exp></or_exp>
</condition>
</dataflow>
<dataflow id="315" from="StgValue_62" to="j" fromId="62" toId="68">
</dataflow>
<dataflow id="316" from="j_2" to="j" fromId="71" toId="68">
<BackEdge/>
<condition id="76">
<or_exp><and_exp></and_exp></or_exp>
</condition>
</dataflow>
<dataflow id="317" from="StgValue_119" to="j" fromId="119" toId="68">
<BackEdge/>
</dataflow>
<dataflow id="318" from="j" to="exitcond" fromId="68" toId="69">
</dataflow>
<dataflow id="319" from="StgValue_186" to="exitcond" fromId="186" toId="69">
</dataflow>
<dataflow id="320" from="_ssdm_op_SpecLoopTripCount" to="empty_30" fromId="188" toId="70">
</dataflow>
<dataflow id="321" from="StgValue_190" to="empty_30" fromId="190" toId="70">
</dataflow>
<dataflow id="322" from="StgValue_190" to="empty_30" fromId="190" toId="70">
</dataflow>
<dataflow id="323" from="StgValue_190" to="empty_30" fromId="190" toId="70">
</dataflow>
<dataflow id="324" from="j" to="j_2" fromId="68" toId="71">
</dataflow>
<dataflow id="325" from="StgValue_195" to="j_2" fromId="195" toId="71">
</dataflow>
<dataflow id="326" from="exitcond" to="StgValue_72" fromId="69" toId="72">
</dataflow>
<dataflow id="327" from="j" to="tmp1" fromId="68" toId="73">
</dataflow>
<dataflow id="328" from="StgValue_186" to="tmp1" fromId="186" toId="73">
</dataflow>
<dataflow id="329" from="tmp1" to="tmp29_cast" fromId="73" toId="74">
</dataflow>
<dataflow id="330" from="tmp29_cast" to="sum8" fromId="74" toId="75">
</dataflow>
<dataflow id="331" from="tmp_8" to="sum8" fromId="60" toId="75">
</dataflow>
<dataflow id="332" from="sum8" to="sum8_cast" fromId="75" toId="76">
</dataflow>
<dataflow id="333" from="RoundKey" to="RoundKey_addr_4" fromId="176" toId="77">
</dataflow>
<dataflow id="334" from="StgValue_206" to="RoundKey_addr_4" fromId="206" toId="77">
</dataflow>
<dataflow id="335" from="sum8_cast" to="RoundKey_addr_4" fromId="76" toId="77">
</dataflow>
<dataflow id="336" from="RoundKey_addr_4" to="temp_0" fromId="77" toId="78">
</dataflow>
<dataflow id="337" from="j" to="tmp_21" fromId="68" toId="79">
</dataflow>
<dataflow id="338" from="i_1" to="tmp_20" fromId="56" toId="80">
</dataflow>
<dataflow id="339" from="tmp_20" to="tmp_9" fromId="80" toId="81">
</dataflow>
<dataflow id="340" from="StgValue_202" to="tmp_9" fromId="202" toId="81">
</dataflow>
<dataflow id="341" from="temp_3_5" to="num_assign" fromId="66" toId="82">
</dataflow>
<dataflow id="342" from="sbox" to="sbox_addr" fromId="178" toId="83">
</dataflow>
<dataflow id="343" from="StgValue_206" to="sbox_addr" fromId="206" toId="83">
</dataflow>
<dataflow id="344" from="num_assign" to="sbox_addr" fromId="82" toId="83">
</dataflow>
<dataflow id="345" from="sbox_addr" to="sbox_load" fromId="83" toId="84">
</dataflow>
<dataflow id="346" from="temp_2_1" to="num_assign_1" fromId="65" toId="85">
</dataflow>
<dataflow id="347" from="sbox" to="sbox_addr_1" fromId="178" toId="86">
</dataflow>
<dataflow id="348" from="StgValue_206" to="sbox_addr_1" fromId="206" toId="86">
</dataflow>
<dataflow id="349" from="num_assign_1" to="sbox_addr_1" fromId="85" toId="86">
</dataflow>
<dataflow id="350" from="sbox_addr_1" to="temp_1_31" fromId="86" toId="87">
</dataflow>
<dataflow id="351" from="temp_3_1" to="num_assign_2" fromId="64" toId="88">
</dataflow>
<dataflow id="352" from="sbox" to="sbox_addr_2" fromId="178" toId="89">
</dataflow>
<dataflow id="353" from="StgValue_206" to="sbox_addr_2" fromId="206" toId="89">
</dataflow>
<dataflow id="354" from="num_assign_2" to="sbox_addr_2" fromId="88" toId="89">
</dataflow>
<dataflow id="355" from="sbox_addr_2" to="temp_2_32" fromId="89" toId="90">
</dataflow>
<dataflow id="356" from="temp_3_8" to="num_assign_3" fromId="67" toId="91">
</dataflow>
<dataflow id="357" from="sbox" to="sbox_addr_3" fromId="178" toId="92">
</dataflow>
<dataflow id="358" from="StgValue_206" to="sbox_addr_3" fromId="206" toId="92">
</dataflow>
<dataflow id="359" from="num_assign_3" to="sbox_addr_3" fromId="91" toId="92">
</dataflow>
<dataflow id="360" from="sbox_addr_3" to="temp_3_33" fromId="92" toId="93">
</dataflow>
<dataflow id="362" from="_ssdm_op_PartSelect.i4.i6.i32.i32" to="p_lshr_f_cast" fromId="361" toId="94">
</dataflow>
<dataflow id="363" from="i_1" to="p_lshr_f_cast" fromId="56" toId="94">
</dataflow>
<dataflow id="365" from="StgValue_364" to="p_lshr_f_cast" fromId="364" toId="94">
</dataflow>
<dataflow id="367" from="StgValue_366" to="p_lshr_f_cast" fromId="366" toId="94">
</dataflow>
<dataflow id="368" from="p_lshr_f_cast" to="tmp_s" fromId="94" toId="95">
</dataflow>
<dataflow id="369" from="Rcon" to="Rcon_addr" fromId="179" toId="96">
</dataflow>
<dataflow id="370" from="StgValue_206" to="Rcon_addr" fromId="206" toId="96">
</dataflow>
<dataflow id="371" from="tmp_s" to="Rcon_addr" fromId="95" toId="96">
</dataflow>
<dataflow id="372" from="Rcon_addr" to="Rcon_load" fromId="96" toId="97">
</dataflow>
<dataflow id="374" from="StgValue_373" to="sum" fromId="373" toId="98">
</dataflow>
<dataflow id="375" from="tmp_8" to="sum" fromId="60" toId="98">
</dataflow>
<dataflow id="376" from="sum" to="sum_cast" fromId="98" toId="99">
</dataflow>
<dataflow id="377" from="RoundKey" to="RoundKey_addr_5" fromId="176" toId="100">
</dataflow>
<dataflow id="378" from="StgValue_206" to="RoundKey_addr_5" fromId="206" toId="100">
</dataflow>
<dataflow id="379" from="sum_cast" to="RoundKey_addr_5" fromId="99" toId="100">
</dataflow>
<dataflow id="380" from="RoundKey_addr_5" to="RoundKey_load" fromId="100" toId="101">
</dataflow>
<dataflow id="382" from="StgValue_381" to="sum1" fromId="381" toId="102">
</dataflow>
<dataflow id="383" from="tmp_8" to="sum1" fromId="60" toId="102">
</dataflow>
<dataflow id="384" from="sum1" to="sum1_cast" fromId="102" toId="103">
</dataflow>
<dataflow id="385" from="RoundKey" to="RoundKey_addr_7" fromId="176" toId="104">
</dataflow>
<dataflow id="386" from="StgValue_206" to="RoundKey_addr_7" fromId="206" toId="104">
</dataflow>
<dataflow id="387" from="sum1_cast" to="RoundKey_addr_7" fromId="103" toId="104">
</dataflow>
<dataflow id="388" from="RoundKey_addr_7" to="RoundKey_load_1" fromId="104" toId="105">
</dataflow>
<dataflow id="390" from="StgValue_389" to="i_2" fromId="389" toId="106">
</dataflow>
<dataflow id="391" from="i_1" to="i_2" fromId="56" toId="106">
</dataflow>
<dataflow id="392" from="RoundKey_addr_4" to="temp_0" fromId="77" toId="107">
</dataflow>
<dataflow id="393" from="tmp_21" to="sel_tmp" fromId="79" toId="108">
</dataflow>
<dataflow id="395" from="StgValue_394" to="sel_tmp" fromId="394" toId="108">
</dataflow>
<dataflow id="396" from="tmp_21" to="sel_tmp2" fromId="79" toId="109">
</dataflow>
<dataflow id="398" from="StgValue_397" to="sel_tmp2" fromId="397" toId="109">
</dataflow>
<dataflow id="399" from="tmp_21" to="sel_tmp4" fromId="79" toId="110">
</dataflow>
<dataflow id="400" from="StgValue_202" to="sel_tmp4" fromId="202" toId="110">
</dataflow>
<dataflow id="401" from="sel_tmp4" to="or_cond" fromId="110" toId="111">
</dataflow>
<dataflow id="402" from="sel_tmp2" to="or_cond" fromId="109" toId="111">
</dataflow>
<dataflow id="403" from="sel_tmp" to="newSel" fromId="108" toId="112">
</dataflow>
<dataflow id="404" from="temp_3_1" to="newSel" fromId="64" toId="112">
</dataflow>
<dataflow id="405" from="temp_0" to="newSel" fromId="107" toId="112">
</dataflow>
<dataflow id="406" from="or_cond" to="temp_3_3" fromId="111" toId="113">
</dataflow>
<dataflow id="407" from="temp_3_1" to="temp_3_3" fromId="64" toId="113">
</dataflow>
<dataflow id="408" from="newSel" to="temp_3_3" fromId="112" toId="113">
</dataflow>
<dataflow id="409" from="sel_tmp" to="newSel2" fromId="108" toId="114">
</dataflow>
<dataflow id="410" from="temp_0" to="newSel2" fromId="107" toId="114">
</dataflow>
<dataflow id="411" from="temp_2_1" to="newSel2" fromId="65" toId="114">
</dataflow>
<dataflow id="412" from="or_cond" to="temp_3_4" fromId="111" toId="115">
</dataflow>
<dataflow id="413" from="temp_2_1" to="temp_3_4" fromId="65" toId="115">
</dataflow>
<dataflow id="414" from="newSel2" to="temp_3_4" fromId="114" toId="115">
</dataflow>
<dataflow id="415" from="sel_tmp2" to="temp_3_6" fromId="109" toId="116">
</dataflow>
<dataflow id="416" from="temp_0" to="temp_3_6" fromId="107" toId="116">
</dataflow>
<dataflow id="417" from="temp_3_5" to="temp_3_6" fromId="66" toId="116">
</dataflow>
<dataflow id="418" from="sel_tmp4" to="temp_3_7" fromId="110" toId="117">
</dataflow>
<dataflow id="419" from="temp_3_5" to="temp_3_7" fromId="66" toId="117">
</dataflow>
<dataflow id="420" from="temp_3_6" to="temp_3_7" fromId="116" toId="117">
</dataflow>
<dataflow id="421" from="sel_tmp4" to="temp_3_9" fromId="110" toId="118">
</dataflow>
<dataflow id="422" from="temp_0" to="temp_3_9" fromId="107" toId="118">
</dataflow>
<dataflow id="423" from="temp_3_8" to="temp_3_9" fromId="67" toId="118">
</dataflow>
<dataflow id="424" from="sbox_addr" to="sbox_load" fromId="83" toId="120">
</dataflow>
<dataflow id="425" from="sbox_addr_1" to="temp_1_31" fromId="86" toId="121">
</dataflow>
<dataflow id="426" from="sbox_addr_2" to="temp_2_32" fromId="89" toId="122">
</dataflow>
<dataflow id="427" from="sbox_addr_3" to="temp_3_33" fromId="92" toId="123">
</dataflow>
<dataflow id="428" from="Rcon_addr" to="Rcon_load" fromId="96" toId="124">
</dataflow>
<dataflow id="429" from="Rcon_load" to="temp_0_1" fromId="124" toId="125">
</dataflow>
<dataflow id="430" from="sbox_load" to="temp_0_1" fromId="120" toId="125">
</dataflow>
<dataflow id="431" from="tmp_9" to="temp_3_1_34" fromId="81" toId="126">
</dataflow>
<dataflow id="432" from="temp_3_33" to="temp_3_1_34" fromId="123" toId="126">
</dataflow>
<dataflow id="433" from="temp_3_1" to="temp_3_1_34" fromId="64" toId="126">
</dataflow>
<dataflow id="434" from="tmp_9" to="temp_2_1_35" fromId="81" toId="127">
</dataflow>
<dataflow id="435" from="temp_2_32" to="temp_2_1_35" fromId="122" toId="127">
</dataflow>
<dataflow id="436" from="temp_2_1" to="temp_2_1_35" fromId="65" toId="127">
</dataflow>
<dataflow id="437" from="tmp_9" to="temp_1_1" fromId="81" toId="128">
</dataflow>
<dataflow id="438" from="temp_1_31" to="temp_1_1" fromId="121" toId="128">
</dataflow>
<dataflow id="439" from="temp_3_5" to="temp_1_1" fromId="66" toId="128">
</dataflow>
<dataflow id="440" from="tmp_9" to="temp_0_2" fromId="81" toId="129">
</dataflow>
<dataflow id="441" from="temp_0_1" to="temp_0_2" fromId="125" toId="129">
</dataflow>
<dataflow id="442" from="temp_3_8" to="temp_0_2" fromId="67" toId="129">
</dataflow>
<dataflow id="443" from="RoundKey_addr_5" to="RoundKey_load" fromId="100" toId="130">
</dataflow>
<dataflow id="444" from="RoundKey_load" to="tmp_10" fromId="130" toId="131">
</dataflow>
<dataflow id="445" from="temp_0_2" to="tmp_10" fromId="129" toId="131">
</dataflow>
<dataflow id="446" from="RoundKey_addr_7" to="RoundKey_load_1" fromId="104" toId="132">
</dataflow>
<dataflow id="447" from="RoundKey_load_1" to="tmp_11" fromId="132" toId="133">
</dataflow>
<dataflow id="448" from="temp_1_1" to="tmp_11" fromId="128" toId="133">
</dataflow>
<dataflow id="450" from="StgValue_449" to="sum2" fromId="449" toId="134">
</dataflow>
<dataflow id="451" from="tmp_8" to="sum2" fromId="60" toId="134">
</dataflow>
<dataflow id="452" from="sum2" to="sum2_cast" fromId="134" toId="135">
</dataflow>
<dataflow id="453" from="RoundKey" to="RoundKey_addr_9" fromId="176" toId="136">
</dataflow>
<dataflow id="454" from="StgValue_206" to="RoundKey_addr_9" fromId="206" toId="136">
</dataflow>
<dataflow id="455" from="sum2_cast" to="RoundKey_addr_9" fromId="135" toId="136">
</dataflow>
<dataflow id="456" from="RoundKey_addr_9" to="RoundKey_load_2" fromId="136" toId="137">
</dataflow>
<dataflow id="458" from="StgValue_457" to="sum3" fromId="457" toId="138">
</dataflow>
<dataflow id="459" from="tmp_8" to="sum3" fromId="60" toId="138">
</dataflow>
<dataflow id="460" from="sum3" to="sum3_cast" fromId="138" toId="139">
</dataflow>
<dataflow id="461" from="RoundKey" to="RoundKey_addr_11" fromId="176" toId="140">
</dataflow>
<dataflow id="462" from="StgValue_206" to="RoundKey_addr_11" fromId="206" toId="140">
</dataflow>
<dataflow id="463" from="sum3_cast" to="RoundKey_addr_11" fromId="139" toId="140">
</dataflow>
<dataflow id="464" from="RoundKey_addr_11" to="RoundKey_load_3" fromId="140" toId="141">
</dataflow>
<dataflow id="465" from="RoundKey" to="RoundKey_addr_6" fromId="176" toId="142">
</dataflow>
<dataflow id="466" from="StgValue_206" to="RoundKey_addr_6" fromId="206" toId="142">
</dataflow>
<dataflow id="467" from="tmp_8_cast" to="RoundKey_addr_6" fromId="61" toId="142">
</dataflow>
<dataflow id="468" from="tmp_10" to="StgValue_143" fromId="131" toId="143">
</dataflow>
<dataflow id="469" from="RoundKey_addr_6" to="StgValue_143" fromId="142" toId="143">
</dataflow>
<dataflow id="470" from="tmp_8" to="tmp_12" fromId="60" toId="144">
</dataflow>
<dataflow id="472" from="StgValue_471" to="tmp_12" fromId="471" toId="144">
</dataflow>
<dataflow id="473" from="tmp_12" to="tmp_22_cast" fromId="144" toId="145">
</dataflow>
<dataflow id="474" from="RoundKey" to="RoundKey_addr_8" fromId="176" toId="146">
</dataflow>
<dataflow id="475" from="StgValue_206" to="RoundKey_addr_8" fromId="206" toId="146">
</dataflow>
<dataflow id="476" from="tmp_22_cast" to="RoundKey_addr_8" fromId="145" toId="146">
</dataflow>
<dataflow id="477" from="tmp_11" to="StgValue_147" fromId="133" toId="147">
</dataflow>
<dataflow id="478" from="RoundKey_addr_8" to="StgValue_147" fromId="146" toId="147">
</dataflow>
<dataflow id="479" from="RoundKey_addr_9" to="RoundKey_load_2" fromId="136" toId="148">
</dataflow>
<dataflow id="480" from="RoundKey_load_2" to="tmp_13" fromId="148" toId="149">
</dataflow>
<dataflow id="481" from="temp_2_1_35" to="tmp_13" fromId="127" toId="149">
</dataflow>
<dataflow id="482" from="RoundKey_addr_11" to="RoundKey_load_3" fromId="140" toId="150">
</dataflow>
<dataflow id="483" from="RoundKey_load_3" to="tmp_15" fromId="150" toId="151">
</dataflow>
<dataflow id="484" from="temp_3_1_34" to="tmp_15" fromId="126" toId="151">
</dataflow>
<dataflow id="485" from="tmp_8" to="tmp_14" fromId="60" toId="152">
</dataflow>
<dataflow id="487" from="StgValue_486" to="tmp_14" fromId="486" toId="152">
</dataflow>
<dataflow id="488" from="tmp_14" to="tmp_24_cast" fromId="152" toId="153">
</dataflow>
<dataflow id="489" from="RoundKey" to="RoundKey_addr_10" fromId="176" toId="154">
</dataflow>
<dataflow id="490" from="StgValue_206" to="RoundKey_addr_10" fromId="206" toId="154">
</dataflow>
<dataflow id="491" from="tmp_24_cast" to="RoundKey_addr_10" fromId="153" toId="154">
</dataflow>
<dataflow id="492" from="tmp_13" to="StgValue_155" fromId="149" toId="155">
</dataflow>
<dataflow id="493" from="RoundKey_addr_10" to="StgValue_155" fromId="154" toId="155">
</dataflow>
<dataflow id="494" from="tmp_8" to="tmp_16" fromId="60" toId="156">
</dataflow>
<dataflow id="496" from="StgValue_495" to="tmp_16" fromId="495" toId="156">
</dataflow>
<dataflow id="497" from="tmp_16" to="tmp_26_cast" fromId="156" toId="157">
</dataflow>
<dataflow id="498" from="RoundKey" to="RoundKey_addr_12" fromId="176" toId="158">
</dataflow>
<dataflow id="499" from="StgValue_206" to="RoundKey_addr_12" fromId="206" toId="158">
</dataflow>
<dataflow id="500" from="tmp_26_cast" to="RoundKey_addr_12" fromId="157" toId="158">
</dataflow>
<dataflow id="501" from="tmp_15" to="StgValue_159" fromId="151" toId="159">
</dataflow>
<dataflow id="502" from="RoundKey_addr_12" to="StgValue_159" fromId="158" toId="159">
</dataflow>
<dataflow id="503" from="exitcond2" to="StgValue_2" fromId="13" toId="2">
</dataflow>
<dataflow id="504" from="exitcond1" to="StgValue_5" fromId="57" toId="5">
</dataflow>
<dataflow id="505" from="exitcond" to="StgValue_6" fromId="69" toId="6">
</dataflow>
<dataflow id="506" from="tmp_9" to="StgValue_8" fromId="81" toId="8">
</dataflow>
</dataflows>


</stg>
