<profile>

<section name = "Vivado HLS Report for 'KeyExpansion'" level="0">
<item name = "Date">Fri Apr  6 16:31:26 2018
</item>
<item name = "Version">2017.2 (Build 1909853 on Thu Jun 15 18:55:24 MDT 2017)</item>
<item name = "Project">deutero</item>
<item name = "Solution">solution1</item>
<item name = "Product family">zynquplus</item>
<item name = "Target device">xczu7eg-ffvf1517-1lv-i</item>
</section>

<section name = "Performance Estimates" level="0">
<item name = "Timing (ns)">
<section name = "" level="1">
<item name = "Summary"><table name="" hasTotal="0">
<keys size="4">Clock, Target, Estimated, Uncertainty</keys>
<column name="ap_clk">10.00, 2.70, 1.25</column>
</table>
</item>
</section>
</item>
<item name = "Latency (clock cycles)">
<section name = "" level="1">
<item name = "Summary"><table name="" hasTotal="0">
<keys size="6">, min, max, min, max, Type</keys>
<column name="">534, 534, 534, 534, none</column>
</table>
</item>
<item name = "Detail">
<section name = "" level="1">
<item name = "Instance"><table name="" hasTotal="0">
<keys size="7">Instance, Module, min, max, min, max, Type</keys>
</table>
</item>
<item name = "Loop"><table name="" hasTotal="0">
<keys size="8">Loop Name, min, max, Latency, achieved, target, Count, Pipelined</keys>
<column name="- Loop 1">12, 12, 3, -, -, 4, no</column>
<column name="- Loop 2">520, 520, 13, -, -, 40, no</column>
<column name=" + Loop 2.1">8, 8, 2, -, -, 4, no</column>
</table>
</item>
</section>
</item>
</section>
</item>
</section>

<section name = "Utilization Estimates" level="0">
<item name = "Summary"><table name="" hasTotal="1">
<keys size="6">Name, BRAM_18K, DSP48E, FF, LUT, URAM</keys>
<column name="DSP">-, -, -, -, -</column>
<column name="Expression">-, -, 196, 281, -</column>
<column name="FIFO">-, -, -, -, -</column>
<column name="Instance">-, -, -, -, -</column>
<column name="Memory">3, -, 0, 0, -</column>
<column name="Multiplexer">-, -, -, 273, -</column>
<column name="Register">-, -, 187, -, -</column>
<specialColumn name="Available">624, 1728, 460800, 230400, 96</specialColumn>
<specialColumn name="Utilization (%)">~0, 0, ~0, ~0, 0</specialColumn>
</table>
</item>
<item name = "Detail">
<section name = "" level="1">
<item name = "Instance"><table name="" hasTotal="1">
<keys size="6">Instance, Module, BRAM_18K, DSP48E, FF, LUT</keys>
</table>
</item>
<item name = "DSP48"><table name="" hasTotal="0">
<keys size="3">Instance, Module, Expression</keys>
</table>
</item>
<item name = "Memory"><table name="" hasTotal="1">
<keys size="9">Memory, Module, BRAM_18K, FF, LUT, Words, Bits, Banks, W*Bits*Banks</keys>
<column name="Rcon_U">KeyExpansion_Rcon, 1, 0, 0, 255, 8, 1, 2040</column>
<column name="sbox_U">KeyExpansion_sbox, 2, 0, 0, 256, 8, 1, 2048</column>
</table>
</item>
<item name = "FIFO"><table name="" hasTotal="1">
<keys size="7">Name, BRAM_18K, FF, LUT, Depth, Bits, Size:D*B</keys>
</table>
</item>
<item name = "Expression"><table name="" hasTotal="1">
<keys size="7">Variable Name, Operation, DSP48E, FF, LUT, Bitwidth P0, Bitwidth P1</keys>
<column name="i_2_fu_598_p2">+, 0, 23, 12, 1, 6</column>
<column name="j_2_fu_503_p2">+, 0, 14, 9, 3, 1</column>
<column name="sum1_fu_588_p2">+, 0, 29, 14, 5, 8</column>
<column name="sum2_fu_727_p2">+, 0, 29, 14, 5, 8</column>
<column name="sum3_fu_737_p2">+, 0, 29, 14, 5, 8</column>
<column name="sum8_fu_519_p2">+, 0, 29, 14, 8, 8</column>
<column name="sum_fu_578_p2">+, 0, 29, 14, 6, 8</column>
<column name="tmp_7_fu_405_p2">+, 0, 14, 9, 3, 1</column>
<column name="exitcond1_fu_479_p2">icmp, 0, 0, 3, 6, 6</column>
<column name="exitcond2_fu_399_p2">icmp, 0, 0, 2, 3, 4</column>
<column name="exitcond_fu_497_p2">icmp, 0, 0, 2, 3, 4</column>
<column name="sel_tmp2_fu_609_p2">icmp, 0, 0, 1, 2, 1</column>
<column name="sel_tmp4_fu_614_p2">icmp, 0, 0, 1, 2, 1</column>
<column name="sel_tmp_fu_604_p2">icmp, 0, 0, 1, 2, 3</column>
<column name="tmp_9_fu_537_p2">icmp, 0, 0, 1, 2, 1</column>
<column name="or_cond_fu_619_p2">or, 0, 0, 2, 1, 1</column>
<column name="tmp_12_fu_747_p2">or, 0, 0, 8, 8, 1</column>
<column name="tmp_14_fu_767_p2">or, 0, 0, 8, 8, 2</column>
<column name="tmp_16_fu_777_p2">or, 0, 0, 8, 8, 2</column>
<column name="tmp_1_fu_428_p2">or, 0, 0, 4, 4, 1</column>
<column name="tmp_3_fu_449_p2">or, 0, 0, 4, 4, 2</column>
<column name="tmp_5_fu_459_p2">or, 0, 0, 4, 4, 2</column>
<column name="newSel2_fu_641_p3">select, 0, 0, 8, 1, 8</column>
<column name="newSel_fu_625_p3">select, 0, 0, 8, 1, 8</column>
<column name="temp_0_2_fu_708_p3">select, 0, 0, 8, 1, 8</column>
<column name="temp_1_1_fu_701_p3">select, 0, 0, 8, 1, 8</column>
<column name="temp_2_1_35_fu_694_p3">select, 0, 0, 8, 1, 8</column>
<column name="temp_3_1_34_fu_687_p3">select, 0, 0, 8, 1, 8</column>
<column name="temp_3_3_fu_633_p3">select, 0, 0, 8, 1, 8</column>
<column name="temp_3_4_fu_649_p3">select, 0, 0, 8, 1, 8</column>
<column name="temp_3_6_fu_657_p3">select, 0, 0, 8, 1, 8</column>
<column name="temp_3_7_fu_665_p3">select, 0, 0, 8, 1, 8</column>
<column name="temp_3_9_fu_673_p3">select, 0, 0, 8, 1, 8</column>
<column name="temp_0_1_fu_681_p2">xor, 0, 0, 8, 8, 8</column>
<column name="tmp1_fu_509_p2">xor, 0, 0, 4, 3, 4</column>
<column name="tmp_10_fu_715_p2">xor, 0, 0, 8, 8, 8</column>
<column name="tmp_11_fu_721_p2">xor, 0, 0, 8, 8, 8</column>
<column name="tmp_13_fu_757_p2">xor, 0, 0, 8, 8, 8</column>
<column name="tmp_15_fu_762_p2">xor, 0, 0, 8, 8, 8</column>
</table>
</item>
<item name = "Multiplexer"><table name="" hasTotal="1">
<keys size="5">Name, LUT, Input Size, Bits, Total Bits</keys>
<column name="Key_address0">15, 3, 5, 15</column>
<column name="Key_address1">15, 3, 5, 15</column>
<column name="RoundKey_address0">33, 8, 8, 64</column>
<column name="RoundKey_address1">33, 7, 8, 56</column>
<column name="RoundKey_d0">27, 5, 8, 40</column>
<column name="RoundKey_d1">27, 5, 8, 40</column>
<column name="ap_NS_fsm">60, 11, 1, 11</column>
<column name="i_1_reg_332">9, 2, 6, 12</column>
<column name="i_reg_273">9, 2, 3, 6</column>
<column name="j_reg_388">9, 2, 3, 6</column>
<column name="temp_2_1_reg_355">9, 2, 8, 16</column>
<column name="temp_3_1_reg_344">9, 2, 8, 16</column>
<column name="temp_3_5_reg_366">9, 2, 8, 16</column>
<column name="temp_3_8_reg_377">9, 2, 8, 16</column>
</table>
</item>
<item name = "Register"><table name="" hasTotal="1">
<keys size="5">Name, FF, LUT, Bits, Const Bits</keys>
<column name="ap_CS_fsm">10, 0, 10, 0</column>
<column name="i_1_reg_332">6, 0, 6, 0</column>
<column name="i_2_reg_924">6, 0, 6, 0</column>
<column name="i_reg_273">3, 0, 3, 0</column>
<column name="j_2_reg_864">3, 0, 3, 0</column>
<column name="j_reg_388">3, 0, 3, 0</column>
<column name="temp_0_2_reg_966">8, 0, 8, 0</column>
<column name="temp_1_1_reg_961">8, 0, 8, 0</column>
<column name="temp_1_reg_308">8, 0, 8, 0</column>
<column name="temp_2_1_35_reg_955">8, 0, 8, 0</column>
<column name="temp_2_1_reg_355">8, 0, 8, 0</column>
<column name="temp_2_reg_296">8, 0, 8, 0</column>
<column name="temp_3_1_34_reg_949">8, 0, 8, 0</column>
<column name="temp_3_1_reg_344">8, 0, 8, 0</column>
<column name="temp_3_5_reg_366">8, 0, 8, 0</column>
<column name="temp_3_8_reg_377">8, 0, 8, 0</column>
<column name="temp_3_reg_284">8, 0, 8, 0</column>
<column name="temp_reg_320">8, 0, 8, 0</column>
<column name="tmp_10_reg_971">8, 0, 8, 0</column>
<column name="tmp_11_reg_976">8, 0, 8, 0</column>
<column name="tmp_13_reg_991">8, 0, 8, 0</column>
<column name="tmp_15_reg_996">8, 0, 8, 0</column>
<column name="tmp_1_cast_reg_811">2, 0, 32, 30</column>
<column name="tmp_21_reg_874">2, 0, 2, 0</column>
<column name="tmp_3_cast_reg_821">2, 0, 32, 30</column>
<column name="tmp_5_cast_reg_831">2, 0, 32, 30</column>
<column name="tmp_7_reg_790">3, 0, 3, 0</column>
<column name="tmp_8_cast_reg_856">6, 0, 32, 26</column>
<column name="tmp_8_reg_844">6, 0, 8, 2</column>
<column name="tmp_9_reg_881">1, 0, 1, 0</column>
<column name="tmp_cast_reg_801">2, 0, 32, 30</column>
<column name="tmp_reg_795">2, 0, 4, 2</column>
</table>
</item>
</section>
</item>
</section>

<section name = "Interface" level="0">
<item name = "Summary"><table name="" hasTotal="0">
<keys size="6">RTL Ports, Dir, Bits, Protocol, Source Object, C Type</keys>
<column name="ap_clk">in, 1, ap_ctrl_hs, KeyExpansion, return value</column>
<column name="ap_rst">in, 1, ap_ctrl_hs, KeyExpansion, return value</column>
<column name="ap_start">in, 1, ap_ctrl_hs, KeyExpansion, return value</column>
<column name="ap_done">out, 1, ap_ctrl_hs, KeyExpansion, return value</column>
<column name="ap_idle">out, 1, ap_ctrl_hs, KeyExpansion, return value</column>
<column name="ap_ready">out, 1, ap_ctrl_hs, KeyExpansion, return value</column>
<column name="RoundKey_address0">out, 8, ap_memory, RoundKey, array</column>
<column name="RoundKey_ce0">out, 1, ap_memory, RoundKey, array</column>
<column name="RoundKey_we0">out, 1, ap_memory, RoundKey, array</column>
<column name="RoundKey_d0">out, 8, ap_memory, RoundKey, array</column>
<column name="RoundKey_q0">in, 8, ap_memory, RoundKey, array</column>
<column name="RoundKey_address1">out, 8, ap_memory, RoundKey, array</column>
<column name="RoundKey_ce1">out, 1, ap_memory, RoundKey, array</column>
<column name="RoundKey_we1">out, 1, ap_memory, RoundKey, array</column>
<column name="RoundKey_d1">out, 8, ap_memory, RoundKey, array</column>
<column name="RoundKey_q1">in, 8, ap_memory, RoundKey, array</column>
<column name="Key_address0">out, 5, ap_memory, Key, array</column>
<column name="Key_ce0">out, 1, ap_memory, Key, array</column>
<column name="Key_q0">in, 32, ap_memory, Key, array</column>
<column name="Key_address1">out, 5, ap_memory, Key, array</column>
<column name="Key_ce1">out, 1, ap_memory, Key, array</column>
<column name="Key_q1">in, 32, ap_memory, Key, array</column>
</table>
</item>
</section>
</profile>
