<stg><name>KeyExpansion</name>


<trans_list>

<trans id="161" from="1" to="2">
<condition id="23">
<or_exp><and_exp></and_exp></or_exp>
</condition>
</trans>

<trans id="162" from="2" to="3">
<condition id="24">
<or_exp><and_exp><literal name="exitcond2" val="0"/>
</and_exp></or_exp>
</condition>
</trans>

<trans id="166" from="2" to="5">
<condition id="30">
<or_exp><and_exp><literal name="exitcond2" val="1"/>
</and_exp></or_exp>
</condition>
</trans>

<trans id="164" from="3" to="4">
<condition id="26">
<or_exp><and_exp></and_exp></or_exp>
</condition>
</trans>

<trans id="165" from="4" to="2">
<condition id="28">
<or_exp><and_exp></and_exp></or_exp>
</condition>
</trans>

<trans id="167" from="5" to="6">
<condition id="32">
<or_exp><and_exp><literal name="exitcond1" val="0"/>
</and_exp></or_exp>
</condition>
</trans>

<trans id="168" from="6" to="7">
<condition id="34">
<or_exp><and_exp><literal name="exitcond" val="0"/>
</and_exp></or_exp>
</condition>
</trans>

<trans id="169" from="6" to="8">
<condition id="33">
<or_exp><and_exp><literal name="exitcond" val="1"/>
</and_exp></or_exp>
</condition>
</trans>

<trans id="171" from="7" to="6">
<condition id="37">
<or_exp><and_exp></and_exp></or_exp>
</condition>
</trans>

<trans id="173" from="8" to="9">
<condition id="39">
<or_exp><and_exp></and_exp></or_exp>
</condition>
</trans>

<trans id="174" from="9" to="10">
<condition id="40">
<or_exp><and_exp></and_exp></or_exp>
</condition>
</trans>

<trans id="175" from="10" to="5">
<condition id="42">
<or_exp><and_exp></and_exp></or_exp>
</condition>
</trans>
</trans_list>



<state_list>

<state id="1" st_id="1">

<operation id="11" st_id="1" stage="1" lat="1">
<core>NULL</core>
<MemPortIdVec></MemPortIdVec>
<condition id="0">
<or_exp><and_exp></and_exp></or_exp>
</condition>

<Node id="5" bw="0" op_0_bw="0">
<![CDATA[
:0  br label %1

]]></Node>
<StgValue><ssdm name=""/></StgValue>
</operation>
</state>

<state id="2" st_id="2">

<operation id="12" st_id="2" stage="1" lat="1">
<core>NULL</core>
<MemPortIdVec></MemPortIdVec>
<condition id="1">
<or_exp><and_exp></and_exp></or_exp>
</condition>

<Node id="7" bw="3" op_0_bw="3" op_1_bw="0">
<![CDATA[
:0  %i = phi i3 [ 0, %0 ], [ %tmp_7, %2 ]

]]></Node>
<StgValue><ssdm name="i"/></StgValue>
</operation>

<operation id="13" st_id="2" stage="1" lat="1">
<core>Cmp</core>
<MemPortIdVec></MemPortIdVec>
<condition id="1">
<or_exp><and_exp></and_exp></or_exp>
</condition>

<Node id="8" bw="1" op_0_bw="3" op_1_bw="3">
<![CDATA[
:1  %exitcond2 = icmp eq i3 %i, -4

]]></Node>
<StgValue><ssdm name="exitcond2"/></StgValue>
</operation>

<operation id="14" st_id="2" stage="1" lat="1">
<core>NULL</core>
<MemPortIdVec></MemPortIdVec>
<condition id="1">
<or_exp><and_exp></and_exp></or_exp>
</condition>

<Node id="9" bw="32" op_0_bw="32" op_1_bw="64" op_2_bw="64" op_3_bw="64">
<![CDATA[
:2  %empty = call i32 (...)* @_ssdm_op_SpecLoopTripCount(i64 4, i64 4, i64 4)

]]></Node>
<StgValue><ssdm name="empty"/></StgValue>
</operation>

<operation id="15" st_id="2" stage="1" lat="1">
<core>AddSub</core>
<MemPortIdVec></MemPortIdVec>
<condition id="1">
<or_exp><and_exp></and_exp></or_exp>
</condition>

<Node id="10" bw="3" op_0_bw="3" op_1_bw="3">
<![CDATA[
:3  %tmp_7 = add i3 %i, 1

]]></Node>
<StgValue><ssdm name="tmp_7"/></StgValue>
</operation>

<operation id="16" st_id="2" stage="1" lat="1">
<core>NULL</core>
<MemPortIdVec></MemPortIdVec>
<condition id="1">
<or_exp><and_exp></and_exp></or_exp>
</condition>

<Node id="11" bw="0" op_0_bw="1" op_1_bw="0" op_2_bw="0">
<![CDATA[
:4  br i1 %exitcond2, label %.preheader3.preheader, label %2

]]></Node>
<StgValue><ssdm name=""/></StgValue>
</operation>

<operation id="17" st_id="2" stage="1" lat="1">
<core>NULL</core>
<MemPortIdVec></MemPortIdVec>
<condition id="3">
<or_exp><and_exp><literal name="exitcond2" val="0"/>
</and_exp></or_exp>
</condition>

<Node id="13" bw="2" op_0_bw="3">
<![CDATA[
:0  %tmp_2 = trunc i3 %i to i2

]]></Node>
<StgValue><ssdm name="tmp_2"/></StgValue>
</operation>

<operation id="18" st_id="2" stage="1" lat="1">
<core>NULL</core>
<MemPortIdVec></MemPortIdVec>
<condition id="3">
<or_exp><and_exp><literal name="exitcond2" val="0"/>
</and_exp></or_exp>
</condition>

<Node id="14" bw="4" op_0_bw="4" op_1_bw="2" op_2_bw="2">
<![CDATA[
:1  %tmp = call i4 @_ssdm_op_BitConcatenate.i4.i2.i2(i2 %tmp_2, i2 0)

]]></Node>
<StgValue><ssdm name="tmp"/></StgValue>
</operation>

<operation id="19" st_id="2" stage="1" lat="1">
<core>NULL</core>
<MemPortIdVec></MemPortIdVec>
<condition id="3">
<or_exp><and_exp><literal name="exitcond2" val="0"/>
</and_exp></or_exp>
</condition>

<Node id="15" bw="32" op_0_bw="4">
<![CDATA[
:2  %tmp_cast = zext i4 %tmp to i32

]]></Node>
<StgValue><ssdm name="tmp_cast"/></StgValue>
</operation>

<operation id="20" st_id="2" stage="1" lat="1">
<core>NULL</core>
<MemPortIdVec></MemPortIdVec>
<condition id="3">
<or_exp><and_exp><literal name="exitcond2" val="0"/>
</and_exp></or_exp>
</condition>

<Node id="16" bw="5" op_0_bw="32" op_1_bw="32" op_2_bw="32">
<![CDATA[
:3  %Key_addr = getelementptr [32 x i32]* %Key, i32 0, i32 %tmp_cast

]]></Node>
<StgValue><ssdm name="Key_addr"/></StgValue>
</operation>

<operation id="21" st_id="2" stage="2" lat="2">
<core>RAM</core>
<MemPortIdVec></MemPortIdVec>
<condition id="3">
<or_exp><and_exp><literal name="exitcond2" val="0"/>
</and_exp></or_exp>
</condition>

<Node id="17" bw="32" op_0_bw="5">
<![CDATA[
:4  %Key_load = load i32* %Key_addr, align 4

]]></Node>
<StgValue><ssdm name="Key_load"/></StgValue>
</operation>

<operation id="22" st_id="2" stage="1" lat="1">
<core>NULL</core>
<MemPortIdVec></MemPortIdVec>
<condition id="3">
<or_exp><and_exp><literal name="exitcond2" val="0"/>
</and_exp></or_exp>
</condition>

<Node id="21" bw="4" op_0_bw="4" op_1_bw="4">
<![CDATA[
:8  %tmp_1 = or i4 %tmp, 1

]]></Node>
<StgValue><ssdm name="tmp_1"/></StgValue>
</operation>

<operation id="23" st_id="2" stage="1" lat="1">
<core>NULL</core>
<MemPortIdVec></MemPortIdVec>
<condition id="3">
<or_exp><and_exp><literal name="exitcond2" val="0"/>
</and_exp></or_exp>
</condition>

<Node id="22" bw="32" op_0_bw="4">
<![CDATA[
:9  %tmp_1_cast = zext i4 %tmp_1 to i32

]]></Node>
<StgValue><ssdm name="tmp_1_cast"/></StgValue>
</operation>

<operation id="24" st_id="2" stage="1" lat="1">
<core>NULL</core>
<MemPortIdVec></MemPortIdVec>
<condition id="3">
<or_exp><and_exp><literal name="exitcond2" val="0"/>
</and_exp></or_exp>
</condition>

<Node id="23" bw="5" op_0_bw="32" op_1_bw="32" op_2_bw="32">
<![CDATA[
:10  %Key_addr_1 = getelementptr [32 x i32]* %Key, i32 0, i32 %tmp_1_cast

]]></Node>
<StgValue><ssdm name="Key_addr_1"/></StgValue>
</operation>

<operation id="25" st_id="2" stage="2" lat="2">
<core>RAM</core>
<MemPortIdVec></MemPortIdVec>
<condition id="3">
<or_exp><and_exp><literal name="exitcond2" val="0"/>
</and_exp></or_exp>
</condition>

<Node id="24" bw="32" op_0_bw="5">
<![CDATA[
:11  %Key_load_1 = load i32* %Key_addr_1, align 4

]]></Node>
<StgValue><ssdm name="Key_load_1"/></StgValue>
</operation>

<operation id="26" st_id="2" stage="1" lat="1">
<core>NULL</core>
<MemPortIdVec></MemPortIdVec>
<condition id="5">
<or_exp><and_exp><literal name="exitcond2" val="1"/>
</and_exp></or_exp>
</condition>

<Node id="44" bw="0" op_0_bw="0">
<![CDATA[
.preheader3.preheader:0  br label %.preheader3

]]></Node>
<StgValue><ssdm name=""/></StgValue>
</operation>
</state>

<state id="3" st_id="3">

<operation id="27" st_id="3" stage="1" lat="2">
<core>RAM</core>
<MemPortIdVec></MemPortIdVec>
<condition id="6">
<or_exp><and_exp></and_exp></or_exp>
</condition>

<Node id="17" bw="32" op_0_bw="5">
<![CDATA[
:4  %Key_load = load i32* %Key_addr, align 4

]]></Node>
<StgValue><ssdm name="Key_load"/></StgValue>
</operation>

<operation id="28" st_id="3" stage="1" lat="1">
<core>NULL</core>
<MemPortIdVec></MemPortIdVec>
<condition id="6">
<or_exp><and_exp></and_exp></or_exp>
</condition>

<Node id="18" bw="8" op_0_bw="32">
<![CDATA[
:5  %tmp_4 = trunc i32 %Key_load to i8

]]></Node>
<StgValue><ssdm name="tmp_4"/></StgValue>
</operation>

<operation id="29" st_id="3" stage="1" lat="1">
<core>NULL</core>
<MemPortIdVec></MemPortIdVec>
<condition id="6">
<or_exp><and_exp></and_exp></or_exp>
</condition>

<Node id="19" bw="8" op_0_bw="8" op_1_bw="32" op_2_bw="32">
<![CDATA[
:6  %RoundKey_addr = getelementptr [240 x i8]* %RoundKey, i32 0, i32 %tmp_cast

]]></Node>
<StgValue><ssdm name="RoundKey_addr"/></StgValue>
</operation>

<operation id="30" st_id="3" stage="1" lat="1">
<core>RAM</core>
<MemPortIdVec></MemPortIdVec>
<condition id="6">
<or_exp><and_exp></and_exp></or_exp>
</condition>

<Node id="20" bw="0" op_0_bw="8" op_1_bw="8">
<![CDATA[
:7  store i8 %tmp_4, i8* %RoundKey_addr, align 1

]]></Node>
<StgValue><ssdm name=""/></StgValue>
</operation>

<operation id="31" st_id="3" stage="1" lat="2">
<core>RAM</core>
<MemPortIdVec></MemPortIdVec>
<condition id="6">
<or_exp><and_exp></and_exp></or_exp>
</condition>

<Node id="24" bw="32" op_0_bw="5">
<![CDATA[
:11  %Key_load_1 = load i32* %Key_addr_1, align 4

]]></Node>
<StgValue><ssdm name="Key_load_1"/></StgValue>
</operation>

<operation id="32" st_id="3" stage="1" lat="1">
<core>NULL</core>
<MemPortIdVec></MemPortIdVec>
<condition id="6">
<or_exp><and_exp></and_exp></or_exp>
</condition>

<Node id="25" bw="8" op_0_bw="32">
<![CDATA[
:12  %tmp_6 = trunc i32 %Key_load_1 to i8

]]></Node>
<StgValue><ssdm name="tmp_6"/></StgValue>
</operation>

<operation id="33" st_id="3" stage="1" lat="1">
<core>NULL</core>
<MemPortIdVec></MemPortIdVec>
<condition id="6">
<or_exp><and_exp></and_exp></or_exp>
</condition>

<Node id="26" bw="8" op_0_bw="8" op_1_bw="32" op_2_bw="32">
<![CDATA[
:13  %RoundKey_addr_1 = getelementptr [240 x i8]* %RoundKey, i32 0, i32 %tmp_1_cast

]]></Node>
<StgValue><ssdm name="RoundKey_addr_1"/></StgValue>
</operation>

<operation id="34" st_id="3" stage="1" lat="1">
<core>RAM</core>
<MemPortIdVec></MemPortIdVec>
<condition id="6">
<or_exp><and_exp></and_exp></or_exp>
</condition>

<Node id="27" bw="0" op_0_bw="8" op_1_bw="8">
<![CDATA[
:14  store i8 %tmp_6, i8* %RoundKey_addr_1, align 1

]]></Node>
<StgValue><ssdm name=""/></StgValue>
</operation>

<operation id="35" st_id="3" stage="1" lat="1">
<core>NULL</core>
<MemPortIdVec></MemPortIdVec>
<condition id="6">
<or_exp><and_exp></and_exp></or_exp>
</condition>

<Node id="28" bw="4" op_0_bw="4" op_1_bw="4">
<![CDATA[
:15  %tmp_3 = or i4 %tmp, 2

]]></Node>
<StgValue><ssdm name="tmp_3"/></StgValue>
</operation>

<operation id="36" st_id="3" stage="1" lat="1">
<core>NULL</core>
<MemPortIdVec></MemPortIdVec>
<condition id="6">
<or_exp><and_exp></and_exp></or_exp>
</condition>

<Node id="29" bw="32" op_0_bw="4">
<![CDATA[
:16  %tmp_3_cast = zext i4 %tmp_3 to i32

]]></Node>
<StgValue><ssdm name="tmp_3_cast"/></StgValue>
</operation>

<operation id="37" st_id="3" stage="1" lat="1">
<core>NULL</core>
<MemPortIdVec></MemPortIdVec>
<condition id="6">
<or_exp><and_exp></and_exp></or_exp>
</condition>

<Node id="30" bw="5" op_0_bw="32" op_1_bw="32" op_2_bw="32">
<![CDATA[
:17  %Key_addr_2 = getelementptr [32 x i32]* %Key, i32 0, i32 %tmp_3_cast

]]></Node>
<StgValue><ssdm name="Key_addr_2"/></StgValue>
</operation>

<operation id="38" st_id="3" stage="2" lat="2">
<core>RAM</core>
<MemPortIdVec></MemPortIdVec>
<condition id="6">
<or_exp><and_exp></and_exp></or_exp>
</condition>

<Node id="31" bw="32" op_0_bw="5">
<![CDATA[
:18  %Key_load_2 = load i32* %Key_addr_2, align 4

]]></Node>
<StgValue><ssdm name="Key_load_2"/></StgValue>
</operation>

<operation id="39" st_id="3" stage="1" lat="1">
<core>NULL</core>
<MemPortIdVec></MemPortIdVec>
<condition id="6">
<or_exp><and_exp></and_exp></or_exp>
</condition>

<Node id="35" bw="4" op_0_bw="4" op_1_bw="4">
<![CDATA[
:22  %tmp_5 = or i4 %tmp, 3

]]></Node>
<StgValue><ssdm name="tmp_5"/></StgValue>
</operation>

<operation id="40" st_id="3" stage="1" lat="1">
<core>NULL</core>
<MemPortIdVec></MemPortIdVec>
<condition id="6">
<or_exp><and_exp></and_exp></or_exp>
</condition>

<Node id="36" bw="32" op_0_bw="4">
<![CDATA[
:23  %tmp_5_cast = zext i4 %tmp_5 to i32

]]></Node>
<StgValue><ssdm name="tmp_5_cast"/></StgValue>
</operation>

<operation id="41" st_id="3" stage="1" lat="1">
<core>NULL</core>
<MemPortIdVec></MemPortIdVec>
<condition id="6">
<or_exp><and_exp></and_exp></or_exp>
</condition>

<Node id="37" bw="5" op_0_bw="32" op_1_bw="32" op_2_bw="32">
<![CDATA[
:24  %Key_addr_3 = getelementptr [32 x i32]* %Key, i32 0, i32 %tmp_5_cast

]]></Node>
<StgValue><ssdm name="Key_addr_3"/></StgValue>
</operation>

<operation id="42" st_id="3" stage="2" lat="2">
<core>RAM</core>
<MemPortIdVec></MemPortIdVec>
<condition id="6">
<or_exp><and_exp></and_exp></or_exp>
</condition>

<Node id="38" bw="32" op_0_bw="5">
<![CDATA[
:25  %Key_load_3 = load i32* %Key_addr_3, align 4

]]></Node>
<StgValue><ssdm name="Key_load_3"/></StgValue>
</operation>
</state>

<state id="4" st_id="4">

<operation id="43" st_id="4" stage="1" lat="2">
<core>RAM</core>
<MemPortIdVec></MemPortIdVec>
<condition id="7">
<or_exp><and_exp></and_exp></or_exp>
</condition>

<Node id="31" bw="32" op_0_bw="5">
<![CDATA[
:18  %Key_load_2 = load i32* %Key_addr_2, align 4

]]></Node>
<StgValue><ssdm name="Key_load_2"/></StgValue>
</operation>

<operation id="44" st_id="4" stage="1" lat="1">
<core>NULL</core>
<MemPortIdVec></MemPortIdVec>
<condition id="7">
<or_exp><and_exp></and_exp></or_exp>
</condition>

<Node id="32" bw="8" op_0_bw="32">
<![CDATA[
:19  %tmp_18 = trunc i32 %Key_load_2 to i8

]]></Node>
<StgValue><ssdm name="tmp_18"/></StgValue>
</operation>

<operation id="45" st_id="4" stage="1" lat="1">
<core>NULL</core>
<MemPortIdVec></MemPortIdVec>
<condition id="7">
<or_exp><and_exp></and_exp></or_exp>
</condition>

<Node id="33" bw="8" op_0_bw="8" op_1_bw="32" op_2_bw="32">
<![CDATA[
:20  %RoundKey_addr_2 = getelementptr [240 x i8]* %RoundKey, i32 0, i32 %tmp_3_cast

]]></Node>
<StgValue><ssdm name="RoundKey_addr_2"/></StgValue>
</operation>

<operation id="46" st_id="4" stage="1" lat="1">
<core>RAM</core>
<MemPortIdVec></MemPortIdVec>
<condition id="7">
<or_exp><and_exp></and_exp></or_exp>
</condition>

<Node id="34" bw="0" op_0_bw="8" op_1_bw="8">
<![CDATA[
:21  store i8 %tmp_18, i8* %RoundKey_addr_2, align 1

]]></Node>
<StgValue><ssdm name=""/></StgValue>
</operation>

<operation id="47" st_id="4" stage="1" lat="2">
<core>RAM</core>
<MemPortIdVec></MemPortIdVec>
<condition id="7">
<or_exp><and_exp></and_exp></or_exp>
</condition>

<Node id="38" bw="32" op_0_bw="5">
<![CDATA[
:25  %Key_load_3 = load i32* %Key_addr_3, align 4

]]></Node>
<StgValue><ssdm name="Key_load_3"/></StgValue>
</operation>

<operation id="48" st_id="4" stage="1" lat="1">
<core>NULL</core>
<MemPortIdVec></MemPortIdVec>
<condition id="7">
<or_exp><and_exp></and_exp></or_exp>
</condition>

<Node id="39" bw="8" op_0_bw="32">
<![CDATA[
:26  %tmp_19 = trunc i32 %Key_load_3 to i8

]]></Node>
<StgValue><ssdm name="tmp_19"/></StgValue>
</operation>

<operation id="49" st_id="4" stage="1" lat="1">
<core>NULL</core>
<MemPortIdVec></MemPortIdVec>
<condition id="7">
<or_exp><and_exp></and_exp></or_exp>
</condition>

<Node id="40" bw="8" op_0_bw="8" op_1_bw="32" op_2_bw="32">
<![CDATA[
:27  %RoundKey_addr_3 = getelementptr [240 x i8]* %RoundKey, i32 0, i32 %tmp_5_cast

]]></Node>
<StgValue><ssdm name="RoundKey_addr_3"/></StgValue>
</operation>

<operation id="50" st_id="4" stage="1" lat="1">
<core>RAM</core>
<MemPortIdVec></MemPortIdVec>
<condition id="7">
<or_exp><and_exp></and_exp></or_exp>
</condition>

<Node id="41" bw="0" op_0_bw="8" op_1_bw="8">
<![CDATA[
:28  store i8 %tmp_19, i8* %RoundKey_addr_3, align 1

]]></Node>
<StgValue><ssdm name=""/></StgValue>
</operation>

<operation id="51" st_id="4" stage="1" lat="1">
<core>NULL</core>
<MemPortIdVec></MemPortIdVec>
<condition id="7">
<or_exp><and_exp></and_exp></or_exp>
</condition>

<Node id="42" bw="0" op_0_bw="0">
<![CDATA[
:29  br label %1

]]></Node>
<StgValue><ssdm name=""/></StgValue>
</operation>
</state>

<state id="5" st_id="5">

<operation id="52" st_id="5" stage="1" lat="1">
<core>NULL</core>
<MemPortIdVec></MemPortIdVec>
<condition id="8">
<or_exp><and_exp></and_exp></or_exp>
</condition>

<Node id="46" bw="8" op_0_bw="8" op_1_bw="0">
<![CDATA[
.preheader3:0  %temp_3 = phi i8 [ %temp_3_1_34, %_ifconv24 ], [ undef, %.preheader3.preheader ]

]]></Node>
<StgValue><ssdm name="temp_3"/></StgValue>
</operation>

<operation id="53" st_id="5" stage="1" lat="1">
<core>NULL</core>
<MemPortIdVec></MemPortIdVec>
<condition id="8">
<or_exp><and_exp></and_exp></or_exp>
</condition>

<Node id="47" bw="8" op_0_bw="8" op_1_bw="0">
<![CDATA[
.preheader3:1  %temp_2 = phi i8 [ %temp_2_1_35, %_ifconv24 ], [ undef, %.preheader3.preheader ]

]]></Node>
<StgValue><ssdm name="temp_2"/></StgValue>
</operation>

<operation id="54" st_id="5" stage="1" lat="1">
<core>NULL</core>
<MemPortIdVec></MemPortIdVec>
<condition id="8">
<or_exp><and_exp></and_exp></or_exp>
</condition>

<Node id="48" bw="8" op_0_bw="8" op_1_bw="0">
<![CDATA[
.preheader3:2  %temp_1 = phi i8 [ %temp_1_1, %_ifconv24 ], [ undef, %.preheader3.preheader ]

]]></Node>
<StgValue><ssdm name="temp_1"/></StgValue>
</operation>

<operation id="55" st_id="5" stage="1" lat="1">
<core>NULL</core>
<MemPortIdVec></MemPortIdVec>
<condition id="8">
<or_exp><and_exp></and_exp></or_exp>
</condition>

<Node id="49" bw="8" op_0_bw="8" op_1_bw="0">
<![CDATA[
.preheader3:3  %temp = phi i8 [ %temp_0_2, %_ifconv24 ], [ undef, %.preheader3.preheader ]

]]></Node>
<StgValue><ssdm name="temp"/></StgValue>
</operation>

<operation id="56" st_id="5" stage="1" lat="1">
<core>NULL</core>
<MemPortIdVec></MemPortIdVec>
<condition id="8">
<or_exp><and_exp></and_exp></or_exp>
</condition>

<Node id="50" bw="6" op_0_bw="6" op_1_bw="0">
<![CDATA[
.preheader3:4  %i_1 = phi i6 [ %i_2, %_ifconv24 ], [ 4, %.preheader3.preheader ]

]]></Node>
<StgValue><ssdm name="i_1"/></StgValue>
</operation>

<operation id="57" st_id="5" stage="1" lat="1">
<core>Cmp</core>
<MemPortIdVec></MemPortIdVec>
<condition id="8">
<or_exp><and_exp></and_exp></or_exp>
</condition>

<Node id="51" bw="1" op_0_bw="6" op_1_bw="6">
<![CDATA[
.preheader3:5  %exitcond1 = icmp eq i6 %i_1, -20

]]></Node>
<StgValue><ssdm name="exitcond1"/></StgValue>
</operation>

<operation id="58" st_id="5" stage="1" lat="1">
<core>NULL</core>
<MemPortIdVec></MemPortIdVec>
<condition id="8">
<or_exp><and_exp></and_exp></or_exp>
</condition>

<Node id="52" bw="32" op_0_bw="32" op_1_bw="64" op_2_bw="64" op_3_bw="64">
<![CDATA[
.preheader3:6  %empty_29 = call i32 (...)* @_ssdm_op_SpecLoopTripCount(i64 40, i64 40, i64 40)

]]></Node>
<StgValue><ssdm name="empty_29"/></StgValue>
</operation>

<operation id="59" st_id="5" stage="1" lat="1">
<core>NULL</core>
<MemPortIdVec></MemPortIdVec>
<condition id="8">
<or_exp><and_exp></and_exp></or_exp>
</condition>

<Node id="53" bw="0" op_0_bw="1" op_1_bw="0" op_2_bw="0">
<![CDATA[
.preheader3:7  br i1 %exitcond1, label %3, label %.preheader.preheader

]]></Node>
<StgValue><ssdm name=""/></StgValue>
</operation>

<operation id="60" st_id="5" stage="1" lat="1">
<core>NULL</core>
<MemPortIdVec></MemPortIdVec>
<condition id="10">
<or_exp><and_exp><literal name="exitcond1" val="0"/>
</and_exp></or_exp>
</condition>

<Node id="55" bw="8" op_0_bw="8" op_1_bw="6" op_2_bw="2">
<![CDATA[
.preheader.preheader:0  %tmp_8 = call i8 @_ssdm_op_BitConcatenate.i8.i6.i2(i6 %i_1, i2 0)

]]></Node>
<StgValue><ssdm name="tmp_8"/></StgValue>
</operation>

<operation id="61" st_id="5" stage="1" lat="1">
<core>NULL</core>
<MemPortIdVec></MemPortIdVec>
<condition id="10">
<or_exp><and_exp><literal name="exitcond1" val="0"/>
</and_exp></or_exp>
</condition>

<Node id="56" bw="32" op_0_bw="8">
<![CDATA[
.preheader.preheader:1  %tmp_8_cast = zext i8 %tmp_8 to i32

]]></Node>
<StgValue><ssdm name="tmp_8_cast"/></StgValue>
</operation>

<operation id="62" st_id="5" stage="1" lat="1">
<core>NULL</core>
<MemPortIdVec></MemPortIdVec>
<condition id="10">
<or_exp><and_exp><literal name="exitcond1" val="0"/>
</and_exp></or_exp>
</condition>

<Node id="57" bw="0" op_0_bw="0">
<![CDATA[
.preheader.preheader:2  br label %.preheader

]]></Node>
<StgValue><ssdm name=""/></StgValue>
</operation>

<operation id="63" st_id="5" stage="1" lat="1">
<core>NULL</core>
<MemPortIdVec></MemPortIdVec>
<condition id="12">
<or_exp><and_exp><literal name="exitcond1" val="1"/>
</and_exp></or_exp>
</condition>

<Node id="149" bw="0">
<![CDATA[
:0  ret void

]]></Node>
<StgValue><ssdm name=""/></StgValue>
</operation>
</state>

<state id="6" st_id="6">

<operation id="64" st_id="6" stage="1" lat="1">
<core>NULL</core>
<MemPortIdVec></MemPortIdVec>
<condition id="13">
<or_exp><and_exp></and_exp></or_exp>
</condition>

<Node id="59" bw="8" op_0_bw="8" op_1_bw="0">
<![CDATA[
.preheader:0  %temp_3_1 = phi i8 [ %temp_3, %.preheader.preheader ], [ %temp_3_3, %_ifconv ]

]]></Node>
<StgValue><ssdm name="temp_3_1"/></StgValue>
</operation>

<operation id="65" st_id="6" stage="1" lat="1">
<core>NULL</core>
<MemPortIdVec></MemPortIdVec>
<condition id="13">
<or_exp><and_exp></and_exp></or_exp>
</condition>

<Node id="60" bw="8" op_0_bw="8" op_1_bw="0">
<![CDATA[
.preheader:1  %temp_2_1 = phi i8 [ %temp_2, %.preheader.preheader ], [ %temp_3_4, %_ifconv ]

]]></Node>
<StgValue><ssdm name="temp_2_1"/></StgValue>
</operation>

<operation id="66" st_id="6" stage="1" lat="1">
<core>NULL</core>
<MemPortIdVec></MemPortIdVec>
<condition id="13">
<or_exp><and_exp></and_exp></or_exp>
</condition>

<Node id="61" bw="8" op_0_bw="8" op_1_bw="0">
<![CDATA[
.preheader:2  %temp_3_5 = phi i8 [ %temp_1, %.preheader.preheader ], [ %temp_3_7, %_ifconv ]

]]></Node>
<StgValue><ssdm name="temp_3_5"/></StgValue>
</operation>

<operation id="67" st_id="6" stage="1" lat="1">
<core>NULL</core>
<MemPortIdVec></MemPortIdVec>
<condition id="13">
<or_exp><and_exp></and_exp></or_exp>
</condition>

<Node id="62" bw="8" op_0_bw="8" op_1_bw="0">
<![CDATA[
.preheader:3  %temp_3_8 = phi i8 [ %temp, %.preheader.preheader ], [ %temp_3_9, %_ifconv ]

]]></Node>
<StgValue><ssdm name="temp_3_8"/></StgValue>
</operation>

<operation id="68" st_id="6" stage="1" lat="1">
<core>NULL</core>
<MemPortIdVec></MemPortIdVec>
<condition id="13">
<or_exp><and_exp></and_exp></or_exp>
</condition>

<Node id="63" bw="3" op_0_bw="3" op_1_bw="0">
<![CDATA[
.preheader:4  %j = phi i3 [ 0, %.preheader.preheader ], [ %j_2, %_ifconv ]

]]></Node>
<StgValue><ssdm name="j"/></StgValue>
</operation>

<operation id="69" st_id="6" stage="1" lat="1">
<core>Cmp</core>
<MemPortIdVec></MemPortIdVec>
<condition id="13">
<or_exp><and_exp></and_exp></or_exp>
</condition>

<Node id="64" bw="1" op_0_bw="3" op_1_bw="3">
<![CDATA[
.preheader:5  %exitcond = icmp eq i3 %j, -4

]]></Node>
<StgValue><ssdm name="exitcond"/></StgValue>
</operation>

<operation id="70" st_id="6" stage="1" lat="1">
<core>NULL</core>
<MemPortIdVec></MemPortIdVec>
<condition id="13">
<or_exp><and_exp></and_exp></or_exp>
</condition>

<Node id="65" bw="32" op_0_bw="32" op_1_bw="64" op_2_bw="64" op_3_bw="64">
<![CDATA[
.preheader:6  %empty_30 = call i32 (...)* @_ssdm_op_SpecLoopTripCount(i64 4, i64 4, i64 4)

]]></Node>
<StgValue><ssdm name="empty_30"/></StgValue>
</operation>

<operation id="71" st_id="6" stage="1" lat="1">
<core>AddSub</core>
<MemPortIdVec></MemPortIdVec>
<condition id="13">
<or_exp><and_exp></and_exp></or_exp>
</condition>

<Node id="66" bw="3" op_0_bw="3" op_1_bw="3">
<![CDATA[
.preheader:7  %j_2 = add i3 %j, 1

]]></Node>
<StgValue><ssdm name="j_2"/></StgValue>
</operation>

<operation id="72" st_id="6" stage="1" lat="1">
<core>NULL</core>
<MemPortIdVec></MemPortIdVec>
<condition id="13">
<or_exp><and_exp></and_exp></or_exp>
</condition>

<Node id="67" bw="0" op_0_bw="1" op_1_bw="0" op_2_bw="0">
<![CDATA[
.preheader:8  br i1 %exitcond, label %_ifconv24, label %_ifconv

]]></Node>
<StgValue><ssdm name=""/></StgValue>
</operation>

<operation id="73" st_id="6" stage="1" lat="1">
<core>LogicGate</core>
<MemPortIdVec></MemPortIdVec>
<condition id="15">
<or_exp><and_exp><literal name="exitcond" val="0"/>
</and_exp></or_exp>
</condition>

<Node id="69" bw="3" op_0_bw="3" op_1_bw="3">
<![CDATA[
_ifconv:0  %tmp1 = xor i3 %j, -4

]]></Node>
<StgValue><ssdm name="tmp1"/></StgValue>
</operation>

<operation id="74" st_id="6" stage="1" lat="1">
<core>NULL</core>
<MemPortIdVec></MemPortIdVec>
<condition id="15">
<or_exp><and_exp><literal name="exitcond" val="0"/>
</and_exp></or_exp>
</condition>

<Node id="70" bw="8" op_0_bw="3">
<![CDATA[
_ifconv:1  %tmp29_cast = sext i3 %tmp1 to i8

]]></Node>
<StgValue><ssdm name="tmp29_cast"/></StgValue>
</operation>

<operation id="75" st_id="6" stage="1" lat="1">
<core>AddSub</core>
<MemPortIdVec></MemPortIdVec>
<condition id="15">
<or_exp><and_exp><literal name="exitcond" val="0"/>
</and_exp></or_exp>
</condition>

<Node id="71" bw="8" op_0_bw="8" op_1_bw="8">
<![CDATA[
_ifconv:2  %sum8 = add i8 %tmp29_cast, %tmp_8

]]></Node>
<StgValue><ssdm name="sum8"/></StgValue>
</operation>

<operation id="76" st_id="6" stage="1" lat="1">
<core>NULL</core>
<MemPortIdVec></MemPortIdVec>
<condition id="15">
<or_exp><and_exp><literal name="exitcond" val="0"/>
</and_exp></or_exp>
</condition>

<Node id="72" bw="32" op_0_bw="8">
<![CDATA[
_ifconv:3  %sum8_cast = zext i8 %sum8 to i32

]]></Node>
<StgValue><ssdm name="sum8_cast"/></StgValue>
</operation>

<operation id="77" st_id="6" stage="1" lat="1">
<core>NULL</core>
<MemPortIdVec></MemPortIdVec>
<condition id="15">
<or_exp><and_exp><literal name="exitcond" val="0"/>
</and_exp></or_exp>
</condition>

<Node id="73" bw="8" op_0_bw="8" op_1_bw="32" op_2_bw="32">
<![CDATA[
_ifconv:4  %RoundKey_addr_4 = getelementptr [240 x i8]* %RoundKey, i32 0, i32 %sum8_cast

]]></Node>
<StgValue><ssdm name="RoundKey_addr_4"/></StgValue>
</operation>

<operation id="78" st_id="6" stage="2" lat="2">
<core>RAM</core>
<MemPortIdVec></MemPortIdVec>
<condition id="15">
<or_exp><and_exp><literal name="exitcond" val="0"/>
</and_exp></or_exp>
</condition>

<Node id="74" bw="8" op_0_bw="8">
<![CDATA[
_ifconv:5  %temp_0 = load i8* %RoundKey_addr_4, align 1

]]></Node>
<StgValue><ssdm name="temp_0"/></StgValue>
</operation>

<operation id="79" st_id="6" stage="1" lat="1">
<core>NULL</core>
<MemPortIdVec></MemPortIdVec>
<condition id="15">
<or_exp><and_exp><literal name="exitcond" val="0"/>
</and_exp></or_exp>
</condition>

<Node id="75" bw="2" op_0_bw="3">
<![CDATA[
_ifconv:6  %tmp_21 = trunc i3 %j to i2

]]></Node>
<StgValue><ssdm name="tmp_21"/></StgValue>
</operation>

<operation id="80" st_id="6" stage="1" lat="1">
<core>NULL</core>
<MemPortIdVec></MemPortIdVec>
<condition id="17">
<or_exp><and_exp><literal name="exitcond" val="1"/>
</and_exp></or_exp>
</condition>

<Node id="89" bw="2" op_0_bw="6">
<![CDATA[
_ifconv24:0  %tmp_20 = trunc i6 %i_1 to i2

]]></Node>
<StgValue><ssdm name="tmp_20"/></StgValue>
</operation>

<operation id="81" st_id="6" stage="1" lat="1">
<core>Cmp</core>
<MemPortIdVec></MemPortIdVec>
<condition id="17">
<or_exp><and_exp><literal name="exitcond" val="1"/>
</and_exp></or_exp>
</condition>

<Node id="90" bw="1" op_0_bw="2" op_1_bw="2">
<![CDATA[
_ifconv24:1  %tmp_9 = icmp eq i2 %tmp_20, 0

]]></Node>
<StgValue><ssdm name="tmp_9"/></StgValue>
</operation>

<operation id="82" st_id="6" stage="1" lat="1">
<core>NULL</core>
<MemPortIdVec></MemPortIdVec>
<condition id="17">
<or_exp><and_exp><literal name="exitcond" val="1"/>
</and_exp></or_exp>
</condition>

<Node id="91" bw="32" op_0_bw="8">
<![CDATA[
_ifconv24:2  %num_assign = zext i8 %temp_3_5 to i32

]]></Node>
<StgValue><ssdm name="num_assign"/></StgValue>
</operation>

<operation id="83" st_id="6" stage="1" lat="1">
<core>NULL</core>
<MemPortIdVec></MemPortIdVec>
<condition id="17">
<or_exp><and_exp><literal name="exitcond" val="1"/>
</and_exp></or_exp>
</condition>

<Node id="92" bw="8" op_0_bw="8" op_1_bw="32" op_2_bw="32">
<![CDATA[
_ifconv24:3  %sbox_addr = getelementptr [256 x i8]* @sbox, i32 0, i32 %num_assign

]]></Node>
<StgValue><ssdm name="sbox_addr"/></StgValue>
</operation>

<operation id="84" st_id="6" stage="2" lat="2">
<core>ROM_nP</core>
<MemPortIdVec></MemPortIdVec>
<condition id="17">
<or_exp><and_exp><literal name="exitcond" val="1"/>
</and_exp></or_exp>
</condition>

<Node id="93" bw="8" op_0_bw="8">
<![CDATA[
_ifconv24:4  %sbox_load = load i8* %sbox_addr, align 1

]]></Node>
<StgValue><ssdm name="sbox_load"/></StgValue>
</operation>

<operation id="85" st_id="6" stage="1" lat="1">
<core>NULL</core>
<MemPortIdVec></MemPortIdVec>
<condition id="17">
<or_exp><and_exp><literal name="exitcond" val="1"/>
</and_exp></or_exp>
</condition>

<Node id="94" bw="32" op_0_bw="8">
<![CDATA[
_ifconv24:5  %num_assign_1 = zext i8 %temp_2_1 to i32

]]></Node>
<StgValue><ssdm name="num_assign_1"/></StgValue>
</operation>

<operation id="86" st_id="6" stage="1" lat="1">
<core>NULL</core>
<MemPortIdVec></MemPortIdVec>
<condition id="17">
<or_exp><and_exp><literal name="exitcond" val="1"/>
</and_exp></or_exp>
</condition>

<Node id="95" bw="8" op_0_bw="8" op_1_bw="32" op_2_bw="32">
<![CDATA[
_ifconv24:6  %sbox_addr_1 = getelementptr [256 x i8]* @sbox, i32 0, i32 %num_assign_1

]]></Node>
<StgValue><ssdm name="sbox_addr_1"/></StgValue>
</operation>

<operation id="87" st_id="6" stage="2" lat="2">
<core>ROM_nP</core>
<MemPortIdVec></MemPortIdVec>
<condition id="17">
<or_exp><and_exp><literal name="exitcond" val="1"/>
</and_exp></or_exp>
</condition>

<Node id="96" bw="8" op_0_bw="8">
<![CDATA[
_ifconv24:7  %temp_1_31 = load i8* %sbox_addr_1, align 1

]]></Node>
<StgValue><ssdm name="temp_1_31"/></StgValue>
</operation>

<operation id="88" st_id="6" stage="1" lat="1">
<core>NULL</core>
<MemPortIdVec></MemPortIdVec>
<condition id="17">
<or_exp><and_exp><literal name="exitcond" val="1"/>
</and_exp></or_exp>
</condition>

<Node id="97" bw="32" op_0_bw="8">
<![CDATA[
_ifconv24:8  %num_assign_2 = zext i8 %temp_3_1 to i32

]]></Node>
<StgValue><ssdm name="num_assign_2"/></StgValue>
</operation>

<operation id="89" st_id="6" stage="1" lat="1">
<core>NULL</core>
<MemPortIdVec></MemPortIdVec>
<condition id="17">
<or_exp><and_exp><literal name="exitcond" val="1"/>
</and_exp></or_exp>
</condition>

<Node id="98" bw="8" op_0_bw="8" op_1_bw="32" op_2_bw="32">
<![CDATA[
_ifconv24:9  %sbox_addr_2 = getelementptr [256 x i8]* @sbox, i32 0, i32 %num_assign_2

]]></Node>
<StgValue><ssdm name="sbox_addr_2"/></StgValue>
</operation>

<operation id="90" st_id="6" stage="2" lat="2">
<core>ROM_nP</core>
<MemPortIdVec></MemPortIdVec>
<condition id="17">
<or_exp><and_exp><literal name="exitcond" val="1"/>
</and_exp></or_exp>
</condition>

<Node id="99" bw="8" op_0_bw="8">
<![CDATA[
_ifconv24:10  %temp_2_32 = load i8* %sbox_addr_2, align 1

]]></Node>
<StgValue><ssdm name="temp_2_32"/></StgValue>
</operation>

<operation id="91" st_id="6" stage="1" lat="1">
<core>NULL</core>
<MemPortIdVec></MemPortIdVec>
<condition id="17">
<or_exp><and_exp><literal name="exitcond" val="1"/>
</and_exp></or_exp>
</condition>

<Node id="100" bw="32" op_0_bw="8">
<![CDATA[
_ifconv24:11  %num_assign_3 = zext i8 %temp_3_8 to i32

]]></Node>
<StgValue><ssdm name="num_assign_3"/></StgValue>
</operation>

<operation id="92" st_id="6" stage="1" lat="1">
<core>NULL</core>
<MemPortIdVec></MemPortIdVec>
<condition id="17">
<or_exp><and_exp><literal name="exitcond" val="1"/>
</and_exp></or_exp>
</condition>

<Node id="101" bw="8" op_0_bw="8" op_1_bw="32" op_2_bw="32">
<![CDATA[
_ifconv24:12  %sbox_addr_3 = getelementptr [256 x i8]* @sbox, i32 0, i32 %num_assign_3

]]></Node>
<StgValue><ssdm name="sbox_addr_3"/></StgValue>
</operation>

<operation id="93" st_id="6" stage="2" lat="2">
<core>ROM_nP</core>
<MemPortIdVec></MemPortIdVec>
<condition id="17">
<or_exp><and_exp><literal name="exitcond" val="1"/>
</and_exp></or_exp>
</condition>

<Node id="102" bw="8" op_0_bw="8">
<![CDATA[
_ifconv24:13  %temp_3_33 = load i8* %sbox_addr_3, align 1

]]></Node>
<StgValue><ssdm name="temp_3_33"/></StgValue>
</operation>

<operation id="94" st_id="6" stage="1" lat="1">
<core>NULL</core>
<MemPortIdVec></MemPortIdVec>
<condition id="17">
<or_exp><and_exp><literal name="exitcond" val="1"/>
</and_exp></or_exp>
</condition>

<Node id="103" bw="4" op_0_bw="4" op_1_bw="6" op_2_bw="32" op_3_bw="32">
<![CDATA[
_ifconv24:14  %p_lshr_f_cast = call i4 @_ssdm_op_PartSelect.i4.i6.i32.i32(i6 %i_1, i32 2, i32 5)

]]></Node>
<StgValue><ssdm name="p_lshr_f_cast"/></StgValue>
</operation>

<operation id="95" st_id="6" stage="1" lat="1">
<core>NULL</core>
<MemPortIdVec></MemPortIdVec>
<condition id="17">
<or_exp><and_exp><literal name="exitcond" val="1"/>
</and_exp></or_exp>
</condition>

<Node id="104" bw="32" op_0_bw="4">
<![CDATA[
_ifconv24:15  %tmp_s = zext i4 %p_lshr_f_cast to i32

]]></Node>
<StgValue><ssdm name="tmp_s"/></StgValue>
</operation>

<operation id="96" st_id="6" stage="1" lat="1">
<core>NULL</core>
<MemPortIdVec></MemPortIdVec>
<condition id="17">
<or_exp><and_exp><literal name="exitcond" val="1"/>
</and_exp></or_exp>
</condition>

<Node id="105" bw="8" op_0_bw="8" op_1_bw="32" op_2_bw="32">
<![CDATA[
_ifconv24:16  %Rcon_addr = getelementptr [255 x i8]* @Rcon, i32 0, i32 %tmp_s

]]></Node>
<StgValue><ssdm name="Rcon_addr"/></StgValue>
</operation>

<operation id="97" st_id="6" stage="2" lat="2">
<core>ROM_nP</core>
<MemPortIdVec></MemPortIdVec>
<condition id="17">
<or_exp><and_exp><literal name="exitcond" val="1"/>
</and_exp></or_exp>
</condition>

<Node id="106" bw="8" op_0_bw="8">
<![CDATA[
_ifconv24:17  %Rcon_load = load i8* %Rcon_addr, align 1

]]></Node>
<StgValue><ssdm name="Rcon_load"/></StgValue>
</operation>

<operation id="98" st_id="6" stage="1" lat="1">
<core>AddSub</core>
<MemPortIdVec></MemPortIdVec>
<condition id="17">
<or_exp><and_exp><literal name="exitcond" val="1"/>
</and_exp></or_exp>
</condition>

<Node id="112" bw="8" op_0_bw="8" op_1_bw="8">
<![CDATA[
_ifconv24:23  %sum = add i8 -16, %tmp_8

]]></Node>
<StgValue><ssdm name="sum"/></StgValue>
</operation>

<operation id="99" st_id="6" stage="1" lat="1">
<core>NULL</core>
<MemPortIdVec></MemPortIdVec>
<condition id="17">
<or_exp><and_exp><literal name="exitcond" val="1"/>
</and_exp></or_exp>
</condition>

<Node id="113" bw="32" op_0_bw="8">
<![CDATA[
_ifconv24:24  %sum_cast = zext i8 %sum to i32

]]></Node>
<StgValue><ssdm name="sum_cast"/></StgValue>
</operation>

<operation id="100" st_id="6" stage="1" lat="1">
<core>NULL</core>
<MemPortIdVec></MemPortIdVec>
<condition id="17">
<or_exp><and_exp><literal name="exitcond" val="1"/>
</and_exp></or_exp>
</condition>

<Node id="114" bw="8" op_0_bw="8" op_1_bw="32" op_2_bw="32">
<![CDATA[
_ifconv24:25  %RoundKey_addr_5 = getelementptr [240 x i8]* %RoundKey, i32 0, i32 %sum_cast

]]></Node>
<StgValue><ssdm name="RoundKey_addr_5"/></StgValue>
</operation>

<operation id="101" st_id="6" stage="2" lat="2">
<core>RAM</core>
<MemPortIdVec></MemPortIdVec>
<condition id="17">
<or_exp><and_exp><literal name="exitcond" val="1"/>
</and_exp></or_exp>
</condition>

<Node id="115" bw="8" op_0_bw="8">
<![CDATA[
_ifconv24:26  %RoundKey_load = load i8* %RoundKey_addr_5, align 1

]]></Node>
<StgValue><ssdm name="RoundKey_load"/></StgValue>
</operation>

<operation id="102" st_id="6" stage="1" lat="1">
<core>AddSub</core>
<MemPortIdVec></MemPortIdVec>
<condition id="17">
<or_exp><and_exp><literal name="exitcond" val="1"/>
</and_exp></or_exp>
</condition>

<Node id="119" bw="8" op_0_bw="8" op_1_bw="8">
<![CDATA[
_ifconv24:30  %sum1 = add i8 -15, %tmp_8

]]></Node>
<StgValue><ssdm name="sum1"/></StgValue>
</operation>

<operation id="103" st_id="6" stage="1" lat="1">
<core>NULL</core>
<MemPortIdVec></MemPortIdVec>
<condition id="17">
<or_exp><and_exp><literal name="exitcond" val="1"/>
</and_exp></or_exp>
</condition>

<Node id="120" bw="32" op_0_bw="8">
<![CDATA[
_ifconv24:31  %sum1_cast = zext i8 %sum1 to i32

]]></Node>
<StgValue><ssdm name="sum1_cast"/></StgValue>
</operation>

<operation id="104" st_id="6" stage="1" lat="1">
<core>NULL</core>
<MemPortIdVec></MemPortIdVec>
<condition id="17">
<or_exp><and_exp><literal name="exitcond" val="1"/>
</and_exp></or_exp>
</condition>

<Node id="121" bw="8" op_0_bw="8" op_1_bw="32" op_2_bw="32">
<![CDATA[
_ifconv24:32  %RoundKey_addr_7 = getelementptr [240 x i8]* %RoundKey, i32 0, i32 %sum1_cast

]]></Node>
<StgValue><ssdm name="RoundKey_addr_7"/></StgValue>
</operation>

<operation id="105" st_id="6" stage="2" lat="2">
<core>RAM</core>
<MemPortIdVec></MemPortIdVec>
<condition id="17">
<or_exp><and_exp><literal name="exitcond" val="1"/>
</and_exp></or_exp>
</condition>

<Node id="122" bw="8" op_0_bw="8">
<![CDATA[
_ifconv24:33  %RoundKey_load_1 = load i8* %RoundKey_addr_7, align 1

]]></Node>
<StgValue><ssdm name="RoundKey_load_1"/></StgValue>
</operation>

<operation id="106" st_id="6" stage="1" lat="1">
<core>AddSub</core>
<MemPortIdVec></MemPortIdVec>
<condition id="17">
<or_exp><and_exp><literal name="exitcond" val="1"/>
</and_exp></or_exp>
</condition>

<Node id="146" bw="6" op_0_bw="6" op_1_bw="6">
<![CDATA[
_ifconv24:57  %i_2 = add i6 1, %i_1

]]></Node>
<StgValue><ssdm name="i_2"/></StgValue>
</operation>
</state>

<state id="7" st_id="7">

<operation id="107" st_id="7" stage="1" lat="2">
<core>RAM</core>
<MemPortIdVec></MemPortIdVec>
<condition id="18">
<or_exp><and_exp></and_exp></or_exp>
</condition>

<Node id="74" bw="8" op_0_bw="8">
<![CDATA[
_ifconv:5  %temp_0 = load i8* %RoundKey_addr_4, align 1

]]></Node>
<StgValue><ssdm name="temp_0"/></StgValue>
</operation>

<operation id="108" st_id="7" stage="1" lat="1">
<core>Cmp</core>
<MemPortIdVec></MemPortIdVec>
<condition id="18">
<or_exp><and_exp></and_exp></or_exp>
</condition>

<Node id="76" bw="1" op_0_bw="2" op_1_bw="2">
<![CDATA[
_ifconv:7  %sel_tmp = icmp eq i2 %tmp_21, -2

]]></Node>
<StgValue><ssdm name="sel_tmp"/></StgValue>
</operation>

<operation id="109" st_id="7" stage="1" lat="1">
<core>Cmp</core>
<MemPortIdVec></MemPortIdVec>
<condition id="18">
<or_exp><and_exp></and_exp></or_exp>
</condition>

<Node id="77" bw="1" op_0_bw="2" op_1_bw="2">
<![CDATA[
_ifconv:8  %sel_tmp2 = icmp eq i2 %tmp_21, 1

]]></Node>
<StgValue><ssdm name="sel_tmp2"/></StgValue>
</operation>

<operation id="110" st_id="7" stage="1" lat="1">
<core>Cmp</core>
<MemPortIdVec></MemPortIdVec>
<condition id="18">
<or_exp><and_exp></and_exp></or_exp>
</condition>

<Node id="78" bw="1" op_0_bw="2" op_1_bw="2">
<![CDATA[
_ifconv:9  %sel_tmp4 = icmp eq i2 %tmp_21, 0

]]></Node>
<StgValue><ssdm name="sel_tmp4"/></StgValue>
</operation>

<operation id="111" st_id="7" stage="1" lat="1">
<core>LogicGate</core>
<MemPortIdVec></MemPortIdVec>
<condition id="18">
<or_exp><and_exp></and_exp></or_exp>
</condition>

<Node id="79" bw="1" op_0_bw="1" op_1_bw="1">
<![CDATA[
_ifconv:10  %or_cond = or i1 %sel_tmp4, %sel_tmp2

]]></Node>
<StgValue><ssdm name="or_cond"/></StgValue>
</operation>

<operation id="112" st_id="7" stage="1" lat="1">
<core>Sel</core>
<MemPortIdVec></MemPortIdVec>
<condition id="18">
<or_exp><and_exp></and_exp></or_exp>
</condition>

<Node id="80" bw="8" op_0_bw="1" op_1_bw="8" op_2_bw="8">
<![CDATA[
_ifconv:11  %newSel = select i1 %sel_tmp, i8 %temp_3_1, i8 %temp_0

]]></Node>
<StgValue><ssdm name="newSel"/></StgValue>
</operation>

<operation id="113" st_id="7" stage="1" lat="1">
<core>Sel</core>
<MemPortIdVec></MemPortIdVec>
<condition id="18">
<or_exp><and_exp></and_exp></or_exp>
</condition>

<Node id="81" bw="8" op_0_bw="1" op_1_bw="8" op_2_bw="8">
<![CDATA[
_ifconv:12  %temp_3_3 = select i1 %or_cond, i8 %temp_3_1, i8 %newSel

]]></Node>
<StgValue><ssdm name="temp_3_3"/></StgValue>
</operation>

<operation id="114" st_id="7" stage="1" lat="1">
<core>Sel</core>
<MemPortIdVec></MemPortIdVec>
<condition id="18">
<or_exp><and_exp></and_exp></or_exp>
</condition>

<Node id="82" bw="8" op_0_bw="1" op_1_bw="8" op_2_bw="8">
<![CDATA[
_ifconv:13  %newSel2 = select i1 %sel_tmp, i8 %temp_0, i8 %temp_2_1

]]></Node>
<StgValue><ssdm name="newSel2"/></StgValue>
</operation>

<operation id="115" st_id="7" stage="1" lat="1">
<core>Sel</core>
<MemPortIdVec></MemPortIdVec>
<condition id="18">
<or_exp><and_exp></and_exp></or_exp>
</condition>

<Node id="83" bw="8" op_0_bw="1" op_1_bw="8" op_2_bw="8">
<![CDATA[
_ifconv:14  %temp_3_4 = select i1 %or_cond, i8 %temp_2_1, i8 %newSel2

]]></Node>
<StgValue><ssdm name="temp_3_4"/></StgValue>
</operation>

<operation id="116" st_id="7" stage="1" lat="1">
<core>Sel</core>
<MemPortIdVec></MemPortIdVec>
<condition id="18">
<or_exp><and_exp></and_exp></or_exp>
</condition>

<Node id="84" bw="8" op_0_bw="1" op_1_bw="8" op_2_bw="8">
<![CDATA[
_ifconv:15  %temp_3_6 = select i1 %sel_tmp2, i8 %temp_0, i8 %temp_3_5

]]></Node>
<StgValue><ssdm name="temp_3_6"/></StgValue>
</operation>

<operation id="117" st_id="7" stage="1" lat="1">
<core>Sel</core>
<MemPortIdVec></MemPortIdVec>
<condition id="18">
<or_exp><and_exp></and_exp></or_exp>
</condition>

<Node id="85" bw="8" op_0_bw="1" op_1_bw="8" op_2_bw="8">
<![CDATA[
_ifconv:16  %temp_3_7 = select i1 %sel_tmp4, i8 %temp_3_5, i8 %temp_3_6

]]></Node>
<StgValue><ssdm name="temp_3_7"/></StgValue>
</operation>

<operation id="118" st_id="7" stage="1" lat="1">
<core>Sel</core>
<MemPortIdVec></MemPortIdVec>
<condition id="18">
<or_exp><and_exp></and_exp></or_exp>
</condition>

<Node id="86" bw="8" op_0_bw="1" op_1_bw="8" op_2_bw="8">
<![CDATA[
_ifconv:17  %temp_3_9 = select i1 %sel_tmp4, i8 %temp_0, i8 %temp_3_8

]]></Node>
<StgValue><ssdm name="temp_3_9"/></StgValue>
</operation>

<operation id="119" st_id="7" stage="1" lat="1">
<core>NULL</core>
<MemPortIdVec></MemPortIdVec>
<condition id="18">
<or_exp><and_exp></and_exp></or_exp>
</condition>

<Node id="87" bw="0" op_0_bw="0">
<![CDATA[
_ifconv:18  br label %.preheader

]]></Node>
<StgValue><ssdm name=""/></StgValue>
</operation>
</state>

<state id="8" st_id="8">

<operation id="120" st_id="8" stage="1" lat="2">
<core>ROM_nP</core>
<MemPortIdVec></MemPortIdVec>
<condition id="19">
<or_exp><and_exp></and_exp></or_exp>
</condition>

<Node id="93" bw="8" op_0_bw="8">
<![CDATA[
_ifconv24:4  %sbox_load = load i8* %sbox_addr, align 1

]]></Node>
<StgValue><ssdm name="sbox_load"/></StgValue>
</operation>

<operation id="121" st_id="8" stage="1" lat="2">
<core>ROM_nP</core>
<MemPortIdVec></MemPortIdVec>
<condition id="19">
<or_exp><and_exp></and_exp></or_exp>
</condition>

<Node id="96" bw="8" op_0_bw="8">
<![CDATA[
_ifconv24:7  %temp_1_31 = load i8* %sbox_addr_1, align 1

]]></Node>
<StgValue><ssdm name="temp_1_31"/></StgValue>
</operation>

<operation id="122" st_id="8" stage="1" lat="2">
<core>ROM_nP</core>
<MemPortIdVec></MemPortIdVec>
<condition id="19">
<or_exp><and_exp></and_exp></or_exp>
</condition>

<Node id="99" bw="8" op_0_bw="8">
<![CDATA[
_ifconv24:10  %temp_2_32 = load i8* %sbox_addr_2, align 1

]]></Node>
<StgValue><ssdm name="temp_2_32"/></StgValue>
</operation>

<operation id="123" st_id="8" stage="1" lat="2">
<core>ROM_nP</core>
<MemPortIdVec></MemPortIdVec>
<condition id="19">
<or_exp><and_exp></and_exp></or_exp>
</condition>

<Node id="102" bw="8" op_0_bw="8">
<![CDATA[
_ifconv24:13  %temp_3_33 = load i8* %sbox_addr_3, align 1

]]></Node>
<StgValue><ssdm name="temp_3_33"/></StgValue>
</operation>

<operation id="124" st_id="8" stage="1" lat="2">
<core>ROM_nP</core>
<MemPortIdVec></MemPortIdVec>
<condition id="19">
<or_exp><and_exp></and_exp></or_exp>
</condition>

<Node id="106" bw="8" op_0_bw="8">
<![CDATA[
_ifconv24:17  %Rcon_load = load i8* %Rcon_addr, align 1

]]></Node>
<StgValue><ssdm name="Rcon_load"/></StgValue>
</operation>

<operation id="125" st_id="8" stage="1" lat="1">
<core>LogicGate</core>
<MemPortIdVec></MemPortIdVec>
<condition id="44">
<or_exp><and_exp><literal name="tmp_9" val="1"/>
</and_exp></or_exp>
</condition>

<Node id="107" bw="8" op_0_bw="8" op_1_bw="8">
<![CDATA[
_ifconv24:18  %temp_0_1 = xor i8 %Rcon_load, %sbox_load

]]></Node>
<StgValue><ssdm name="temp_0_1"/></StgValue>
</operation>

<operation id="126" st_id="8" stage="1" lat="1">
<core>Sel</core>
<MemPortIdVec></MemPortIdVec>
<condition id="19">
<or_exp><and_exp></and_exp></or_exp>
</condition>

<Node id="108" bw="8" op_0_bw="1" op_1_bw="8" op_2_bw="8">
<![CDATA[
_ifconv24:19  %temp_3_1_34 = select i1 %tmp_9, i8 %temp_3_33, i8 %temp_3_1

]]></Node>
<StgValue><ssdm name="temp_3_1_34"/></StgValue>
</operation>

<operation id="127" st_id="8" stage="1" lat="1">
<core>Sel</core>
<MemPortIdVec></MemPortIdVec>
<condition id="19">
<or_exp><and_exp></and_exp></or_exp>
</condition>

<Node id="109" bw="8" op_0_bw="1" op_1_bw="8" op_2_bw="8">
<![CDATA[
_ifconv24:20  %temp_2_1_35 = select i1 %tmp_9, i8 %temp_2_32, i8 %temp_2_1

]]></Node>
<StgValue><ssdm name="temp_2_1_35"/></StgValue>
</operation>

<operation id="128" st_id="8" stage="1" lat="1">
<core>Sel</core>
<MemPortIdVec></MemPortIdVec>
<condition id="19">
<or_exp><and_exp></and_exp></or_exp>
</condition>

<Node id="110" bw="8" op_0_bw="1" op_1_bw="8" op_2_bw="8">
<![CDATA[
_ifconv24:21  %temp_1_1 = select i1 %tmp_9, i8 %temp_1_31, i8 %temp_3_5

]]></Node>
<StgValue><ssdm name="temp_1_1"/></StgValue>
</operation>

<operation id="129" st_id="8" stage="1" lat="1">
<core>Sel</core>
<MemPortIdVec></MemPortIdVec>
<condition id="19">
<or_exp><and_exp></and_exp></or_exp>
</condition>

<Node id="111" bw="8" op_0_bw="1" op_1_bw="8" op_2_bw="8">
<![CDATA[
_ifconv24:22  %temp_0_2 = select i1 %tmp_9, i8 %temp_0_1, i8 %temp_3_8

]]></Node>
<StgValue><ssdm name="temp_0_2"/></StgValue>
</operation>

<operation id="130" st_id="8" stage="1" lat="2">
<core>RAM</core>
<MemPortIdVec></MemPortIdVec>
<condition id="19">
<or_exp><and_exp></and_exp></or_exp>
</condition>

<Node id="115" bw="8" op_0_bw="8">
<![CDATA[
_ifconv24:26  %RoundKey_load = load i8* %RoundKey_addr_5, align 1

]]></Node>
<StgValue><ssdm name="RoundKey_load"/></StgValue>
</operation>

<operation id="131" st_id="8" stage="1" lat="1">
<core>LogicGate</core>
<MemPortIdVec></MemPortIdVec>
<condition id="19">
<or_exp><and_exp></and_exp></or_exp>
</condition>

<Node id="116" bw="8" op_0_bw="8" op_1_bw="8">
<![CDATA[
_ifconv24:27  %tmp_10 = xor i8 %RoundKey_load, %temp_0_2

]]></Node>
<StgValue><ssdm name="tmp_10"/></StgValue>
</operation>

<operation id="132" st_id="8" stage="1" lat="2">
<core>RAM</core>
<MemPortIdVec></MemPortIdVec>
<condition id="19">
<or_exp><and_exp></and_exp></or_exp>
</condition>

<Node id="122" bw="8" op_0_bw="8">
<![CDATA[
_ifconv24:33  %RoundKey_load_1 = load i8* %RoundKey_addr_7, align 1

]]></Node>
<StgValue><ssdm name="RoundKey_load_1"/></StgValue>
</operation>

<operation id="133" st_id="8" stage="1" lat="1">
<core>LogicGate</core>
<MemPortIdVec></MemPortIdVec>
<condition id="19">
<or_exp><and_exp></and_exp></or_exp>
</condition>

<Node id="123" bw="8" op_0_bw="8" op_1_bw="8">
<![CDATA[
_ifconv24:34  %tmp_11 = xor i8 %RoundKey_load_1, %temp_1_1

]]></Node>
<StgValue><ssdm name="tmp_11"/></StgValue>
</operation>

<operation id="134" st_id="8" stage="1" lat="1">
<core>AddSub</core>
<MemPortIdVec></MemPortIdVec>
<condition id="19">
<or_exp><and_exp></and_exp></or_exp>
</condition>

<Node id="128" bw="8" op_0_bw="8" op_1_bw="8">
<![CDATA[
_ifconv24:39  %sum2 = add i8 -14, %tmp_8

]]></Node>
<StgValue><ssdm name="sum2"/></StgValue>
</operation>

<operation id="135" st_id="8" stage="1" lat="1">
<core>NULL</core>
<MemPortIdVec></MemPortIdVec>
<condition id="19">
<or_exp><and_exp></and_exp></or_exp>
</condition>

<Node id="129" bw="32" op_0_bw="8">
<![CDATA[
_ifconv24:40  %sum2_cast = zext i8 %sum2 to i32

]]></Node>
<StgValue><ssdm name="sum2_cast"/></StgValue>
</operation>

<operation id="136" st_id="8" stage="1" lat="1">
<core>NULL</core>
<MemPortIdVec></MemPortIdVec>
<condition id="19">
<or_exp><and_exp></and_exp></or_exp>
</condition>

<Node id="130" bw="8" op_0_bw="8" op_1_bw="32" op_2_bw="32">
<![CDATA[
_ifconv24:41  %RoundKey_addr_9 = getelementptr [240 x i8]* %RoundKey, i32 0, i32 %sum2_cast

]]></Node>
<StgValue><ssdm name="RoundKey_addr_9"/></StgValue>
</operation>

<operation id="137" st_id="8" stage="2" lat="2">
<core>RAM</core>
<MemPortIdVec></MemPortIdVec>
<condition id="19">
<or_exp><and_exp></and_exp></or_exp>
</condition>

<Node id="131" bw="8" op_0_bw="8">
<![CDATA[
_ifconv24:42  %RoundKey_load_2 = load i8* %RoundKey_addr_9, align 1

]]></Node>
<StgValue><ssdm name="RoundKey_load_2"/></StgValue>
</operation>

<operation id="138" st_id="8" stage="1" lat="1">
<core>AddSub</core>
<MemPortIdVec></MemPortIdVec>
<condition id="19">
<or_exp><and_exp></and_exp></or_exp>
</condition>

<Node id="137" bw="8" op_0_bw="8" op_1_bw="8">
<![CDATA[
_ifconv24:48  %sum3 = add i8 -13, %tmp_8

]]></Node>
<StgValue><ssdm name="sum3"/></StgValue>
</operation>

<operation id="139" st_id="8" stage="1" lat="1">
<core>NULL</core>
<MemPortIdVec></MemPortIdVec>
<condition id="19">
<or_exp><and_exp></and_exp></or_exp>
</condition>

<Node id="138" bw="32" op_0_bw="8">
<![CDATA[
_ifconv24:49  %sum3_cast = zext i8 %sum3 to i32

]]></Node>
<StgValue><ssdm name="sum3_cast"/></StgValue>
</operation>

<operation id="140" st_id="8" stage="1" lat="1">
<core>NULL</core>
<MemPortIdVec></MemPortIdVec>
<condition id="19">
<or_exp><and_exp></and_exp></or_exp>
</condition>

<Node id="139" bw="8" op_0_bw="8" op_1_bw="32" op_2_bw="32">
<![CDATA[
_ifconv24:50  %RoundKey_addr_11 = getelementptr [240 x i8]* %RoundKey, i32 0, i32 %sum3_cast

]]></Node>
<StgValue><ssdm name="RoundKey_addr_11"/></StgValue>
</operation>

<operation id="141" st_id="8" stage="2" lat="2">
<core>RAM</core>
<MemPortIdVec></MemPortIdVec>
<condition id="19">
<or_exp><and_exp></and_exp></or_exp>
</condition>

<Node id="140" bw="8" op_0_bw="8">
<![CDATA[
_ifconv24:51  %RoundKey_load_3 = load i8* %RoundKey_addr_11, align 1

]]></Node>
<StgValue><ssdm name="RoundKey_load_3"/></StgValue>
</operation>
</state>

<state id="9" st_id="9">

<operation id="142" st_id="9" stage="1" lat="1">
<core>NULL</core>
<MemPortIdVec></MemPortIdVec>
<condition id="20">
<or_exp><and_exp></and_exp></or_exp>
</condition>

<Node id="117" bw="8" op_0_bw="8" op_1_bw="32" op_2_bw="32">
<![CDATA[
_ifconv24:28  %RoundKey_addr_6 = getelementptr [240 x i8]* %RoundKey, i32 0, i32 %tmp_8_cast

]]></Node>
<StgValue><ssdm name="RoundKey_addr_6"/></StgValue>
</operation>

<operation id="143" st_id="9" stage="1" lat="1">
<core>RAM</core>
<MemPortIdVec></MemPortIdVec>
<condition id="20">
<or_exp><and_exp></and_exp></or_exp>
</condition>

<Node id="118" bw="0" op_0_bw="8" op_1_bw="8">
<![CDATA[
_ifconv24:29  store i8 %tmp_10, i8* %RoundKey_addr_6, align 1

]]></Node>
<StgValue><ssdm name=""/></StgValue>
</operation>

<operation id="144" st_id="9" stage="1" lat="1">
<core>NULL</core>
<MemPortIdVec></MemPortIdVec>
<condition id="20">
<or_exp><and_exp></and_exp></or_exp>
</condition>

<Node id="124" bw="8" op_0_bw="8" op_1_bw="8">
<![CDATA[
_ifconv24:35  %tmp_12 = or i8 %tmp_8, 1

]]></Node>
<StgValue><ssdm name="tmp_12"/></StgValue>
</operation>

<operation id="145" st_id="9" stage="1" lat="1">
<core>NULL</core>
<MemPortIdVec></MemPortIdVec>
<condition id="20">
<or_exp><and_exp></and_exp></or_exp>
</condition>

<Node id="125" bw="32" op_0_bw="8">
<![CDATA[
_ifconv24:36  %tmp_22_cast = zext i8 %tmp_12 to i32

]]></Node>
<StgValue><ssdm name="tmp_22_cast"/></StgValue>
</operation>

<operation id="146" st_id="9" stage="1" lat="1">
<core>NULL</core>
<MemPortIdVec></MemPortIdVec>
<condition id="20">
<or_exp><and_exp></and_exp></or_exp>
</condition>

<Node id="126" bw="8" op_0_bw="8" op_1_bw="32" op_2_bw="32">
<![CDATA[
_ifconv24:37  %RoundKey_addr_8 = getelementptr [240 x i8]* %RoundKey, i32 0, i32 %tmp_22_cast

]]></Node>
<StgValue><ssdm name="RoundKey_addr_8"/></StgValue>
</operation>

<operation id="147" st_id="9" stage="1" lat="1">
<core>RAM</core>
<MemPortIdVec></MemPortIdVec>
<condition id="20">
<or_exp><and_exp></and_exp></or_exp>
</condition>

<Node id="127" bw="0" op_0_bw="8" op_1_bw="8">
<![CDATA[
_ifconv24:38  store i8 %tmp_11, i8* %RoundKey_addr_8, align 1

]]></Node>
<StgValue><ssdm name=""/></StgValue>
</operation>

<operation id="148" st_id="9" stage="1" lat="2">
<core>RAM</core>
<MemPortIdVec></MemPortIdVec>
<condition id="20">
<or_exp><and_exp></and_exp></or_exp>
</condition>

<Node id="131" bw="8" op_0_bw="8">
<![CDATA[
_ifconv24:42  %RoundKey_load_2 = load i8* %RoundKey_addr_9, align 1

]]></Node>
<StgValue><ssdm name="RoundKey_load_2"/></StgValue>
</operation>

<operation id="149" st_id="9" stage="1" lat="1">
<core>LogicGate</core>
<MemPortIdVec></MemPortIdVec>
<condition id="20">
<or_exp><and_exp></and_exp></or_exp>
</condition>

<Node id="132" bw="8" op_0_bw="8" op_1_bw="8">
<![CDATA[
_ifconv24:43  %tmp_13 = xor i8 %RoundKey_load_2, %temp_2_1_35

]]></Node>
<StgValue><ssdm name="tmp_13"/></StgValue>
</operation>

<operation id="150" st_id="9" stage="1" lat="2">
<core>RAM</core>
<MemPortIdVec></MemPortIdVec>
<condition id="20">
<or_exp><and_exp></and_exp></or_exp>
</condition>

<Node id="140" bw="8" op_0_bw="8">
<![CDATA[
_ifconv24:51  %RoundKey_load_3 = load i8* %RoundKey_addr_11, align 1

]]></Node>
<StgValue><ssdm name="RoundKey_load_3"/></StgValue>
</operation>

<operation id="151" st_id="9" stage="1" lat="1">
<core>LogicGate</core>
<MemPortIdVec></MemPortIdVec>
<condition id="20">
<or_exp><and_exp></and_exp></or_exp>
</condition>

<Node id="141" bw="8" op_0_bw="8" op_1_bw="8">
<![CDATA[
_ifconv24:52  %tmp_15 = xor i8 %RoundKey_load_3, %temp_3_1_34

]]></Node>
<StgValue><ssdm name="tmp_15"/></StgValue>
</operation>
</state>

<state id="10" st_id="10">

<operation id="152" st_id="10" stage="1" lat="1">
<core>NULL</core>
<MemPortIdVec></MemPortIdVec>
<condition id="21">
<or_exp><and_exp></and_exp></or_exp>
</condition>

<Node id="133" bw="8" op_0_bw="8" op_1_bw="8">
<![CDATA[
_ifconv24:44  %tmp_14 = or i8 %tmp_8, 2

]]></Node>
<StgValue><ssdm name="tmp_14"/></StgValue>
</operation>

<operation id="153" st_id="10" stage="1" lat="1">
<core>NULL</core>
<MemPortIdVec></MemPortIdVec>
<condition id="21">
<or_exp><and_exp></and_exp></or_exp>
</condition>

<Node id="134" bw="32" op_0_bw="8">
<![CDATA[
_ifconv24:45  %tmp_24_cast = zext i8 %tmp_14 to i32

]]></Node>
<StgValue><ssdm name="tmp_24_cast"/></StgValue>
</operation>

<operation id="154" st_id="10" stage="1" lat="1">
<core>NULL</core>
<MemPortIdVec></MemPortIdVec>
<condition id="21">
<or_exp><and_exp></and_exp></or_exp>
</condition>

<Node id="135" bw="8" op_0_bw="8" op_1_bw="32" op_2_bw="32">
<![CDATA[
_ifconv24:46  %RoundKey_addr_10 = getelementptr [240 x i8]* %RoundKey, i32 0, i32 %tmp_24_cast

]]></Node>
<StgValue><ssdm name="RoundKey_addr_10"/></StgValue>
</operation>

<operation id="155" st_id="10" stage="1" lat="1">
<core>RAM</core>
<MemPortIdVec></MemPortIdVec>
<condition id="21">
<or_exp><and_exp></and_exp></or_exp>
</condition>

<Node id="136" bw="0" op_0_bw="8" op_1_bw="8">
<![CDATA[
_ifconv24:47  store i8 %tmp_13, i8* %RoundKey_addr_10, align 1

]]></Node>
<StgValue><ssdm name=""/></StgValue>
</operation>

<operation id="156" st_id="10" stage="1" lat="1">
<core>NULL</core>
<MemPortIdVec></MemPortIdVec>
<condition id="21">
<or_exp><and_exp></and_exp></or_exp>
</condition>

<Node id="142" bw="8" op_0_bw="8" op_1_bw="8">
<![CDATA[
_ifconv24:53  %tmp_16 = or i8 %tmp_8, 3

]]></Node>
<StgValue><ssdm name="tmp_16"/></StgValue>
</operation>

<operation id="157" st_id="10" stage="1" lat="1">
<core>NULL</core>
<MemPortIdVec></MemPortIdVec>
<condition id="21">
<or_exp><and_exp></and_exp></or_exp>
</condition>

<Node id="143" bw="32" op_0_bw="8">
<![CDATA[
_ifconv24:54  %tmp_26_cast = zext i8 %tmp_16 to i32

]]></Node>
<StgValue><ssdm name="tmp_26_cast"/></StgValue>
</operation>

<operation id="158" st_id="10" stage="1" lat="1">
<core>NULL</core>
<MemPortIdVec></MemPortIdVec>
<condition id="21">
<or_exp><and_exp></and_exp></or_exp>
</condition>

<Node id="144" bw="8" op_0_bw="8" op_1_bw="32" op_2_bw="32">
<![CDATA[
_ifconv24:55  %RoundKey_addr_12 = getelementptr [240 x i8]* %RoundKey, i32 0, i32 %tmp_26_cast

]]></Node>
<StgValue><ssdm name="RoundKey_addr_12"/></StgValue>
</operation>

<operation id="159" st_id="10" stage="1" lat="1">
<core>RAM</core>
<MemPortIdVec></MemPortIdVec>
<condition id="21">
<or_exp><and_exp></and_exp></or_exp>
</condition>

<Node id="145" bw="0" op_0_bw="8" op_1_bw="8">
<![CDATA[
_ifconv24:56  store i8 %tmp_15, i8* %RoundKey_addr_12, align 1

]]></Node>
<StgValue><ssdm name=""/></StgValue>
</operation>

<operation id="160" st_id="10" stage="1" lat="1">
<core>NULL</core>
<MemPortIdVec></MemPortIdVec>
<condition id="21">
<or_exp><and_exp></and_exp></or_exp>
</condition>

<Node id="147" bw="0" op_0_bw="0">
<![CDATA[
_ifconv24:58  br label %.preheader3

]]></Node>
<StgValue><ssdm name=""/></StgValue>
</operation>
</state>
</state_list>


<ports>
</ports>


<dataflows>
</dataflows>


</stg>
