<stg><name>SubBytes</name>


<trans_list>

<trans id="34" from="1" to="2">
<condition id="14">
<or_exp><and_exp></and_exp></or_exp>
</condition>
</trans>

<trans id="35" from="2" to="3">
<condition id="16">
<or_exp><and_exp><literal name="exitcond1" val="0"/>
</and_exp></or_exp>
</condition>
</trans>

<trans id="36" from="3" to="4">
<condition id="17">
<or_exp><and_exp><literal name="exitcond" val="0"/>
</and_exp></or_exp>
</condition>
</trans>

<trans id="40" from="3" to="2">
<condition id="23">
<or_exp><and_exp><literal name="exitcond" val="1"/>
</and_exp></or_exp>
</condition>
</trans>

<trans id="38" from="4" to="5">
<condition id="19">
<or_exp><and_exp></and_exp></or_exp>
</condition>
</trans>

<trans id="39" from="5" to="3">
<condition id="21">
<or_exp><and_exp></and_exp></or_exp>
</condition>
</trans>
</trans_list>



<state_list>

<state id="1" st_id="1">

<operation id="6" st_id="1" stage="1" lat="1">
<core>NULL</core>
<MemPortIdVec></MemPortIdVec>
<condition id="0">
<or_exp><and_exp></and_exp></or_exp>
</condition>

<Node id="3" bw="0" op_0_bw="0">
<![CDATA[
:0  br label %.loopexit

]]></Node>
<StgValue><ssdm name=""/></StgValue>
</operation>
</state>

<state id="2" st_id="2">

<operation id="7" st_id="2" stage="1" lat="1">
<core>NULL</core>
<MemPortIdVec></MemPortIdVec>
<condition id="1">
<or_exp><and_exp></and_exp></or_exp>
</condition>

<Node id="5" bw="3" op_0_bw="3" op_1_bw="0">
<![CDATA[
.loopexit:0  %i = phi i3 [ 0, %0 ], [ %i_1, %.loopexit.loopexit ]

]]></Node>
<StgValue><ssdm name="i"/></StgValue>
</operation>

<operation id="8" st_id="2" stage="1" lat="1">
<core>NULL</core>
<MemPortIdVec></MemPortIdVec>
<condition id="1">
<or_exp><and_exp></and_exp></or_exp>
</condition>

<Node id="6" bw="5" op_0_bw="5" op_1_bw="3" op_2_bw="2">
<![CDATA[
.loopexit:1  %tmp = call i5 @_ssdm_op_BitConcatenate.i5.i3.i2(i3 %i, i2 0)

]]></Node>
<StgValue><ssdm name="tmp"/></StgValue>
</operation>

<operation id="9" st_id="2" stage="1" lat="1">
<core>NULL</core>
<MemPortIdVec></MemPortIdVec>
<condition id="1">
<or_exp><and_exp></and_exp></or_exp>
</condition>

<Node id="7" bw="6" op_0_bw="5">
<![CDATA[
.loopexit:2  %tmp_1_cast = zext i5 %tmp to i6

]]></Node>
<StgValue><ssdm name="tmp_1_cast"/></StgValue>
</operation>

<operation id="10" st_id="2" stage="1" lat="1">
<core>Cmp</core>
<MemPortIdVec></MemPortIdVec>
<condition id="1">
<or_exp><and_exp></and_exp></or_exp>
</condition>

<Node id="8" bw="1" op_0_bw="3" op_1_bw="3">
<![CDATA[
.loopexit:3  %exitcond1 = icmp eq i3 %i, -4

]]></Node>
<StgValue><ssdm name="exitcond1"/></StgValue>
</operation>

<operation id="11" st_id="2" stage="1" lat="1">
<core>NULL</core>
<MemPortIdVec></MemPortIdVec>
<condition id="1">
<or_exp><and_exp></and_exp></or_exp>
</condition>

<Node id="9" bw="32" op_0_bw="32" op_1_bw="64" op_2_bw="64" op_3_bw="64">
<![CDATA[
.loopexit:4  %empty = call i32 (...)* @_ssdm_op_SpecLoopTripCount(i64 4, i64 4, i64 4)

]]></Node>
<StgValue><ssdm name="empty"/></StgValue>
</operation>

<operation id="12" st_id="2" stage="1" lat="1">
<core>AddSub</core>
<MemPortIdVec></MemPortIdVec>
<condition id="1">
<or_exp><and_exp></and_exp></or_exp>
</condition>

<Node id="10" bw="3" op_0_bw="3" op_1_bw="3">
<![CDATA[
.loopexit:5  %i_1 = add i3 %i, 1

]]></Node>
<StgValue><ssdm name="i_1"/></StgValue>
</operation>

<operation id="13" st_id="2" stage="1" lat="1">
<core>NULL</core>
<MemPortIdVec></MemPortIdVec>
<condition id="1">
<or_exp><and_exp></and_exp></or_exp>
</condition>

<Node id="11" bw="0" op_0_bw="1" op_1_bw="0" op_2_bw="0">
<![CDATA[
.loopexit:6  br i1 %exitcond1, label %2, label %.preheader.preheader

]]></Node>
<StgValue><ssdm name=""/></StgValue>
</operation>

<operation id="14" st_id="2" stage="1" lat="1">
<core>NULL</core>
<MemPortIdVec></MemPortIdVec>
<condition id="3">
<or_exp><and_exp><literal name="exitcond1" val="0"/>
</and_exp></or_exp>
</condition>

<Node id="13" bw="0" op_0_bw="0">
<![CDATA[
.preheader.preheader:0  br label %.preheader

]]></Node>
<StgValue><ssdm name=""/></StgValue>
</operation>

<operation id="15" st_id="2" stage="1" lat="1">
<core>NULL</core>
<MemPortIdVec></MemPortIdVec>
<condition id="5">
<or_exp><and_exp><literal name="exitcond1" val="1"/>
</and_exp></or_exp>
</condition>

<Node id="34" bw="0">
<![CDATA[
:0  ret void

]]></Node>
<StgValue><ssdm name=""/></StgValue>
</operation>
</state>

<state id="3" st_id="3">

<operation id="16" st_id="3" stage="1" lat="1">
<core>NULL</core>
<MemPortIdVec></MemPortIdVec>
<condition id="6">
<or_exp><and_exp></and_exp></or_exp>
</condition>

<Node id="15" bw="3" op_0_bw="3" op_1_bw="0">
<![CDATA[
.preheader:0  %j = phi i3 [ %j_1, %1 ], [ 0, %.preheader.preheader ]

]]></Node>
<StgValue><ssdm name="j"/></StgValue>
</operation>

<operation id="17" st_id="3" stage="1" lat="1">
<core>NULL</core>
<MemPortIdVec></MemPortIdVec>
<condition id="6">
<or_exp><and_exp></and_exp></or_exp>
</condition>

<Node id="16" bw="6" op_0_bw="3">
<![CDATA[
.preheader:1  %j_cast1_cast = zext i3 %j to i6

]]></Node>
<StgValue><ssdm name="j_cast1_cast"/></StgValue>
</operation>

<operation id="18" st_id="3" stage="1" lat="1">
<core>AddSub</core>
<MemPortIdVec></MemPortIdVec>
<condition id="6">
<or_exp><and_exp></and_exp></or_exp>
</condition>

<Node id="17" bw="6" op_0_bw="6" op_1_bw="6">
<![CDATA[
.preheader:2  %tmp_2 = add i6 %tmp_1_cast, %j_cast1_cast

]]></Node>
<StgValue><ssdm name="tmp_2"/></StgValue>
</operation>

<operation id="19" st_id="3" stage="1" lat="1">
<core>NULL</core>
<MemPortIdVec></MemPortIdVec>
<condition id="6">
<or_exp><and_exp></and_exp></or_exp>
</condition>

<Node id="18" bw="32" op_0_bw="6">
<![CDATA[
.preheader:3  %tmp_2_cast = zext i6 %tmp_2 to i32

]]></Node>
<StgValue><ssdm name="tmp_2_cast"/></StgValue>
</operation>

<operation id="20" st_id="3" stage="1" lat="1">
<core>NULL</core>
<MemPortIdVec></MemPortIdVec>
<condition id="6">
<or_exp><and_exp></and_exp></or_exp>
</condition>

<Node id="19" bw="4" op_0_bw="32" op_1_bw="32" op_2_bw="32">
<![CDATA[
.preheader:4  %state_addr = getelementptr [16 x i32]* %state, i32 0, i32 %tmp_2_cast

]]></Node>
<StgValue><ssdm name="state_addr"/></StgValue>
</operation>

<operation id="21" st_id="3" stage="1" lat="1">
<core>Cmp</core>
<MemPortIdVec></MemPortIdVec>
<condition id="6">
<or_exp><and_exp></and_exp></or_exp>
</condition>

<Node id="20" bw="1" op_0_bw="3" op_1_bw="3">
<![CDATA[
.preheader:5  %exitcond = icmp eq i3 %j, -4

]]></Node>
<StgValue><ssdm name="exitcond"/></StgValue>
</operation>

<operation id="22" st_id="3" stage="1" lat="1">
<core>NULL</core>
<MemPortIdVec></MemPortIdVec>
<condition id="6">
<or_exp><and_exp></and_exp></or_exp>
</condition>

<Node id="21" bw="32" op_0_bw="32" op_1_bw="64" op_2_bw="64" op_3_bw="64">
<![CDATA[
.preheader:6  %empty_28 = call i32 (...)* @_ssdm_op_SpecLoopTripCount(i64 4, i64 4, i64 4)

]]></Node>
<StgValue><ssdm name="empty_28"/></StgValue>
</operation>

<operation id="23" st_id="3" stage="1" lat="1">
<core>AddSub</core>
<MemPortIdVec></MemPortIdVec>
<condition id="6">
<or_exp><and_exp></and_exp></or_exp>
</condition>

<Node id="22" bw="3" op_0_bw="3" op_1_bw="3">
<![CDATA[
.preheader:7  %j_1 = add i3 %j, 1

]]></Node>
<StgValue><ssdm name="j_1"/></StgValue>
</operation>

<operation id="24" st_id="3" stage="1" lat="1">
<core>NULL</core>
<MemPortIdVec></MemPortIdVec>
<condition id="6">
<or_exp><and_exp></and_exp></or_exp>
</condition>

<Node id="23" bw="0" op_0_bw="1" op_1_bw="0" op_2_bw="0">
<![CDATA[
.preheader:8  br i1 %exitcond, label %.loopexit.loopexit, label %1

]]></Node>
<StgValue><ssdm name=""/></StgValue>
</operation>

<operation id="25" st_id="3" stage="2" lat="2">
<core>RAM</core>
<MemPortIdVec></MemPortIdVec>
<condition id="8">
<or_exp><and_exp><literal name="exitcond" val="0"/>
</and_exp></or_exp>
</condition>

<Node id="25" bw="32" op_0_bw="4">
<![CDATA[
:0  %state_load = load i32* %state_addr, align 4

]]></Node>
<StgValue><ssdm name="state_load"/></StgValue>
</operation>

<operation id="26" st_id="3" stage="1" lat="1">
<core>NULL</core>
<MemPortIdVec></MemPortIdVec>
<condition id="10">
<or_exp><and_exp><literal name="exitcond" val="1"/>
</and_exp></or_exp>
</condition>

<Node id="32" bw="0" op_0_bw="0">
<![CDATA[
.loopexit.loopexit:0  br label %.loopexit

]]></Node>
<StgValue><ssdm name=""/></StgValue>
</operation>
</state>

<state id="4" st_id="4">

<operation id="27" st_id="4" stage="1" lat="2">
<core>RAM</core>
<MemPortIdVec></MemPortIdVec>
<condition id="11">
<or_exp><and_exp></and_exp></or_exp>
</condition>

<Node id="25" bw="32" op_0_bw="4">
<![CDATA[
:0  %state_load = load i32* %state_addr, align 4

]]></Node>
<StgValue><ssdm name="state_load"/></StgValue>
</operation>

<operation id="28" st_id="4" stage="1" lat="1">
<core>NULL</core>
<MemPortIdVec></MemPortIdVec>
<condition id="11">
<or_exp><and_exp></and_exp></or_exp>
</condition>

<Node id="26" bw="8" op_0_bw="8" op_1_bw="32" op_2_bw="32">
<![CDATA[
:1  %sbox_addr = getelementptr [256 x i8]* @sbox, i32 0, i32 %state_load

]]></Node>
<StgValue><ssdm name="sbox_addr"/></StgValue>
</operation>

<operation id="29" st_id="4" stage="2" lat="2">
<core>ROM_nP</core>
<MemPortIdVec></MemPortIdVec>
<condition id="11">
<or_exp><and_exp></and_exp></or_exp>
</condition>

<Node id="27" bw="8" op_0_bw="8">
<![CDATA[
:2  %sbox_load = load i8* %sbox_addr, align 1

]]></Node>
<StgValue><ssdm name="sbox_load"/></StgValue>
</operation>
</state>

<state id="5" st_id="5">

<operation id="30" st_id="5" stage="1" lat="2">
<core>ROM_nP</core>
<MemPortIdVec></MemPortIdVec>
<condition id="12">
<or_exp><and_exp></and_exp></or_exp>
</condition>

<Node id="27" bw="8" op_0_bw="8">
<![CDATA[
:2  %sbox_load = load i8* %sbox_addr, align 1

]]></Node>
<StgValue><ssdm name="sbox_load"/></StgValue>
</operation>

<operation id="31" st_id="5" stage="1" lat="1">
<core>NULL</core>
<MemPortIdVec></MemPortIdVec>
<condition id="12">
<or_exp><and_exp></and_exp></or_exp>
</condition>

<Node id="28" bw="32" op_0_bw="8">
<![CDATA[
:3  %sbox_load_cast = zext i8 %sbox_load to i32

]]></Node>
<StgValue><ssdm name="sbox_load_cast"/></StgValue>
</operation>

<operation id="32" st_id="5" stage="1" lat="1">
<core>RAM</core>
<MemPortIdVec></MemPortIdVec>
<condition id="12">
<or_exp><and_exp></and_exp></or_exp>
</condition>

<Node id="29" bw="0" op_0_bw="32" op_1_bw="4">
<![CDATA[
:4  store i32 %sbox_load_cast, i32* %state_addr, align 4

]]></Node>
<StgValue><ssdm name=""/></StgValue>
</operation>

<operation id="33" st_id="5" stage="1" lat="1">
<core>NULL</core>
<MemPortIdVec></MemPortIdVec>
<condition id="12">
<or_exp><and_exp></and_exp></or_exp>
</condition>

<Node id="30" bw="0" op_0_bw="0">
<![CDATA[
:5  br label %.preheader

]]></Node>
<StgValue><ssdm name=""/></StgValue>
</operation>
</state>
</state_list>


<ports>
</ports>


<dataflows>
</dataflows>


</stg>
