<stg><name>Cipher</name>


<trans_list>

<trans id="108" from="1" to="2">
<condition id="39">
<or_exp><and_exp></and_exp></or_exp>
</condition>
</trans>

<trans id="109" from="2" to="3">
<condition id="40">
<or_exp><and_exp></and_exp></or_exp>
</condition>
</trans>

<trans id="110" from="3" to="4">
<condition id="41">
<or_exp><and_exp><literal name="exitcond1_i" val="0"/>
</and_exp></or_exp>
</condition>
</trans>

<trans id="114" from="3" to="6">
<condition id="46">
<or_exp><and_exp><literal name="exitcond1_i" val="1"/>
</and_exp></or_exp>
</condition>
</trans>

<trans id="112" from="4" to="5">
<condition id="43">
<or_exp><and_exp></and_exp></or_exp>
</condition>
</trans>

<trans id="113" from="5" to="3">
<condition id="45">
<or_exp><and_exp></and_exp></or_exp>
</condition>
</trans>

<trans id="147" from="6" to="17">
<condition id="69">
<or_exp><and_exp><literal name="exitcond" val="1"/>
</and_exp></or_exp>
</condition>
</trans>

<trans id="148" from="6" to="7">
<condition id="80">
<or_exp><and_exp><literal name="exitcond" val="0"/>
</and_exp></or_exp>
</condition>
</trans>

<trans id="137" from="7" to="8">
<condition id="70">
<or_exp><and_exp></and_exp></or_exp>
</condition>
</trans>

<trans id="138" from="8" to="9">
<condition id="71">
<or_exp><and_exp></and_exp></or_exp>
</condition>
</trans>

<trans id="139" from="9" to="10">
<condition id="72">
<or_exp><and_exp></and_exp></or_exp>
</condition>
</trans>

<trans id="140" from="10" to="11">
<condition id="73">
<or_exp><and_exp></and_exp></or_exp>
</condition>
</trans>

<trans id="141" from="11" to="12">
<condition id="74">
<or_exp><and_exp></and_exp></or_exp>
</condition>
</trans>

<trans id="142" from="12" to="13">
<condition id="75">
<or_exp><and_exp></and_exp></or_exp>
</condition>
</trans>

<trans id="143" from="13" to="14">
<condition id="76">
<or_exp><and_exp></and_exp></or_exp>
</condition>
</trans>

<trans id="144" from="14" to="15">
<condition id="77">
<or_exp><and_exp></and_exp></or_exp>
</condition>
</trans>

<trans id="145" from="15" to="16">
<condition id="78">
<or_exp><and_exp></and_exp></or_exp>
</condition>
</trans>

<trans id="146" from="16" to="6">
<condition id="79">
<or_exp><and_exp></and_exp></or_exp>
</condition>
</trans>

<trans id="127" from="17" to="18">
<condition id="60">
<or_exp><and_exp></and_exp></or_exp>
</condition>
</trans>

<trans id="128" from="18" to="19">
<condition id="61">
<or_exp><and_exp></and_exp></or_exp>
</condition>
</trans>

<trans id="129" from="19" to="20">
<condition id="62">
<or_exp><and_exp></and_exp></or_exp>
</condition>
</trans>

<trans id="130" from="20" to="21">
<condition id="63">
<or_exp><and_exp></and_exp></or_exp>
</condition>
</trans>

<trans id="131" from="21" to="22">
<condition id="64">
<or_exp><and_exp></and_exp></or_exp>
</condition>
</trans>

<trans id="132" from="22" to="23">
<condition id="65">
<or_exp><and_exp></and_exp></or_exp>
</condition>
</trans>

<trans id="133" from="23" to="24">
<condition id="66">
<or_exp><and_exp></and_exp></or_exp>
</condition>
</trans>

<trans id="134" from="24" to="25">
<condition id="67">
<or_exp><and_exp></and_exp></or_exp>
</condition>
</trans>

<trans id="135" from="25" to="26">
<condition id="68">
<or_exp><and_exp></and_exp></or_exp>
</condition>
</trans>
</trans_list>



<state_list>

<state id="1" st_id="1">

<operation id="27" st_id="1" stage="1" lat="1">
<core>RAM</core>
<MemPortIdVec></MemPortIdVec>
<condition id="21">
<or_exp><and_exp></and_exp></or_exp>
</condition>

<Node id="7" bw="32" op_0_bw="32">
<![CDATA[
:3  %RoundKey = alloca [240 x i32], align 4

]]></Node>
<StgValue><ssdm name="RoundKey"/></StgValue>
</operation>

<operation id="28" st_id="1" stage="2" lat="2">
<core></core>
<MemPortIdVec></MemPortIdVec>
<condition id="21">
<or_exp><and_exp></and_exp></or_exp>
</condition>

<Node id="8" bw="0" op_0_bw="0" op_1_bw="32" op_2_bw="32">
<![CDATA[
:4  call fastcc void @KeyExpansion([240 x i32]* %RoundKey, [32 x i32]* %Key) nounwind

]]></Node>
<StgValue><ssdm name=""/></StgValue>
</operation>
</state>

<state id="2" st_id="2">

<operation id="29" st_id="2" stage="1" lat="1">
<core>NULL</core>
<MemPortIdVec></MemPortIdVec>
<condition id="22">
<or_exp><and_exp></and_exp></or_exp>
</condition>

<Node id="4" bw="0" op_0_bw="0" op_1_bw="128">
<![CDATA[
:0  call void (...)* @_ssdm_op_SpecBitsMap([4 x i128]* %state), !map !27

]]></Node>
<StgValue><ssdm name=""/></StgValue>
</operation>

<operation id="30" st_id="2" stage="1" lat="1">
<core>NULL</core>
<MemPortIdVec></MemPortIdVec>
<condition id="22">
<or_exp><and_exp></and_exp></or_exp>
</condition>

<Node id="5" bw="0" op_0_bw="0" op_1_bw="32">
<![CDATA[
:1  call void (...)* @_ssdm_op_SpecBitsMap([32 x i32]* %Key) nounwind, !map !49

]]></Node>
<StgValue><ssdm name=""/></StgValue>
</operation>

<operation id="31" st_id="2" stage="1" lat="1">
<core>NULL</core>
<MemPortIdVec></MemPortIdVec>
<condition id="22">
<or_exp><and_exp></and_exp></or_exp>
</condition>

<Node id="6" bw="0" op_0_bw="0" op_1_bw="0">
<![CDATA[
:2  call void (...)* @_ssdm_op_SpecTopModule([7 x i8]* @Cipher_str) nounwind

]]></Node>
<StgValue><ssdm name=""/></StgValue>
</operation>

<operation id="32" st_id="2" stage="1" lat="2">
<core></core>
<MemPortIdVec></MemPortIdVec>
<condition id="22">
<or_exp><and_exp></and_exp></or_exp>
</condition>

<Node id="8" bw="0" op_0_bw="0" op_1_bw="32" op_2_bw="32">
<![CDATA[
:4  call fastcc void @KeyExpansion([240 x i32]* %RoundKey, [32 x i32]* %Key) nounwind

]]></Node>
<StgValue><ssdm name=""/></StgValue>
</operation>

<operation id="33" st_id="2" stage="1" lat="1">
<core>NULL</core>
<MemPortIdVec></MemPortIdVec>
<condition id="22">
<or_exp><and_exp></and_exp></or_exp>
</condition>

<Node id="9" bw="0" op_0_bw="0">
<![CDATA[
:5  br label %1

]]></Node>
<StgValue><ssdm name=""/></StgValue>
</operation>
</state>

<state id="3" st_id="3">

<operation id="34" st_id="3" stage="1" lat="1">
<core>NULL</core>
<MemPortIdVec></MemPortIdVec>
<condition id="23">
<or_exp><and_exp></and_exp></or_exp>
</condition>

<Node id="11" bw="3" op_0_bw="3" op_1_bw="0">
<![CDATA[
:0  %i_i = phi i3 [ 0, %0 ], [ %i, %.preheader.preheader.i ]

]]></Node>
<StgValue><ssdm name="i_i"/></StgValue>
</operation>

<operation id="35" st_id="3" stage="1" lat="1">
<core>NULL</core>
<MemPortIdVec></MemPortIdVec>
<condition id="23">
<or_exp><and_exp></and_exp></or_exp>
</condition>

<Node id="12" bw="32" op_0_bw="3">
<![CDATA[
:1  %i_i_cast2 = zext i3 %i_i to i32

]]></Node>
<StgValue><ssdm name="i_i_cast2"/></StgValue>
</operation>

<operation id="36" st_id="3" stage="1" lat="1">
<core>Cmp</core>
<MemPortIdVec></MemPortIdVec>
<condition id="23">
<or_exp><and_exp></and_exp></or_exp>
</condition>

<Node id="13" bw="1" op_0_bw="3" op_1_bw="3">
<![CDATA[
:2  %exitcond1_i = icmp eq i3 %i_i, -4

]]></Node>
<StgValue><ssdm name="exitcond1_i"/></StgValue>
</operation>

<operation id="37" st_id="3" stage="1" lat="1">
<core>NULL</core>
<MemPortIdVec></MemPortIdVec>
<condition id="23">
<or_exp><and_exp></and_exp></or_exp>
</condition>

<Node id="14" bw="32" op_0_bw="32" op_1_bw="64" op_2_bw="64" op_3_bw="64">
<![CDATA[
:3  %empty = call i32 (...)* @_ssdm_op_SpecLoopTripCount(i64 4, i64 4, i64 4)

]]></Node>
<StgValue><ssdm name="empty"/></StgValue>
</operation>

<operation id="38" st_id="3" stage="1" lat="1">
<core>AddSub</core>
<MemPortIdVec></MemPortIdVec>
<condition id="23">
<or_exp><and_exp></and_exp></or_exp>
</condition>

<Node id="15" bw="3" op_0_bw="3" op_1_bw="3">
<![CDATA[
:4  %i = add i3 %i_i, 1

]]></Node>
<StgValue><ssdm name="i"/></StgValue>
</operation>

<operation id="39" st_id="3" stage="1" lat="1">
<core>NULL</core>
<MemPortIdVec></MemPortIdVec>
<condition id="23">
<or_exp><and_exp></and_exp></or_exp>
</condition>

<Node id="16" bw="0" op_0_bw="1" op_1_bw="0" op_2_bw="0">
<![CDATA[
:5  br i1 %exitcond1_i, label %AddRoundKey.exit.preheader, label %.preheader.preheader.i

]]></Node>
<StgValue><ssdm name=""/></StgValue>
</operation>

<operation id="40" st_id="3" stage="1" lat="1">
<core>NULL</core>
<MemPortIdVec></MemPortIdVec>
<condition id="25">
<or_exp><and_exp><literal name="exitcond1_i" val="0"/>
</and_exp></or_exp>
</condition>

<Node id="18" bw="2" op_0_bw="3">
<![CDATA[
.preheader.preheader.i:0  %tmp_112 = trunc i3 %i_i to i2

]]></Node>
<StgValue><ssdm name="tmp_112"/></StgValue>
</operation>

<operation id="41" st_id="3" stage="1" lat="1">
<core>NULL</core>
<MemPortIdVec></MemPortIdVec>
<condition id="25">
<or_exp><and_exp><literal name="exitcond1_i" val="0"/>
</and_exp></or_exp>
</condition>

<Node id="19" bw="4" op_0_bw="4" op_1_bw="2" op_2_bw="2">
<![CDATA[
.preheader.preheader.i:1  %tmp_i = call i4 @_ssdm_op_BitConcatenate.i4.i2.i2(i2 %tmp_112, i2 0)

]]></Node>
<StgValue><ssdm name="tmp_i"/></StgValue>
</operation>

<operation id="42" st_id="3" stage="1" lat="1">
<core>NULL</core>
<MemPortIdVec></MemPortIdVec>
<condition id="25">
<or_exp><and_exp><literal name="exitcond1_i" val="0"/>
</and_exp></or_exp>
</condition>

<Node id="20" bw="32" op_0_bw="4">
<![CDATA[
.preheader.preheader.i:2  %tmp_i_cast = zext i4 %tmp_i to i32

]]></Node>
<StgValue><ssdm name="tmp_i_cast"/></StgValue>
</operation>

<operation id="43" st_id="3" stage="1" lat="1">
<core>NULL</core>
<MemPortIdVec></MemPortIdVec>
<condition id="25">
<or_exp><and_exp><literal name="exitcond1_i" val="0"/>
</and_exp></or_exp>
</condition>

<Node id="21" bw="8" op_0_bw="32" op_1_bw="32" op_2_bw="32">
<![CDATA[
.preheader.preheader.i:3  %RoundKey_addr = getelementptr [240 x i32]* %RoundKey, i32 0, i32 %tmp_i_cast

]]></Node>
<StgValue><ssdm name="RoundKey_addr"/></StgValue>
</operation>

<operation id="44" st_id="3" stage="2" lat="2">
<core>RAM</core>
<MemPortIdVec></MemPortIdVec>
<condition id="25">
<or_exp><and_exp><literal name="exitcond1_i" val="0"/>
</and_exp></or_exp>
</condition>

<Node id="22" bw="32" op_0_bw="8">
<![CDATA[
.preheader.preheader.i:4  %RoundKey_load = load i32* %RoundKey_addr, align 4

]]></Node>
<StgValue><ssdm name="RoundKey_load"/></StgValue>
</operation>

<operation id="45" st_id="3" stage="1" lat="1">
<core>NULL</core>
<MemPortIdVec></MemPortIdVec>
<condition id="25">
<or_exp><and_exp><literal name="exitcond1_i" val="0"/>
</and_exp></or_exp>
</condition>

<Node id="23" bw="2" op_0_bw="128" op_1_bw="32" op_2_bw="32">
<![CDATA[
.preheader.preheader.i:5  %state_addr = getelementptr [4 x i128]* %state, i32 0, i32 %i_i_cast2

]]></Node>
<StgValue><ssdm name="state_addr"/></StgValue>
</operation>

<operation id="46" st_id="3" stage="1" lat="1">
<core>NULL</core>
<MemPortIdVec></MemPortIdVec>
<condition id="25">
<or_exp><and_exp><literal name="exitcond1_i" val="0"/>
</and_exp></or_exp>
</condition>

<Node id="27" bw="4" op_0_bw="4" op_1_bw="4">
<![CDATA[
.preheader.preheader.i:9  %sum3_i = or i4 %tmp_i, 1

]]></Node>
<StgValue><ssdm name="sum3_i"/></StgValue>
</operation>

<operation id="47" st_id="3" stage="1" lat="1">
<core>NULL</core>
<MemPortIdVec></MemPortIdVec>
<condition id="25">
<or_exp><and_exp><literal name="exitcond1_i" val="0"/>
</and_exp></or_exp>
</condition>

<Node id="28" bw="32" op_0_bw="4">
<![CDATA[
.preheader.preheader.i:10  %sum3_i_cast = zext i4 %sum3_i to i32

]]></Node>
<StgValue><ssdm name="sum3_i_cast"/></StgValue>
</operation>

<operation id="48" st_id="3" stage="1" lat="1">
<core>NULL</core>
<MemPortIdVec></MemPortIdVec>
<condition id="25">
<or_exp><and_exp><literal name="exitcond1_i" val="0"/>
</and_exp></or_exp>
</condition>

<Node id="29" bw="8" op_0_bw="32" op_1_bw="32" op_2_bw="32">
<![CDATA[
.preheader.preheader.i:11  %RoundKey_addr_59 = getelementptr [240 x i32]* %RoundKey, i32 0, i32 %sum3_i_cast

]]></Node>
<StgValue><ssdm name="RoundKey_addr_59"/></StgValue>
</operation>

<operation id="49" st_id="3" stage="2" lat="2">
<core>RAM</core>
<MemPortIdVec></MemPortIdVec>
<condition id="25">
<or_exp><and_exp><literal name="exitcond1_i" val="0"/>
</and_exp></or_exp>
</condition>

<Node id="30" bw="32" op_0_bw="8">
<![CDATA[
.preheader.preheader.i:12  %RoundKey_load_34 = load i32* %RoundKey_addr_59, align 4

]]></Node>
<StgValue><ssdm name="RoundKey_load_34"/></StgValue>
</operation>

<operation id="50" st_id="3" stage="1" lat="1">
<core>NULL</core>
<MemPortIdVec></MemPortIdVec>
<condition id="26">
<or_exp><and_exp><literal name="exitcond1_i" val="1"/>
</and_exp></or_exp>
</condition>

<Node id="49" bw="0" op_0_bw="0">
<![CDATA[
AddRoundKey.exit.preheader:0  br label %AddRoundKey.exit

]]></Node>
<StgValue><ssdm name=""/></StgValue>
</operation>
</state>

<state id="4" st_id="4">

<operation id="51" st_id="4" stage="1" lat="2">
<core>RAM</core>
<MemPortIdVec></MemPortIdVec>
<condition id="27">
<or_exp><and_exp></and_exp></or_exp>
</condition>

<Node id="22" bw="32" op_0_bw="8">
<![CDATA[
.preheader.preheader.i:4  %RoundKey_load = load i32* %RoundKey_addr, align 4

]]></Node>
<StgValue><ssdm name="RoundKey_load"/></StgValue>
</operation>

<operation id="52" st_id="4" stage="2" lat="2">
<core>RAM</core>
<MemPortIdVec></MemPortIdVec>
<condition id="27">
<or_exp><and_exp></and_exp></or_exp>
</condition>

<Node id="24" bw="128" op_0_bw="2">
<![CDATA[
.preheader.preheader.i:6  %state_load = load i128* %state_addr, align 8

]]></Node>
<StgValue><ssdm name="state_load"/></StgValue>
</operation>

<operation id="53" st_id="4" stage="1" lat="2">
<core>RAM</core>
<MemPortIdVec></MemPortIdVec>
<condition id="27">
<or_exp><and_exp></and_exp></or_exp>
</condition>

<Node id="30" bw="32" op_0_bw="8">
<![CDATA[
.preheader.preheader.i:12  %RoundKey_load_34 = load i32* %RoundKey_addr_59, align 4

]]></Node>
<StgValue><ssdm name="RoundKey_load_34"/></StgValue>
</operation>

<operation id="54" st_id="4" stage="1" lat="1">
<core>NULL</core>
<MemPortIdVec></MemPortIdVec>
<condition id="27">
<or_exp><and_exp></and_exp></or_exp>
</condition>

<Node id="33" bw="4" op_0_bw="4" op_1_bw="4">
<![CDATA[
.preheader.preheader.i:15  %sum3_1_i = or i4 %tmp_i, 2

]]></Node>
<StgValue><ssdm name="sum3_1_i"/></StgValue>
</operation>

<operation id="55" st_id="4" stage="1" lat="1">
<core>NULL</core>
<MemPortIdVec></MemPortIdVec>
<condition id="27">
<or_exp><and_exp></and_exp></or_exp>
</condition>

<Node id="34" bw="32" op_0_bw="4">
<![CDATA[
.preheader.preheader.i:16  %sum3_1_i_cast = zext i4 %sum3_1_i to i32

]]></Node>
<StgValue><ssdm name="sum3_1_i_cast"/></StgValue>
</operation>

<operation id="56" st_id="4" stage="1" lat="1">
<core>NULL</core>
<MemPortIdVec></MemPortIdVec>
<condition id="27">
<or_exp><and_exp></and_exp></or_exp>
</condition>

<Node id="35" bw="8" op_0_bw="32" op_1_bw="32" op_2_bw="32">
<![CDATA[
.preheader.preheader.i:17  %RoundKey_addr_60 = getelementptr [240 x i32]* %RoundKey, i32 0, i32 %sum3_1_i_cast

]]></Node>
<StgValue><ssdm name="RoundKey_addr_60"/></StgValue>
</operation>

<operation id="57" st_id="4" stage="2" lat="2">
<core>RAM</core>
<MemPortIdVec></MemPortIdVec>
<condition id="27">
<or_exp><and_exp></and_exp></or_exp>
</condition>

<Node id="36" bw="32" op_0_bw="8">
<![CDATA[
.preheader.preheader.i:18  %RoundKey_load_35 = load i32* %RoundKey_addr_60, align 4

]]></Node>
<StgValue><ssdm name="RoundKey_load_35"/></StgValue>
</operation>

<operation id="58" st_id="4" stage="1" lat="1">
<core>NULL</core>
<MemPortIdVec></MemPortIdVec>
<condition id="27">
<or_exp><and_exp></and_exp></or_exp>
</condition>

<Node id="39" bw="4" op_0_bw="4" op_1_bw="4">
<![CDATA[
.preheader.preheader.i:21  %sum3_2_i = or i4 %tmp_i, 3

]]></Node>
<StgValue><ssdm name="sum3_2_i"/></StgValue>
</operation>

<operation id="59" st_id="4" stage="1" lat="1">
<core>NULL</core>
<MemPortIdVec></MemPortIdVec>
<condition id="27">
<or_exp><and_exp></and_exp></or_exp>
</condition>

<Node id="40" bw="32" op_0_bw="4">
<![CDATA[
.preheader.preheader.i:22  %sum3_2_i_cast = zext i4 %sum3_2_i to i32

]]></Node>
<StgValue><ssdm name="sum3_2_i_cast"/></StgValue>
</operation>

<operation id="60" st_id="4" stage="1" lat="1">
<core>NULL</core>
<MemPortIdVec></MemPortIdVec>
<condition id="27">
<or_exp><and_exp></and_exp></or_exp>
</condition>

<Node id="41" bw="8" op_0_bw="32" op_1_bw="32" op_2_bw="32">
<![CDATA[
.preheader.preheader.i:23  %RoundKey_addr_61 = getelementptr [240 x i32]* %RoundKey, i32 0, i32 %sum3_2_i_cast

]]></Node>
<StgValue><ssdm name="RoundKey_addr_61"/></StgValue>
</operation>

<operation id="61" st_id="4" stage="2" lat="2">
<core>RAM</core>
<MemPortIdVec></MemPortIdVec>
<condition id="27">
<or_exp><and_exp></and_exp></or_exp>
</condition>

<Node id="42" bw="32" op_0_bw="8">
<![CDATA[
.preheader.preheader.i:24  %RoundKey_load_36 = load i32* %RoundKey_addr_61, align 4

]]></Node>
<StgValue><ssdm name="RoundKey_load_36"/></StgValue>
</operation>
</state>

<state id="5" st_id="5">

<operation id="62" st_id="5" stage="1" lat="2">
<core>RAM</core>
<MemPortIdVec></MemPortIdVec>
<condition id="28">
<or_exp><and_exp></and_exp></or_exp>
</condition>

<Node id="24" bw="128" op_0_bw="2">
<![CDATA[
.preheader.preheader.i:6  %state_load = load i128* %state_addr, align 8

]]></Node>
<StgValue><ssdm name="state_load"/></StgValue>
</operation>

<operation id="63" st_id="5" stage="1" lat="1">
<core>NULL</core>
<MemPortIdVec></MemPortIdVec>
<condition id="28">
<or_exp><and_exp></and_exp></or_exp>
</condition>

<Node id="25" bw="32" op_0_bw="128">
<![CDATA[
.preheader.preheader.i:7  %tmp_113 = trunc i128 %state_load to i32

]]></Node>
<StgValue><ssdm name="tmp_113"/></StgValue>
</operation>

<operation id="64" st_id="5" stage="1" lat="1">
<core>LogicGate</core>
<MemPortIdVec></MemPortIdVec>
<condition id="28">
<or_exp><and_exp></and_exp></or_exp>
</condition>

<Node id="26" bw="32" op_0_bw="32" op_1_bw="32">
<![CDATA[
.preheader.preheader.i:8  %tmp_84_i = xor i32 %RoundKey_load, %tmp_113

]]></Node>
<StgValue><ssdm name="tmp_84_i"/></StgValue>
</operation>

<operation id="65" st_id="5" stage="1" lat="1">
<core>NULL</core>
<MemPortIdVec></MemPortIdVec>
<condition id="28">
<or_exp><and_exp></and_exp></or_exp>
</condition>

<Node id="31" bw="32" op_0_bw="32" op_1_bw="128" op_2_bw="32" op_3_bw="32">
<![CDATA[
.preheader.preheader.i:13  %tmp_113_i = call i32 @_ssdm_op_PartSelect.i32.i128.i32.i32(i128 %state_load, i32 32, i32 63)

]]></Node>
<StgValue><ssdm name="tmp_113_i"/></StgValue>
</operation>

<operation id="66" st_id="5" stage="1" lat="1">
<core>LogicGate</core>
<MemPortIdVec></MemPortIdVec>
<condition id="28">
<or_exp><and_exp></and_exp></or_exp>
</condition>

<Node id="32" bw="32" op_0_bw="32" op_1_bw="32">
<![CDATA[
.preheader.preheader.i:14  %tmp_84_1_i = xor i32 %RoundKey_load_34, %tmp_113_i

]]></Node>
<StgValue><ssdm name="tmp_84_1_i"/></StgValue>
</operation>

<operation id="67" st_id="5" stage="1" lat="2">
<core>RAM</core>
<MemPortIdVec></MemPortIdVec>
<condition id="28">
<or_exp><and_exp></and_exp></or_exp>
</condition>

<Node id="36" bw="32" op_0_bw="8">
<![CDATA[
.preheader.preheader.i:18  %RoundKey_load_35 = load i32* %RoundKey_addr_60, align 4

]]></Node>
<StgValue><ssdm name="RoundKey_load_35"/></StgValue>
</operation>

<operation id="68" st_id="5" stage="1" lat="1">
<core>NULL</core>
<MemPortIdVec></MemPortIdVec>
<condition id="28">
<or_exp><and_exp></and_exp></or_exp>
</condition>

<Node id="37" bw="32" op_0_bw="32" op_1_bw="128" op_2_bw="32" op_3_bw="32">
<![CDATA[
.preheader.preheader.i:19  %tmp_115_i = call i32 @_ssdm_op_PartSelect.i32.i128.i32.i32(i128 %state_load, i32 64, i32 95)

]]></Node>
<StgValue><ssdm name="tmp_115_i"/></StgValue>
</operation>

<operation id="69" st_id="5" stage="1" lat="1">
<core>LogicGate</core>
<MemPortIdVec></MemPortIdVec>
<condition id="28">
<or_exp><and_exp></and_exp></or_exp>
</condition>

<Node id="38" bw="32" op_0_bw="32" op_1_bw="32">
<![CDATA[
.preheader.preheader.i:20  %tmp_84_2_i = xor i32 %RoundKey_load_35, %tmp_115_i

]]></Node>
<StgValue><ssdm name="tmp_84_2_i"/></StgValue>
</operation>

<operation id="70" st_id="5" stage="1" lat="2">
<core>RAM</core>
<MemPortIdVec></MemPortIdVec>
<condition id="28">
<or_exp><and_exp></and_exp></or_exp>
</condition>

<Node id="42" bw="32" op_0_bw="8">
<![CDATA[
.preheader.preheader.i:24  %RoundKey_load_36 = load i32* %RoundKey_addr_61, align 4

]]></Node>
<StgValue><ssdm name="RoundKey_load_36"/></StgValue>
</operation>

<operation id="71" st_id="5" stage="1" lat="1">
<core>NULL</core>
<MemPortIdVec></MemPortIdVec>
<condition id="28">
<or_exp><and_exp></and_exp></or_exp>
</condition>

<Node id="43" bw="32" op_0_bw="32" op_1_bw="128" op_2_bw="32" op_3_bw="32">
<![CDATA[
.preheader.preheader.i:25  %tmp_117_i = call i32 @_ssdm_op_PartSelect.i32.i128.i32.i32(i128 %state_load, i32 96, i32 127)

]]></Node>
<StgValue><ssdm name="tmp_117_i"/></StgValue>
</operation>

<operation id="72" st_id="5" stage="1" lat="1">
<core>LogicGate</core>
<MemPortIdVec></MemPortIdVec>
<condition id="28">
<or_exp><and_exp></and_exp></or_exp>
</condition>

<Node id="44" bw="32" op_0_bw="32" op_1_bw="32">
<![CDATA[
.preheader.preheader.i:26  %tmp_84_3_i = xor i32 %RoundKey_load_36, %tmp_117_i

]]></Node>
<StgValue><ssdm name="tmp_84_3_i"/></StgValue>
</operation>

<operation id="73" st_id="5" stage="1" lat="1">
<core>NULL</core>
<MemPortIdVec></MemPortIdVec>
<condition id="28">
<or_exp><and_exp></and_exp></or_exp>
</condition>

<Node id="45" bw="128" op_0_bw="128" op_1_bw="32" op_2_bw="32" op_3_bw="32" op_4_bw="32">
<![CDATA[
.preheader.preheader.i:27  %tmp_118_i = call i128 @_ssdm_op_BitConcatenate.i128.i32.i32.i32.i32(i32 %tmp_84_3_i, i32 %tmp_84_2_i, i32 %tmp_84_1_i, i32 %tmp_84_i)

]]></Node>
<StgValue><ssdm name="tmp_118_i"/></StgValue>
</operation>

<operation id="74" st_id="5" stage="1" lat="1">
<core>RAM</core>
<MemPortIdVec></MemPortIdVec>
<condition id="28">
<or_exp><and_exp></and_exp></or_exp>
</condition>

<Node id="46" bw="0" op_0_bw="128" op_1_bw="2">
<![CDATA[
.preheader.preheader.i:28  store i128 %tmp_118_i, i128* %state_addr, align 8

]]></Node>
<StgValue><ssdm name=""/></StgValue>
</operation>

<operation id="75" st_id="5" stage="1" lat="1">
<core>NULL</core>
<MemPortIdVec></MemPortIdVec>
<condition id="28">
<or_exp><and_exp></and_exp></or_exp>
</condition>

<Node id="47" bw="0" op_0_bw="0">
<![CDATA[
.preheader.preheader.i:29  br label %1

]]></Node>
<StgValue><ssdm name=""/></StgValue>
</operation>
</state>

<state id="6" st_id="6">

<operation id="76" st_id="6" stage="1" lat="1">
<core>NULL</core>
<MemPortIdVec></MemPortIdVec>
<condition id="-1">
<or_exp><and_exp></and_exp></or_exp>
</condition>

<Node id="51" bw="4" op_0_bw="4" op_1_bw="0">
<![CDATA[
AddRoundKey.exit:0  %round = phi i4 [ %tmp, %2 ], [ 1, %AddRoundKey.exit.preheader ]

]]></Node>
<StgValue><ssdm name="round"/></StgValue>
</operation>

<operation id="77" st_id="6" stage="1" lat="1">
<core>Cmp</core>
<MemPortIdVec></MemPortIdVec>
<condition id="-1">
<or_exp><and_exp></and_exp></or_exp>
</condition>

<Node id="52" bw="1" op_0_bw="4" op_1_bw="4">
<![CDATA[
AddRoundKey.exit:1  %exitcond = icmp eq i4 %round, -6

]]></Node>
<StgValue><ssdm name="exitcond"/></StgValue>
</operation>

<operation id="78" st_id="6" stage="1" lat="1">
<core>NULL</core>
<MemPortIdVec></MemPortIdVec>
<condition id="-1">
<or_exp><and_exp></and_exp></or_exp>
</condition>

<Node id="53" bw="0" op_0_bw="1" op_1_bw="0" op_2_bw="0">
<![CDATA[
AddRoundKey.exit:2  br i1 %exitcond, label %3, label %2

]]></Node>
<StgValue><ssdm name=""/></StgValue>
</operation>
</state>

<state id="7" st_id="7">

<operation id="79" st_id="7" stage="1" lat="1">
<core>NULL</core>
<MemPortIdVec></MemPortIdVec>
<condition id="0">
<or_exp><and_exp><literal name="exitcond" val="0"/>
</and_exp></or_exp>
</condition>

<Node id="59" bw="6" op_0_bw="4">
<![CDATA[
:4  %round_cast1_cast = zext i4 %round to i6

]]></Node>
<StgValue><ssdm name="round_cast1_cast"/></StgValue>
</operation>

<operation id="80" st_id="7" stage="10" lat="10">
<core></core>
<MemPortIdVec></MemPortIdVec>
<condition id="0">
<or_exp><and_exp><literal name="exitcond" val="0"/>
</and_exp></or_exp>
</condition>

<Node id="60" bw="0" op_0_bw="0" op_1_bw="128" op_2_bw="6" op_3_bw="32">
<![CDATA[
:5  call fastcc void @SubBytes([4 x i128]* %state, i6 %round_cast1_cast, [240 x i32]* %RoundKey)

]]></Node>
<StgValue><ssdm name=""/></StgValue>
</operation>

<operation id="81" st_id="7" stage="1" lat="1">
<core>AddSub</core>
<MemPortIdVec></MemPortIdVec>
<condition id="0">
<or_exp><and_exp><literal name="exitcond" val="0"/>
</and_exp></or_exp>
</condition>

<Node id="62" bw="4" op_0_bw="4" op_1_bw="4">
<![CDATA[
:7  %tmp = add i4 %round, 1

]]></Node>
<StgValue><ssdm name="tmp"/></StgValue>
</operation>
</state>

<state id="8" st_id="8">

<operation id="82" st_id="8" stage="9" lat="10">
<core></core>
<MemPortIdVec></MemPortIdVec>
<condition id="0">
<or_exp><and_exp><literal name="exitcond" val="0"/>
</and_exp></or_exp>
</condition>

<Node id="60" bw="0" op_0_bw="0" op_1_bw="128" op_2_bw="6" op_3_bw="32">
<![CDATA[
:5  call fastcc void @SubBytes([4 x i128]* %state, i6 %round_cast1_cast, [240 x i32]* %RoundKey)

]]></Node>
<StgValue><ssdm name=""/></StgValue>
</operation>
</state>

<state id="9" st_id="9">

<operation id="83" st_id="9" stage="8" lat="10">
<core></core>
<MemPortIdVec></MemPortIdVec>
<condition id="0">
<or_exp><and_exp><literal name="exitcond" val="0"/>
</and_exp></or_exp>
</condition>

<Node id="60" bw="0" op_0_bw="0" op_1_bw="128" op_2_bw="6" op_3_bw="32">
<![CDATA[
:5  call fastcc void @SubBytes([4 x i128]* %state, i6 %round_cast1_cast, [240 x i32]* %RoundKey)

]]></Node>
<StgValue><ssdm name=""/></StgValue>
</operation>
</state>

<state id="10" st_id="10">

<operation id="84" st_id="10" stage="7" lat="10">
<core></core>
<MemPortIdVec></MemPortIdVec>
<condition id="0">
<or_exp><and_exp><literal name="exitcond" val="0"/>
</and_exp></or_exp>
</condition>

<Node id="60" bw="0" op_0_bw="0" op_1_bw="128" op_2_bw="6" op_3_bw="32">
<![CDATA[
:5  call fastcc void @SubBytes([4 x i128]* %state, i6 %round_cast1_cast, [240 x i32]* %RoundKey)

]]></Node>
<StgValue><ssdm name=""/></StgValue>
</operation>
</state>

<state id="11" st_id="11">

<operation id="85" st_id="11" stage="6" lat="10">
<core></core>
<MemPortIdVec></MemPortIdVec>
<condition id="0">
<or_exp><and_exp><literal name="exitcond" val="0"/>
</and_exp></or_exp>
</condition>

<Node id="60" bw="0" op_0_bw="0" op_1_bw="128" op_2_bw="6" op_3_bw="32">
<![CDATA[
:5  call fastcc void @SubBytes([4 x i128]* %state, i6 %round_cast1_cast, [240 x i32]* %RoundKey)

]]></Node>
<StgValue><ssdm name=""/></StgValue>
</operation>
</state>

<state id="12" st_id="12">

<operation id="86" st_id="12" stage="5" lat="10">
<core></core>
<MemPortIdVec></MemPortIdVec>
<condition id="0">
<or_exp><and_exp><literal name="exitcond" val="0"/>
</and_exp></or_exp>
</condition>

<Node id="60" bw="0" op_0_bw="0" op_1_bw="128" op_2_bw="6" op_3_bw="32">
<![CDATA[
:5  call fastcc void @SubBytes([4 x i128]* %state, i6 %round_cast1_cast, [240 x i32]* %RoundKey)

]]></Node>
<StgValue><ssdm name=""/></StgValue>
</operation>
</state>

<state id="13" st_id="13">

<operation id="87" st_id="13" stage="4" lat="10">
<core></core>
<MemPortIdVec></MemPortIdVec>
<condition id="0">
<or_exp><and_exp><literal name="exitcond" val="0"/>
</and_exp></or_exp>
</condition>

<Node id="60" bw="0" op_0_bw="0" op_1_bw="128" op_2_bw="6" op_3_bw="32">
<![CDATA[
:5  call fastcc void @SubBytes([4 x i128]* %state, i6 %round_cast1_cast, [240 x i32]* %RoundKey)

]]></Node>
<StgValue><ssdm name=""/></StgValue>
</operation>
</state>

<state id="14" st_id="14">

<operation id="88" st_id="14" stage="3" lat="10">
<core></core>
<MemPortIdVec></MemPortIdVec>
<condition id="0">
<or_exp><and_exp><literal name="exitcond" val="0"/>
</and_exp></or_exp>
</condition>

<Node id="60" bw="0" op_0_bw="0" op_1_bw="128" op_2_bw="6" op_3_bw="32">
<![CDATA[
:5  call fastcc void @SubBytes([4 x i128]* %state, i6 %round_cast1_cast, [240 x i32]* %RoundKey)

]]></Node>
<StgValue><ssdm name=""/></StgValue>
</operation>
</state>

<state id="15" st_id="15">

<operation id="89" st_id="15" stage="2" lat="10">
<core></core>
<MemPortIdVec></MemPortIdVec>
<condition id="0">
<or_exp><and_exp><literal name="exitcond" val="0"/>
</and_exp></or_exp>
</condition>

<Node id="60" bw="0" op_0_bw="0" op_1_bw="128" op_2_bw="6" op_3_bw="32">
<![CDATA[
:5  call fastcc void @SubBytes([4 x i128]* %state, i6 %round_cast1_cast, [240 x i32]* %RoundKey)

]]></Node>
<StgValue><ssdm name=""/></StgValue>
</operation>
</state>

<state id="16" st_id="16">

<operation id="90" st_id="16" stage="1" lat="1">
<core>NULL</core>
<MemPortIdVec></MemPortIdVec>
<condition id="0">
<or_exp><and_exp><literal name="exitcond" val="0"/>
</and_exp></or_exp>
</condition>

<Node id="55" bw="32" op_0_bw="32" op_1_bw="64" op_2_bw="64" op_3_bw="64">
<![CDATA[
:0  %empty_48 = call i32 (...)* @_ssdm_op_SpecLoopTripCount(i64 9, i64 9, i64 9) nounwind

]]></Node>
<StgValue><ssdm name="empty_48"/></StgValue>
</operation>

<operation id="91" st_id="16" stage="1" lat="1">
<core>NULL</core>
<MemPortIdVec></MemPortIdVec>
<condition id="0">
<or_exp><and_exp><literal name="exitcond" val="0"/>
</and_exp></or_exp>
</condition>

<Node id="56" bw="0" op_0_bw="0" op_1_bw="0">
<![CDATA[
:1  call void (...)* @_ssdm_op_SpecLoopName([15 x i8]* @p_str5) nounwind

]]></Node>
<StgValue><ssdm name=""/></StgValue>
</operation>

<operation id="92" st_id="16" stage="1" lat="1">
<core>NULL</core>
<MemPortIdVec></MemPortIdVec>
<condition id="0">
<or_exp><and_exp><literal name="exitcond" val="0"/>
</and_exp></or_exp>
</condition>

<Node id="57" bw="32" op_0_bw="32" op_1_bw="0">
<![CDATA[
:2  %tmp_s = call i32 (...)* @_ssdm_op_SpecRegionBegin([15 x i8]* @p_str5) nounwind

]]></Node>
<StgValue><ssdm name="tmp_s"/></StgValue>
</operation>

<operation id="93" st_id="16" stage="1" lat="1">
<core>NULL</core>
<MemPortIdVec></MemPortIdVec>
<condition id="0">
<or_exp><and_exp><literal name="exitcond" val="0"/>
</and_exp></or_exp>
</condition>

<Node id="58" bw="0" op_0_bw="0" op_1_bw="32" op_2_bw="32" op_3_bw="32" op_4_bw="32" op_5_bw="0">
<![CDATA[
:3  call void (...)* @_ssdm_op_SpecPipeline(i32 -1, i32 1, i32 1, i32 0, [1 x i8]* @p_str1) nounwind

]]></Node>
<StgValue><ssdm name=""/></StgValue>
</operation>

<operation id="94" st_id="16" stage="1" lat="10">
<core></core>
<MemPortIdVec></MemPortIdVec>
<condition id="0">
<or_exp><and_exp><literal name="exitcond" val="0"/>
</and_exp></or_exp>
</condition>

<Node id="60" bw="0" op_0_bw="0" op_1_bw="128" op_2_bw="6" op_3_bw="32">
<![CDATA[
:5  call fastcc void @SubBytes([4 x i128]* %state, i6 %round_cast1_cast, [240 x i32]* %RoundKey)

]]></Node>
<StgValue><ssdm name=""/></StgValue>
</operation>

<operation id="95" st_id="16" stage="1" lat="1">
<core>NULL</core>
<MemPortIdVec></MemPortIdVec>
<condition id="0">
<or_exp><and_exp><literal name="exitcond" val="0"/>
</and_exp></or_exp>
</condition>

<Node id="61" bw="32" op_0_bw="32" op_1_bw="0" op_2_bw="32">
<![CDATA[
:6  %empty_49 = call i32 (...)* @_ssdm_op_SpecRegionEnd([15 x i8]* @p_str5, i32 %tmp_s) nounwind

]]></Node>
<StgValue><ssdm name="empty_49"/></StgValue>
</operation>

<operation id="96" st_id="16" stage="1" lat="1">
<core>NULL</core>
<MemPortIdVec></MemPortIdVec>
<condition id="0">
<or_exp><and_exp><literal name="exitcond" val="0"/>
</and_exp></or_exp>
</condition>

<Node id="63" bw="0" op_0_bw="0">
<![CDATA[
:8  br label %AddRoundKey.exit

]]></Node>
<StgValue><ssdm name=""/></StgValue>
</operation>
</state>

<state id="17" st_id="17">

<operation id="97" st_id="17" stage="10" lat="10">
<core></core>
<MemPortIdVec></MemPortIdVec>
<condition id="29">
<or_exp><and_exp></and_exp></or_exp>
</condition>

<Node id="65" bw="0" op_0_bw="0" op_1_bw="128" op_2_bw="6" op_3_bw="32">
<![CDATA[
:0  call fastcc void @SubBytes([4 x i128]* %state, i6 10, [240 x i32]* %RoundKey)

]]></Node>
<StgValue><ssdm name=""/></StgValue>
</operation>
</state>

<state id="18" st_id="18">

<operation id="98" st_id="18" stage="9" lat="10">
<core></core>
<MemPortIdVec></MemPortIdVec>
<condition id="30">
<or_exp><and_exp></and_exp></or_exp>
</condition>

<Node id="65" bw="0" op_0_bw="0" op_1_bw="128" op_2_bw="6" op_3_bw="32">
<![CDATA[
:0  call fastcc void @SubBytes([4 x i128]* %state, i6 10, [240 x i32]* %RoundKey)

]]></Node>
<StgValue><ssdm name=""/></StgValue>
</operation>
</state>

<state id="19" st_id="19">

<operation id="99" st_id="19" stage="8" lat="10">
<core></core>
<MemPortIdVec></MemPortIdVec>
<condition id="31">
<or_exp><and_exp></and_exp></or_exp>
</condition>

<Node id="65" bw="0" op_0_bw="0" op_1_bw="128" op_2_bw="6" op_3_bw="32">
<![CDATA[
:0  call fastcc void @SubBytes([4 x i128]* %state, i6 10, [240 x i32]* %RoundKey)

]]></Node>
<StgValue><ssdm name=""/></StgValue>
</operation>
</state>

<state id="20" st_id="20">

<operation id="100" st_id="20" stage="7" lat="10">
<core></core>
<MemPortIdVec></MemPortIdVec>
<condition id="32">
<or_exp><and_exp></and_exp></or_exp>
</condition>

<Node id="65" bw="0" op_0_bw="0" op_1_bw="128" op_2_bw="6" op_3_bw="32">
<![CDATA[
:0  call fastcc void @SubBytes([4 x i128]* %state, i6 10, [240 x i32]* %RoundKey)

]]></Node>
<StgValue><ssdm name=""/></StgValue>
</operation>
</state>

<state id="21" st_id="21">

<operation id="101" st_id="21" stage="6" lat="10">
<core></core>
<MemPortIdVec></MemPortIdVec>
<condition id="33">
<or_exp><and_exp></and_exp></or_exp>
</condition>

<Node id="65" bw="0" op_0_bw="0" op_1_bw="128" op_2_bw="6" op_3_bw="32">
<![CDATA[
:0  call fastcc void @SubBytes([4 x i128]* %state, i6 10, [240 x i32]* %RoundKey)

]]></Node>
<StgValue><ssdm name=""/></StgValue>
</operation>
</state>

<state id="22" st_id="22">

<operation id="102" st_id="22" stage="5" lat="10">
<core></core>
<MemPortIdVec></MemPortIdVec>
<condition id="34">
<or_exp><and_exp></and_exp></or_exp>
</condition>

<Node id="65" bw="0" op_0_bw="0" op_1_bw="128" op_2_bw="6" op_3_bw="32">
<![CDATA[
:0  call fastcc void @SubBytes([4 x i128]* %state, i6 10, [240 x i32]* %RoundKey)

]]></Node>
<StgValue><ssdm name=""/></StgValue>
</operation>
</state>

<state id="23" st_id="23">

<operation id="103" st_id="23" stage="4" lat="10">
<core></core>
<MemPortIdVec></MemPortIdVec>
<condition id="35">
<or_exp><and_exp></and_exp></or_exp>
</condition>

<Node id="65" bw="0" op_0_bw="0" op_1_bw="128" op_2_bw="6" op_3_bw="32">
<![CDATA[
:0  call fastcc void @SubBytes([4 x i128]* %state, i6 10, [240 x i32]* %RoundKey)

]]></Node>
<StgValue><ssdm name=""/></StgValue>
</operation>
</state>

<state id="24" st_id="24">

<operation id="104" st_id="24" stage="3" lat="10">
<core></core>
<MemPortIdVec></MemPortIdVec>
<condition id="36">
<or_exp><and_exp></and_exp></or_exp>
</condition>

<Node id="65" bw="0" op_0_bw="0" op_1_bw="128" op_2_bw="6" op_3_bw="32">
<![CDATA[
:0  call fastcc void @SubBytes([4 x i128]* %state, i6 10, [240 x i32]* %RoundKey)

]]></Node>
<StgValue><ssdm name=""/></StgValue>
</operation>
</state>

<state id="25" st_id="25">

<operation id="105" st_id="25" stage="2" lat="10">
<core></core>
<MemPortIdVec></MemPortIdVec>
<condition id="37">
<or_exp><and_exp></and_exp></or_exp>
</condition>

<Node id="65" bw="0" op_0_bw="0" op_1_bw="128" op_2_bw="6" op_3_bw="32">
<![CDATA[
:0  call fastcc void @SubBytes([4 x i128]* %state, i6 10, [240 x i32]* %RoundKey)

]]></Node>
<StgValue><ssdm name=""/></StgValue>
</operation>
</state>

<state id="26" st_id="26">

<operation id="106" st_id="26" stage="1" lat="10">
<core></core>
<MemPortIdVec></MemPortIdVec>
<condition id="38">
<or_exp><and_exp></and_exp></or_exp>
</condition>

<Node id="65" bw="0" op_0_bw="0" op_1_bw="128" op_2_bw="6" op_3_bw="32">
<![CDATA[
:0  call fastcc void @SubBytes([4 x i128]* %state, i6 10, [240 x i32]* %RoundKey)

]]></Node>
<StgValue><ssdm name=""/></StgValue>
</operation>

<operation id="107" st_id="26" stage="1" lat="1">
<core>NULL</core>
<MemPortIdVec></MemPortIdVec>
<condition id="38">
<or_exp><and_exp></and_exp></or_exp>
</condition>

<Node id="66" bw="0">
<![CDATA[
:1  ret void

]]></Node>
<StgValue><ssdm name=""/></StgValue>
</operation>
</state>
</state_list>


<ports>
</ports>


<dataflows>
</dataflows>


</stg>
