<stg><name>Cipher</name>


<trans_list>

<trans id="108" from="1" to="2">
<condition id="39">
<or_exp><and_exp></and_exp></or_exp>
</condition>
</trans>

<trans id="109" from="2" to="3">
<condition id="40">
<or_exp><and_exp></and_exp></or_exp>
</condition>
</trans>

<trans id="110" from="3" to="4">
<condition id="41">
<or_exp><and_exp><literal name="exitcond1_i" val="0"/>
</and_exp></or_exp>
</condition>
</trans>

<trans id="114" from="3" to="6">
<condition id="46">
<or_exp><and_exp><literal name="exitcond1_i" val="1"/>
</and_exp></or_exp>
</condition>
</trans>

<trans id="112" from="4" to="5">
<condition id="43">
<or_exp><and_exp></and_exp></or_exp>
</condition>
</trans>

<trans id="113" from="5" to="3">
<condition id="45">
<or_exp><and_exp></and_exp></or_exp>
</condition>
</trans>

<trans id="147" from="6" to="17">
<condition id="69">
<or_exp><and_exp><literal name="exitcond" val="1"/>
</and_exp></or_exp>
</condition>
</trans>

<trans id="148" from="6" to="7">
<condition id="80">
<or_exp><and_exp><literal name="exitcond" val="0"/>
</and_exp></or_exp>
</condition>
</trans>

<trans id="137" from="7" to="8">
<condition id="70">
<or_exp><and_exp></and_exp></or_exp>
</condition>
</trans>

<trans id="138" from="8" to="9">
<condition id="71">
<or_exp><and_exp></and_exp></or_exp>
</condition>
</trans>

<trans id="139" from="9" to="10">
<condition id="72">
<or_exp><and_exp></and_exp></or_exp>
</condition>
</trans>

<trans id="140" from="10" to="11">
<condition id="73">
<or_exp><and_exp></and_exp></or_exp>
</condition>
</trans>

<trans id="141" from="11" to="12">
<condition id="74">
<or_exp><and_exp></and_exp></or_exp>
</condition>
</trans>

<trans id="142" from="12" to="13">
<condition id="75">
<or_exp><and_exp></and_exp></or_exp>
</condition>
</trans>

<trans id="143" from="13" to="14">
<condition id="76">
<or_exp><and_exp></and_exp></or_exp>
</condition>
</trans>

<trans id="144" from="14" to="15">
<condition id="77">
<or_exp><and_exp></and_exp></or_exp>
</condition>
</trans>

<trans id="145" from="15" to="16">
<condition id="78">
<or_exp><and_exp></and_exp></or_exp>
</condition>
</trans>

<trans id="146" from="16" to="6">
<condition id="79">
<or_exp><and_exp></and_exp></or_exp>
</condition>
</trans>

<trans id="127" from="17" to="18">
<condition id="60">
<or_exp><and_exp></and_exp></or_exp>
</condition>
</trans>

<trans id="128" from="18" to="19">
<condition id="61">
<or_exp><and_exp></and_exp></or_exp>
</condition>
</trans>

<trans id="129" from="19" to="20">
<condition id="62">
<or_exp><and_exp></and_exp></or_exp>
</condition>
</trans>

<trans id="130" from="20" to="21">
<condition id="63">
<or_exp><and_exp></and_exp></or_exp>
</condition>
</trans>

<trans id="131" from="21" to="22">
<condition id="64">
<or_exp><and_exp></and_exp></or_exp>
</condition>
</trans>

<trans id="132" from="22" to="23">
<condition id="65">
<or_exp><and_exp></and_exp></or_exp>
</condition>
</trans>

<trans id="133" from="23" to="24">
<condition id="66">
<or_exp><and_exp></and_exp></or_exp>
</condition>
</trans>

<trans id="134" from="24" to="25">
<condition id="67">
<or_exp><and_exp></and_exp></or_exp>
</condition>
</trans>

<trans id="135" from="25" to="26">
<condition id="68">
<or_exp><and_exp></and_exp></or_exp>
</condition>
</trans>
</trans_list>



<state_list>

<state id="1" st_id="1">

<operation id="27" st_id="1" stage="1" lat="1">
<core>RAM</core>
<MemPortIdVec></MemPortIdVec>
<condition id="21">
<or_exp><and_exp></and_exp></or_exp>
</condition>

<Node id="7" bw="32" op_0_bw="32">
<![CDATA[
:3  %RoundKey = alloca [240 x i32], align 4

]]></Node>
<StgValue><ssdm name="RoundKey"/><MemPortTyVec>2 2 </MemPortTyVec>
</StgValue>
</operation>

<operation id="28" st_id="1" stage="2" lat="2">
<core></core>
<MemPortIdVec></MemPortIdVec>
<condition id="21">
<or_exp><and_exp></and_exp></or_exp>
</condition>

<Node id="8" bw="0" op_0_bw="0" op_1_bw="32" op_2_bw="32">
<![CDATA[
:4  call fastcc void @KeyExpansion([240 x i32]* %RoundKey, [32 x i32]* %Key) nounwind

]]></Node>
<StgValue><ssdm name=""/></StgValue>
</operation>
</state>

<state id="2" st_id="2">

<operation id="29" st_id="2" stage="1" lat="1">
<core>NULL</core>
<MemPortIdVec></MemPortIdVec>
<condition id="22">
<or_exp><and_exp></and_exp></or_exp>
</condition>

<Node id="4" bw="0" op_0_bw="0" op_1_bw="128">
<![CDATA[
:0  call void (...)* @_ssdm_op_SpecBitsMap([4 x i128]* %state), !map !27

]]></Node>
<StgValue><ssdm name=""/></StgValue>
</operation>

<operation id="30" st_id="2" stage="1" lat="1">
<core>NULL</core>
<MemPortIdVec></MemPortIdVec>
<condition id="22">
<or_exp><and_exp></and_exp></or_exp>
</condition>

<Node id="5" bw="0" op_0_bw="0" op_1_bw="32">
<![CDATA[
:1  call void (...)* @_ssdm_op_SpecBitsMap([32 x i32]* %Key) nounwind, !map !49

]]></Node>
<StgValue><ssdm name=""/></StgValue>
</operation>

<operation id="31" st_id="2" stage="1" lat="1">
<core>NULL</core>
<MemPortIdVec></MemPortIdVec>
<condition id="22">
<or_exp><and_exp></and_exp></or_exp>
</condition>

<Node id="6" bw="0" op_0_bw="0" op_1_bw="0">
<![CDATA[
:2  call void (...)* @_ssdm_op_SpecTopModule([7 x i8]* @Cipher_str) nounwind

]]></Node>
<StgValue><ssdm name=""/></StgValue>
</operation>

<operation id="32" st_id="2" stage="1" lat="2">
<core></core>
<MemPortIdVec></MemPortIdVec>
<condition id="22">
<or_exp><and_exp></and_exp></or_exp>
</condition>

<Node id="8" bw="0" op_0_bw="0" op_1_bw="32" op_2_bw="32">
<![CDATA[
:4  call fastcc void @KeyExpansion([240 x i32]* %RoundKey, [32 x i32]* %Key) nounwind

]]></Node>
<StgValue><ssdm name=""/></StgValue>
</operation>

<operation id="33" st_id="2" stage="1" lat="1">
<core>NULL</core>
<MemPortIdVec></MemPortIdVec>
<condition id="22">
<or_exp><and_exp></and_exp></or_exp>
</condition>

<Node id="9" bw="0" op_0_bw="0">
<![CDATA[
:5  br label %1

]]></Node>
<StgValue><ssdm name=""/></StgValue>
</operation>
</state>

<state id="3" st_id="3">

<operation id="34" st_id="3" stage="1" lat="1">
<core>NULL</core>
<MemPortIdVec></MemPortIdVec>
<condition id="23">
<or_exp><and_exp></and_exp></or_exp>
</condition>

<Node id="11" bw="3" op_0_bw="3" op_1_bw="0">
<![CDATA[
:0  %i_i = phi i3 [ 0, %0 ], [ %i, %.preheader.preheader.i ]

]]></Node>
<StgValue><ssdm name="i_i"/></StgValue>
</operation>

<operation id="35" st_id="3" stage="1" lat="1">
<core>NULL</core>
<MemPortIdVec></MemPortIdVec>
<condition id="23">
<or_exp><and_exp></and_exp></or_exp>
</condition>

<Node id="12" bw="32" op_0_bw="3">
<![CDATA[
:1  %i_i_cast2 = zext i3 %i_i to i32

]]></Node>
<StgValue><ssdm name="i_i_cast2"/></StgValue>
</operation>

<operation id="36" st_id="3" stage="1" lat="1">
<core>Cmp</core>
<MemPortIdVec></MemPortIdVec>
<condition id="23">
<or_exp><and_exp></and_exp></or_exp>
</condition>

<Node id="13" bw="1" op_0_bw="3" op_1_bw="3">
<![CDATA[
:2  %exitcond1_i = icmp eq i3 %i_i, -4

]]></Node>
<StgValue><ssdm name="exitcond1_i"/></StgValue>
</operation>

<operation id="37" st_id="3" stage="1" lat="1">
<core>NULL</core>
<MemPortIdVec></MemPortIdVec>
<condition id="23">
<or_exp><and_exp></and_exp></or_exp>
</condition>

<Node id="14" bw="32" op_0_bw="32" op_1_bw="64" op_2_bw="64" op_3_bw="64">
<![CDATA[
:3  %empty = call i32 (...)* @_ssdm_op_SpecLoopTripCount(i64 4, i64 4, i64 4)

]]></Node>
<StgValue><ssdm name="empty"/></StgValue>
</operation>

<operation id="38" st_id="3" stage="1" lat="1">
<core>AddSub</core>
<MemPortIdVec></MemPortIdVec>
<condition id="23">
<or_exp><and_exp></and_exp></or_exp>
</condition>

<Node id="15" bw="3" op_0_bw="3" op_1_bw="3">
<![CDATA[
:4  %i = add i3 %i_i, 1

]]></Node>
<StgValue><ssdm name="i"/></StgValue>
</operation>

<operation id="39" st_id="3" stage="1" lat="1">
<core>NULL</core>
<MemPortIdVec></MemPortIdVec>
<condition id="23">
<or_exp><and_exp></and_exp></or_exp>
</condition>

<Node id="16" bw="0" op_0_bw="1" op_1_bw="0" op_2_bw="0">
<![CDATA[
:5  br i1 %exitcond1_i, label %AddRoundKey.exit.preheader, label %.preheader.preheader.i

]]></Node>
<StgValue><ssdm name=""/></StgValue>
</operation>

<operation id="40" st_id="3" stage="1" lat="1">
<core>NULL</core>
<MemPortIdVec></MemPortIdVec>
<condition id="25">
<or_exp><and_exp><literal name="exitcond1_i" val="0"/>
</and_exp></or_exp>
</condition>

<Node id="18" bw="2" op_0_bw="3">
<![CDATA[
.preheader.preheader.i:0  %tmp_112 = trunc i3 %i_i to i2

]]></Node>
<StgValue><ssdm name="tmp_112"/></StgValue>
</operation>

<operation id="41" st_id="3" stage="1" lat="1">
<core>NULL</core>
<MemPortIdVec></MemPortIdVec>
<condition id="25">
<or_exp><and_exp><literal name="exitcond1_i" val="0"/>
</and_exp></or_exp>
</condition>

<Node id="19" bw="4" op_0_bw="4" op_1_bw="2" op_2_bw="2">
<![CDATA[
.preheader.preheader.i:1  %tmp_i = call i4 @_ssdm_op_BitConcatenate.i4.i2.i2(i2 %tmp_112, i2 0)

]]></Node>
<StgValue><ssdm name="tmp_i"/></StgValue>
</operation>

<operation id="42" st_id="3" stage="1" lat="1">
<core>NULL</core>
<MemPortIdVec></MemPortIdVec>
<condition id="25">
<or_exp><and_exp><literal name="exitcond1_i" val="0"/>
</and_exp></or_exp>
</condition>

<Node id="20" bw="32" op_0_bw="4">
<![CDATA[
.preheader.preheader.i:2  %tmp_i_cast = zext i4 %tmp_i to i32

]]></Node>
<StgValue><ssdm name="tmp_i_cast"/></StgValue>
</operation>

<operation id="43" st_id="3" stage="1" lat="1">
<core>NULL</core>
<MemPortIdVec></MemPortIdVec>
<condition id="25">
<or_exp><and_exp><literal name="exitcond1_i" val="0"/>
</and_exp></or_exp>
</condition>

<Node id="21" bw="8" op_0_bw="32" op_1_bw="32" op_2_bw="32">
<![CDATA[
.preheader.preheader.i:3  %RoundKey_addr = getelementptr [240 x i32]* %RoundKey, i32 0, i32 %tmp_i_cast

]]></Node>
<StgValue><ssdm name="RoundKey_addr"/></StgValue>
</operation>

<operation id="44" st_id="3" stage="2" lat="2">
<core>RAM</core>
<MemPortIdVec>0 </MemPortIdVec>
<condition id="25">
<or_exp><and_exp><literal name="exitcond1_i" val="0"/>
</and_exp></or_exp>
</condition>

<Node id="22" bw="32" op_0_bw="8">
<![CDATA[
.preheader.preheader.i:4  %RoundKey_load = load i32* %RoundKey_addr, align 4

]]></Node>
<StgValue><ssdm name="RoundKey_load"/></StgValue>
</operation>

<operation id="45" st_id="3" stage="1" lat="1">
<core>NULL</core>
<MemPortIdVec></MemPortIdVec>
<condition id="25">
<or_exp><and_exp><literal name="exitcond1_i" val="0"/>
</and_exp></or_exp>
</condition>

<Node id="23" bw="2" op_0_bw="128" op_1_bw="32" op_2_bw="32">
<![CDATA[
.preheader.preheader.i:5  %state_addr = getelementptr [4 x i128]* %state, i32 0, i32 %i_i_cast2

]]></Node>
<StgValue><ssdm name="state_addr"/></StgValue>
</operation>

<operation id="46" st_id="3" stage="1" lat="1">
<core>NULL</core>
<MemPortIdVec></MemPortIdVec>
<condition id="25">
<or_exp><and_exp><literal name="exitcond1_i" val="0"/>
</and_exp></or_exp>
</condition>

<Node id="27" bw="4" op_0_bw="4" op_1_bw="4">
<![CDATA[
.preheader.preheader.i:9  %sum3_i = or i4 %tmp_i, 1

]]></Node>
<StgValue><ssdm name="sum3_i"/></StgValue>
</operation>

<operation id="47" st_id="3" stage="1" lat="1">
<core>NULL</core>
<MemPortIdVec></MemPortIdVec>
<condition id="25">
<or_exp><and_exp><literal name="exitcond1_i" val="0"/>
</and_exp></or_exp>
</condition>

<Node id="28" bw="32" op_0_bw="4">
<![CDATA[
.preheader.preheader.i:10  %sum3_i_cast = zext i4 %sum3_i to i32

]]></Node>
<StgValue><ssdm name="sum3_i_cast"/></StgValue>
</operation>

<operation id="48" st_id="3" stage="1" lat="1">
<core>NULL</core>
<MemPortIdVec></MemPortIdVec>
<condition id="25">
<or_exp><and_exp><literal name="exitcond1_i" val="0"/>
</and_exp></or_exp>
</condition>

<Node id="29" bw="8" op_0_bw="32" op_1_bw="32" op_2_bw="32">
<![CDATA[
.preheader.preheader.i:11  %RoundKey_addr_59 = getelementptr [240 x i32]* %RoundKey, i32 0, i32 %sum3_i_cast

]]></Node>
<StgValue><ssdm name="RoundKey_addr_59"/></StgValue>
</operation>

<operation id="49" st_id="3" stage="2" lat="2">
<core>RAM</core>
<MemPortIdVec>1 </MemPortIdVec>
<condition id="25">
<or_exp><and_exp><literal name="exitcond1_i" val="0"/>
</and_exp></or_exp>
</condition>

<Node id="30" bw="32" op_0_bw="8">
<![CDATA[
.preheader.preheader.i:12  %RoundKey_load_34 = load i32* %RoundKey_addr_59, align 4

]]></Node>
<StgValue><ssdm name="RoundKey_load_34"/></StgValue>
</operation>

<operation id="50" st_id="3" stage="1" lat="1">
<core>NULL</core>
<MemPortIdVec></MemPortIdVec>
<condition id="26">
<or_exp><and_exp><literal name="exitcond1_i" val="1"/>
</and_exp></or_exp>
</condition>

<Node id="49" bw="0" op_0_bw="0">
<![CDATA[
AddRoundKey.exit.preheader:0  br label %AddRoundKey.exit

]]></Node>
<StgValue><ssdm name=""/></StgValue>
</operation>
</state>

<state id="4" st_id="4">

<operation id="51" st_id="4" stage="1" lat="2">
<core>RAM</core>
<MemPortIdVec>0 </MemPortIdVec>
<condition id="27">
<or_exp><and_exp></and_exp></or_exp>
</condition>

<Node id="22" bw="32" op_0_bw="8">
<![CDATA[
.preheader.preheader.i:4  %RoundKey_load = load i32* %RoundKey_addr, align 4

]]></Node>
<StgValue><ssdm name="RoundKey_load"/></StgValue>
</operation>

<operation id="52" st_id="4" stage="2" lat="2">
<core>RAM</core>
<MemPortIdVec>0 </MemPortIdVec>
<condition id="27">
<or_exp><and_exp></and_exp></or_exp>
</condition>

<Node id="24" bw="128" op_0_bw="2">
<![CDATA[
.preheader.preheader.i:6  %state_load = load i128* %state_addr, align 8

]]></Node>
<StgValue><ssdm name="state_load"/></StgValue>
</operation>

<operation id="53" st_id="4" stage="1" lat="2">
<core>RAM</core>
<MemPortIdVec>1 </MemPortIdVec>
<condition id="27">
<or_exp><and_exp></and_exp></or_exp>
</condition>

<Node id="30" bw="32" op_0_bw="8">
<![CDATA[
.preheader.preheader.i:12  %RoundKey_load_34 = load i32* %RoundKey_addr_59, align 4

]]></Node>
<StgValue><ssdm name="RoundKey_load_34"/></StgValue>
</operation>

<operation id="54" st_id="4" stage="1" lat="1">
<core>NULL</core>
<MemPortIdVec></MemPortIdVec>
<condition id="27">
<or_exp><and_exp></and_exp></or_exp>
</condition>

<Node id="33" bw="4" op_0_bw="4" op_1_bw="4">
<![CDATA[
.preheader.preheader.i:15  %sum3_1_i = or i4 %tmp_i, 2

]]></Node>
<StgValue><ssdm name="sum3_1_i"/></StgValue>
</operation>

<operation id="55" st_id="4" stage="1" lat="1">
<core>NULL</core>
<MemPortIdVec></MemPortIdVec>
<condition id="27">
<or_exp><and_exp></and_exp></or_exp>
</condition>

<Node id="34" bw="32" op_0_bw="4">
<![CDATA[
.preheader.preheader.i:16  %sum3_1_i_cast = zext i4 %sum3_1_i to i32

]]></Node>
<StgValue><ssdm name="sum3_1_i_cast"/></StgValue>
</operation>

<operation id="56" st_id="4" stage="1" lat="1">
<core>NULL</core>
<MemPortIdVec></MemPortIdVec>
<condition id="27">
<or_exp><and_exp></and_exp></or_exp>
</condition>

<Node id="35" bw="8" op_0_bw="32" op_1_bw="32" op_2_bw="32">
<![CDATA[
.preheader.preheader.i:17  %RoundKey_addr_60 = getelementptr [240 x i32]* %RoundKey, i32 0, i32 %sum3_1_i_cast

]]></Node>
<StgValue><ssdm name="RoundKey_addr_60"/></StgValue>
</operation>

<operation id="57" st_id="4" stage="2" lat="2">
<core>RAM</core>
<MemPortIdVec>0 </MemPortIdVec>
<condition id="27">
<or_exp><and_exp></and_exp></or_exp>
</condition>

<Node id="36" bw="32" op_0_bw="8">
<![CDATA[
.preheader.preheader.i:18  %RoundKey_load_35 = load i32* %RoundKey_addr_60, align 4

]]></Node>
<StgValue><ssdm name="RoundKey_load_35"/></StgValue>
</operation>

<operation id="58" st_id="4" stage="1" lat="1">
<core>NULL</core>
<MemPortIdVec></MemPortIdVec>
<condition id="27">
<or_exp><and_exp></and_exp></or_exp>
</condition>

<Node id="39" bw="4" op_0_bw="4" op_1_bw="4">
<![CDATA[
.preheader.preheader.i:21  %sum3_2_i = or i4 %tmp_i, 3

]]></Node>
<StgValue><ssdm name="sum3_2_i"/></StgValue>
</operation>

<operation id="59" st_id="4" stage="1" lat="1">
<core>NULL</core>
<MemPortIdVec></MemPortIdVec>
<condition id="27">
<or_exp><and_exp></and_exp></or_exp>
</condition>

<Node id="40" bw="32" op_0_bw="4">
<![CDATA[
.preheader.preheader.i:22  %sum3_2_i_cast = zext i4 %sum3_2_i to i32

]]></Node>
<StgValue><ssdm name="sum3_2_i_cast"/></StgValue>
</operation>

<operation id="60" st_id="4" stage="1" lat="1">
<core>NULL</core>
<MemPortIdVec></MemPortIdVec>
<condition id="27">
<or_exp><and_exp></and_exp></or_exp>
</condition>

<Node id="41" bw="8" op_0_bw="32" op_1_bw="32" op_2_bw="32">
<![CDATA[
.preheader.preheader.i:23  %RoundKey_addr_61 = getelementptr [240 x i32]* %RoundKey, i32 0, i32 %sum3_2_i_cast

]]></Node>
<StgValue><ssdm name="RoundKey_addr_61"/></StgValue>
</operation>

<operation id="61" st_id="4" stage="2" lat="2">
<core>RAM</core>
<MemPortIdVec>1 </MemPortIdVec>
<condition id="27">
<or_exp><and_exp></and_exp></or_exp>
</condition>

<Node id="42" bw="32" op_0_bw="8">
<![CDATA[
.preheader.preheader.i:24  %RoundKey_load_36 = load i32* %RoundKey_addr_61, align 4

]]></Node>
<StgValue><ssdm name="RoundKey_load_36"/></StgValue>
</operation>
</state>

<state id="5" st_id="5">

<operation id="62" st_id="5" stage="1" lat="2">
<core>RAM</core>
<MemPortIdVec>0 </MemPortIdVec>
<condition id="28">
<or_exp><and_exp></and_exp></or_exp>
</condition>

<Node id="24" bw="128" op_0_bw="2">
<![CDATA[
.preheader.preheader.i:6  %state_load = load i128* %state_addr, align 8

]]></Node>
<StgValue><ssdm name="state_load"/></StgValue>
</operation>

<operation id="63" st_id="5" stage="1" lat="1">
<core>NULL</core>
<MemPortIdVec></MemPortIdVec>
<condition id="28">
<or_exp><and_exp></and_exp></or_exp>
</condition>

<Node id="25" bw="32" op_0_bw="128">
<![CDATA[
.preheader.preheader.i:7  %tmp_113 = trunc i128 %state_load to i32

]]></Node>
<StgValue><ssdm name="tmp_113"/></StgValue>
</operation>

<operation id="64" st_id="5" stage="1" lat="1">
<core>LogicGate</core>
<MemPortIdVec></MemPortIdVec>
<condition id="28">
<or_exp><and_exp></and_exp></or_exp>
</condition>

<Node id="26" bw="32" op_0_bw="32" op_1_bw="32">
<![CDATA[
.preheader.preheader.i:8  %tmp_84_i = xor i32 %RoundKey_load, %tmp_113

]]></Node>
<StgValue><ssdm name="tmp_84_i"/></StgValue>
</operation>

<operation id="65" st_id="5" stage="1" lat="1">
<core>NULL</core>
<MemPortIdVec></MemPortIdVec>
<condition id="28">
<or_exp><and_exp></and_exp></or_exp>
</condition>

<Node id="31" bw="32" op_0_bw="32" op_1_bw="128" op_2_bw="32" op_3_bw="32">
<![CDATA[
.preheader.preheader.i:13  %tmp_113_i = call i32 @_ssdm_op_PartSelect.i32.i128.i32.i32(i128 %state_load, i32 32, i32 63)

]]></Node>
<StgValue><ssdm name="tmp_113_i"/></StgValue>
</operation>

<operation id="66" st_id="5" stage="1" lat="1">
<core>LogicGate</core>
<MemPortIdVec></MemPortIdVec>
<condition id="28">
<or_exp><and_exp></and_exp></or_exp>
</condition>

<Node id="32" bw="32" op_0_bw="32" op_1_bw="32">
<![CDATA[
.preheader.preheader.i:14  %tmp_84_1_i = xor i32 %RoundKey_load_34, %tmp_113_i

]]></Node>
<StgValue><ssdm name="tmp_84_1_i"/></StgValue>
</operation>

<operation id="67" st_id="5" stage="1" lat="2">
<core>RAM</core>
<MemPortIdVec>0 </MemPortIdVec>
<condition id="28">
<or_exp><and_exp></and_exp></or_exp>
</condition>

<Node id="36" bw="32" op_0_bw="8">
<![CDATA[
.preheader.preheader.i:18  %RoundKey_load_35 = load i32* %RoundKey_addr_60, align 4

]]></Node>
<StgValue><ssdm name="RoundKey_load_35"/></StgValue>
</operation>

<operation id="68" st_id="5" stage="1" lat="1">
<core>NULL</core>
<MemPortIdVec></MemPortIdVec>
<condition id="28">
<or_exp><and_exp></and_exp></or_exp>
</condition>

<Node id="37" bw="32" op_0_bw="32" op_1_bw="128" op_2_bw="32" op_3_bw="32">
<![CDATA[
.preheader.preheader.i:19  %tmp_115_i = call i32 @_ssdm_op_PartSelect.i32.i128.i32.i32(i128 %state_load, i32 64, i32 95)

]]></Node>
<StgValue><ssdm name="tmp_115_i"/></StgValue>
</operation>

<operation id="69" st_id="5" stage="1" lat="1">
<core>LogicGate</core>
<MemPortIdVec></MemPortIdVec>
<condition id="28">
<or_exp><and_exp></and_exp></or_exp>
</condition>

<Node id="38" bw="32" op_0_bw="32" op_1_bw="32">
<![CDATA[
.preheader.preheader.i:20  %tmp_84_2_i = xor i32 %RoundKey_load_35, %tmp_115_i

]]></Node>
<StgValue><ssdm name="tmp_84_2_i"/></StgValue>
</operation>

<operation id="70" st_id="5" stage="1" lat="2">
<core>RAM</core>
<MemPortIdVec>1 </MemPortIdVec>
<condition id="28">
<or_exp><and_exp></and_exp></or_exp>
</condition>

<Node id="42" bw="32" op_0_bw="8">
<![CDATA[
.preheader.preheader.i:24  %RoundKey_load_36 = load i32* %RoundKey_addr_61, align 4

]]></Node>
<StgValue><ssdm name="RoundKey_load_36"/></StgValue>
</operation>

<operation id="71" st_id="5" stage="1" lat="1">
<core>NULL</core>
<MemPortIdVec></MemPortIdVec>
<condition id="28">
<or_exp><and_exp></and_exp></or_exp>
</condition>

<Node id="43" bw="32" op_0_bw="32" op_1_bw="128" op_2_bw="32" op_3_bw="32">
<![CDATA[
.preheader.preheader.i:25  %tmp_117_i = call i32 @_ssdm_op_PartSelect.i32.i128.i32.i32(i128 %state_load, i32 96, i32 127)

]]></Node>
<StgValue><ssdm name="tmp_117_i"/></StgValue>
</operation>

<operation id="72" st_id="5" stage="1" lat="1">
<core>LogicGate</core>
<MemPortIdVec></MemPortIdVec>
<condition id="28">
<or_exp><and_exp></and_exp></or_exp>
</condition>

<Node id="44" bw="32" op_0_bw="32" op_1_bw="32">
<![CDATA[
.preheader.preheader.i:26  %tmp_84_3_i = xor i32 %RoundKey_load_36, %tmp_117_i

]]></Node>
<StgValue><ssdm name="tmp_84_3_i"/></StgValue>
</operation>

<operation id="73" st_id="5" stage="1" lat="1">
<core>NULL</core>
<MemPortIdVec></MemPortIdVec>
<condition id="28">
<or_exp><and_exp></and_exp></or_exp>
</condition>

<Node id="45" bw="128" op_0_bw="128" op_1_bw="32" op_2_bw="32" op_3_bw="32" op_4_bw="32">
<![CDATA[
.preheader.preheader.i:27  %tmp_118_i = call i128 @_ssdm_op_BitConcatenate.i128.i32.i32.i32.i32(i32 %tmp_84_3_i, i32 %tmp_84_2_i, i32 %tmp_84_1_i, i32 %tmp_84_i)

]]></Node>
<StgValue><ssdm name="tmp_118_i"/></StgValue>
</operation>

<operation id="74" st_id="5" stage="1" lat="1">
<core>RAM</core>
<MemPortIdVec>0 </MemPortIdVec>
<condition id="28">
<or_exp><and_exp></and_exp></or_exp>
</condition>

<Node id="46" bw="0" op_0_bw="128" op_1_bw="2">
<![CDATA[
.preheader.preheader.i:28  store i128 %tmp_118_i, i128* %state_addr, align 8

]]></Node>
<StgValue><ssdm name=""/></StgValue>
</operation>

<operation id="75" st_id="5" stage="1" lat="1">
<core>NULL</core>
<MemPortIdVec></MemPortIdVec>
<condition id="28">
<or_exp><and_exp></and_exp></or_exp>
</condition>

<Node id="47" bw="0" op_0_bw="0">
<![CDATA[
.preheader.preheader.i:29  br label %1

]]></Node>
<StgValue><ssdm name=""/></StgValue>
</operation>
</state>

<state id="6" st_id="6">

<operation id="76" st_id="6" stage="1" lat="1">
<core>NULL</core>
<MemPortIdVec></MemPortIdVec>
<condition id="-1">
<or_exp><and_exp></and_exp></or_exp>
</condition>

<Node id="51" bw="4" op_0_bw="4" op_1_bw="0">
<![CDATA[
AddRoundKey.exit:0  %round = phi i4 [ %tmp, %2 ], [ 1, %AddRoundKey.exit.preheader ]

]]></Node>
<StgValue><ssdm name="round"/></StgValue>
</operation>

<operation id="77" st_id="6" stage="1" lat="1">
<core>Cmp</core>
<MemPortIdVec></MemPortIdVec>
<condition id="-1">
<or_exp><and_exp></and_exp></or_exp>
</condition>

<Node id="52" bw="1" op_0_bw="4" op_1_bw="4">
<![CDATA[
AddRoundKey.exit:1  %exitcond = icmp eq i4 %round, -6

]]></Node>
<StgValue><ssdm name="exitcond"/></StgValue>
</operation>

<operation id="78" st_id="6" stage="1" lat="1">
<core>NULL</core>
<MemPortIdVec></MemPortIdVec>
<condition id="-1">
<or_exp><and_exp></and_exp></or_exp>
</condition>

<Node id="53" bw="0" op_0_bw="1" op_1_bw="0" op_2_bw="0">
<![CDATA[
AddRoundKey.exit:2  br i1 %exitcond, label %3, label %2

]]></Node>
<StgValue><ssdm name=""/></StgValue>
</operation>
</state>

<state id="7" st_id="7">

<operation id="79" st_id="7" stage="1" lat="1">
<core>NULL</core>
<MemPortIdVec></MemPortIdVec>
<condition id="0">
<or_exp><and_exp><literal name="exitcond" val="0"/>
</and_exp></or_exp>
</condition>

<Node id="59" bw="6" op_0_bw="4">
<![CDATA[
:4  %round_cast1_cast = zext i4 %round to i6

]]></Node>
<StgValue><ssdm name="round_cast1_cast"/></StgValue>
</operation>

<operation id="80" st_id="7" stage="10" lat="10">
<core></core>
<MemPortIdVec></MemPortIdVec>
<condition id="0">
<or_exp><and_exp><literal name="exitcond" val="0"/>
</and_exp></or_exp>
</condition>

<Node id="60" bw="0" op_0_bw="0" op_1_bw="128" op_2_bw="6" op_3_bw="32">
<![CDATA[
:5  call fastcc void @SubBytes([4 x i128]* %state, i6 %round_cast1_cast, [240 x i32]* %RoundKey)

]]></Node>
<StgValue><ssdm name=""/></StgValue>
</operation>

<operation id="81" st_id="7" stage="1" lat="1">
<core>AddSub</core>
<MemPortIdVec></MemPortIdVec>
<condition id="0">
<or_exp><and_exp><literal name="exitcond" val="0"/>
</and_exp></or_exp>
</condition>

<Node id="62" bw="4" op_0_bw="4" op_1_bw="4">
<![CDATA[
:7  %tmp = add i4 %round, 1

]]></Node>
<StgValue><ssdm name="tmp"/></StgValue>
</operation>
</state>

<state id="8" st_id="8">

<operation id="82" st_id="8" stage="9" lat="10">
<core></core>
<MemPortIdVec></MemPortIdVec>
<condition id="0">
<or_exp><and_exp><literal name="exitcond" val="0"/>
</and_exp></or_exp>
</condition>

<Node id="60" bw="0" op_0_bw="0" op_1_bw="128" op_2_bw="6" op_3_bw="32">
<![CDATA[
:5  call fastcc void @SubBytes([4 x i128]* %state, i6 %round_cast1_cast, [240 x i32]* %RoundKey)

]]></Node>
<StgValue><ssdm name=""/></StgValue>
</operation>
</state>

<state id="9" st_id="9">

<operation id="83" st_id="9" stage="8" lat="10">
<core></core>
<MemPortIdVec></MemPortIdVec>
<condition id="0">
<or_exp><and_exp><literal name="exitcond" val="0"/>
</and_exp></or_exp>
</condition>

<Node id="60" bw="0" op_0_bw="0" op_1_bw="128" op_2_bw="6" op_3_bw="32">
<![CDATA[
:5  call fastcc void @SubBytes([4 x i128]* %state, i6 %round_cast1_cast, [240 x i32]* %RoundKey)

]]></Node>
<StgValue><ssdm name=""/></StgValue>
</operation>
</state>

<state id="10" st_id="10">

<operation id="84" st_id="10" stage="7" lat="10">
<core></core>
<MemPortIdVec></MemPortIdVec>
<condition id="0">
<or_exp><and_exp><literal name="exitcond" val="0"/>
</and_exp></or_exp>
</condition>

<Node id="60" bw="0" op_0_bw="0" op_1_bw="128" op_2_bw="6" op_3_bw="32">
<![CDATA[
:5  call fastcc void @SubBytes([4 x i128]* %state, i6 %round_cast1_cast, [240 x i32]* %RoundKey)

]]></Node>
<StgValue><ssdm name=""/></StgValue>
</operation>
</state>

<state id="11" st_id="11">

<operation id="85" st_id="11" stage="6" lat="10">
<core></core>
<MemPortIdVec></MemPortIdVec>
<condition id="0">
<or_exp><and_exp><literal name="exitcond" val="0"/>
</and_exp></or_exp>
</condition>

<Node id="60" bw="0" op_0_bw="0" op_1_bw="128" op_2_bw="6" op_3_bw="32">
<![CDATA[
:5  call fastcc void @SubBytes([4 x i128]* %state, i6 %round_cast1_cast, [240 x i32]* %RoundKey)

]]></Node>
<StgValue><ssdm name=""/></StgValue>
</operation>
</state>

<state id="12" st_id="12">

<operation id="86" st_id="12" stage="5" lat="10">
<core></core>
<MemPortIdVec></MemPortIdVec>
<condition id="0">
<or_exp><and_exp><literal name="exitcond" val="0"/>
</and_exp></or_exp>
</condition>

<Node id="60" bw="0" op_0_bw="0" op_1_bw="128" op_2_bw="6" op_3_bw="32">
<![CDATA[
:5  call fastcc void @SubBytes([4 x i128]* %state, i6 %round_cast1_cast, [240 x i32]* %RoundKey)

]]></Node>
<StgValue><ssdm name=""/></StgValue>
</operation>
</state>

<state id="13" st_id="13">

<operation id="87" st_id="13" stage="4" lat="10">
<core></core>
<MemPortIdVec></MemPortIdVec>
<condition id="0">
<or_exp><and_exp><literal name="exitcond" val="0"/>
</and_exp></or_exp>
</condition>

<Node id="60" bw="0" op_0_bw="0" op_1_bw="128" op_2_bw="6" op_3_bw="32">
<![CDATA[
:5  call fastcc void @SubBytes([4 x i128]* %state, i6 %round_cast1_cast, [240 x i32]* %RoundKey)

]]></Node>
<StgValue><ssdm name=""/></StgValue>
</operation>
</state>

<state id="14" st_id="14">

<operation id="88" st_id="14" stage="3" lat="10">
<core></core>
<MemPortIdVec></MemPortIdVec>
<condition id="0">
<or_exp><and_exp><literal name="exitcond" val="0"/>
</and_exp></or_exp>
</condition>

<Node id="60" bw="0" op_0_bw="0" op_1_bw="128" op_2_bw="6" op_3_bw="32">
<![CDATA[
:5  call fastcc void @SubBytes([4 x i128]* %state, i6 %round_cast1_cast, [240 x i32]* %RoundKey)

]]></Node>
<StgValue><ssdm name=""/></StgValue>
</operation>
</state>

<state id="15" st_id="15">

<operation id="89" st_id="15" stage="2" lat="10">
<core></core>
<MemPortIdVec></MemPortIdVec>
<condition id="0">
<or_exp><and_exp><literal name="exitcond" val="0"/>
</and_exp></or_exp>
</condition>

<Node id="60" bw="0" op_0_bw="0" op_1_bw="128" op_2_bw="6" op_3_bw="32">
<![CDATA[
:5  call fastcc void @SubBytes([4 x i128]* %state, i6 %round_cast1_cast, [240 x i32]* %RoundKey)

]]></Node>
<StgValue><ssdm name=""/></StgValue>
</operation>
</state>

<state id="16" st_id="16">

<operation id="90" st_id="16" stage="1" lat="1">
<core>NULL</core>
<MemPortIdVec></MemPortIdVec>
<condition id="0">
<or_exp><and_exp><literal name="exitcond" val="0"/>
</and_exp></or_exp>
</condition>

<Node id="55" bw="32" op_0_bw="32" op_1_bw="64" op_2_bw="64" op_3_bw="64">
<![CDATA[
:0  %empty_48 = call i32 (...)* @_ssdm_op_SpecLoopTripCount(i64 9, i64 9, i64 9) nounwind

]]></Node>
<StgValue><ssdm name="empty_48"/></StgValue>
</operation>

<operation id="91" st_id="16" stage="1" lat="1">
<core>NULL</core>
<MemPortIdVec></MemPortIdVec>
<condition id="0">
<or_exp><and_exp><literal name="exitcond" val="0"/>
</and_exp></or_exp>
</condition>

<Node id="56" bw="0" op_0_bw="0" op_1_bw="0">
<![CDATA[
:1  call void (...)* @_ssdm_op_SpecLoopName([15 x i8]* @p_str5) nounwind

]]></Node>
<StgValue><ssdm name=""/></StgValue>
</operation>

<operation id="92" st_id="16" stage="1" lat="1">
<core>NULL</core>
<MemPortIdVec></MemPortIdVec>
<condition id="0">
<or_exp><and_exp><literal name="exitcond" val="0"/>
</and_exp></or_exp>
</condition>

<Node id="57" bw="32" op_0_bw="32" op_1_bw="0">
<![CDATA[
:2  %tmp_s = call i32 (...)* @_ssdm_op_SpecRegionBegin([15 x i8]* @p_str5) nounwind

]]></Node>
<StgValue><ssdm name="tmp_s"/></StgValue>
</operation>

<operation id="93" st_id="16" stage="1" lat="1">
<core>NULL</core>
<MemPortIdVec></MemPortIdVec>
<condition id="0">
<or_exp><and_exp><literal name="exitcond" val="0"/>
</and_exp></or_exp>
</condition>

<Node id="58" bw="0" op_0_bw="0" op_1_bw="32" op_2_bw="32" op_3_bw="32" op_4_bw="32" op_5_bw="0">
<![CDATA[
:3  call void (...)* @_ssdm_op_SpecPipeline(i32 -1, i32 1, i32 1, i32 0, [1 x i8]* @p_str1) nounwind

]]></Node>
<StgValue><ssdm name=""/></StgValue>
</operation>

<operation id="94" st_id="16" stage="1" lat="10">
<core></core>
<MemPortIdVec></MemPortIdVec>
<condition id="0">
<or_exp><and_exp><literal name="exitcond" val="0"/>
</and_exp></or_exp>
</condition>

<Node id="60" bw="0" op_0_bw="0" op_1_bw="128" op_2_bw="6" op_3_bw="32">
<![CDATA[
:5  call fastcc void @SubBytes([4 x i128]* %state, i6 %round_cast1_cast, [240 x i32]* %RoundKey)

]]></Node>
<StgValue><ssdm name=""/></StgValue>
</operation>

<operation id="95" st_id="16" stage="1" lat="1">
<core>NULL</core>
<MemPortIdVec></MemPortIdVec>
<condition id="0">
<or_exp><and_exp><literal name="exitcond" val="0"/>
</and_exp></or_exp>
</condition>

<Node id="61" bw="32" op_0_bw="32" op_1_bw="0" op_2_bw="32">
<![CDATA[
:6  %empty_49 = call i32 (...)* @_ssdm_op_SpecRegionEnd([15 x i8]* @p_str5, i32 %tmp_s) nounwind

]]></Node>
<StgValue><ssdm name="empty_49"/></StgValue>
</operation>

<operation id="96" st_id="16" stage="1" lat="1">
<core>NULL</core>
<MemPortIdVec></MemPortIdVec>
<condition id="0">
<or_exp><and_exp><literal name="exitcond" val="0"/>
</and_exp></or_exp>
</condition>

<Node id="63" bw="0" op_0_bw="0">
<![CDATA[
:8  br label %AddRoundKey.exit

]]></Node>
<StgValue><ssdm name=""/></StgValue>
</operation>
</state>

<state id="17" st_id="17">

<operation id="97" st_id="17" stage="10" lat="10">
<core></core>
<MemPortIdVec></MemPortIdVec>
<condition id="29">
<or_exp><and_exp></and_exp></or_exp>
</condition>

<Node id="65" bw="0" op_0_bw="0" op_1_bw="128" op_2_bw="6" op_3_bw="32">
<![CDATA[
:0  call fastcc void @SubBytes([4 x i128]* %state, i6 10, [240 x i32]* %RoundKey)

]]></Node>
<StgValue><ssdm name=""/></StgValue>
</operation>
</state>

<state id="18" st_id="18">

<operation id="98" st_id="18" stage="9" lat="10">
<core></core>
<MemPortIdVec></MemPortIdVec>
<condition id="30">
<or_exp><and_exp></and_exp></or_exp>
</condition>

<Node id="65" bw="0" op_0_bw="0" op_1_bw="128" op_2_bw="6" op_3_bw="32">
<![CDATA[
:0  call fastcc void @SubBytes([4 x i128]* %state, i6 10, [240 x i32]* %RoundKey)

]]></Node>
<StgValue><ssdm name=""/></StgValue>
</operation>
</state>

<state id="19" st_id="19">

<operation id="99" st_id="19" stage="8" lat="10">
<core></core>
<MemPortIdVec></MemPortIdVec>
<condition id="31">
<or_exp><and_exp></and_exp></or_exp>
</condition>

<Node id="65" bw="0" op_0_bw="0" op_1_bw="128" op_2_bw="6" op_3_bw="32">
<![CDATA[
:0  call fastcc void @SubBytes([4 x i128]* %state, i6 10, [240 x i32]* %RoundKey)

]]></Node>
<StgValue><ssdm name=""/></StgValue>
</operation>
</state>

<state id="20" st_id="20">

<operation id="100" st_id="20" stage="7" lat="10">
<core></core>
<MemPortIdVec></MemPortIdVec>
<condition id="32">
<or_exp><and_exp></and_exp></or_exp>
</condition>

<Node id="65" bw="0" op_0_bw="0" op_1_bw="128" op_2_bw="6" op_3_bw="32">
<![CDATA[
:0  call fastcc void @SubBytes([4 x i128]* %state, i6 10, [240 x i32]* %RoundKey)

]]></Node>
<StgValue><ssdm name=""/></StgValue>
</operation>
</state>

<state id="21" st_id="21">

<operation id="101" st_id="21" stage="6" lat="10">
<core></core>
<MemPortIdVec></MemPortIdVec>
<condition id="33">
<or_exp><and_exp></and_exp></or_exp>
</condition>

<Node id="65" bw="0" op_0_bw="0" op_1_bw="128" op_2_bw="6" op_3_bw="32">
<![CDATA[
:0  call fastcc void @SubBytes([4 x i128]* %state, i6 10, [240 x i32]* %RoundKey)

]]></Node>
<StgValue><ssdm name=""/></StgValue>
</operation>
</state>

<state id="22" st_id="22">

<operation id="102" st_id="22" stage="5" lat="10">
<core></core>
<MemPortIdVec></MemPortIdVec>
<condition id="34">
<or_exp><and_exp></and_exp></or_exp>
</condition>

<Node id="65" bw="0" op_0_bw="0" op_1_bw="128" op_2_bw="6" op_3_bw="32">
<![CDATA[
:0  call fastcc void @SubBytes([4 x i128]* %state, i6 10, [240 x i32]* %RoundKey)

]]></Node>
<StgValue><ssdm name=""/></StgValue>
</operation>
</state>

<state id="23" st_id="23">

<operation id="103" st_id="23" stage="4" lat="10">
<core></core>
<MemPortIdVec></MemPortIdVec>
<condition id="35">
<or_exp><and_exp></and_exp></or_exp>
</condition>

<Node id="65" bw="0" op_0_bw="0" op_1_bw="128" op_2_bw="6" op_3_bw="32">
<![CDATA[
:0  call fastcc void @SubBytes([4 x i128]* %state, i6 10, [240 x i32]* %RoundKey)

]]></Node>
<StgValue><ssdm name=""/></StgValue>
</operation>
</state>

<state id="24" st_id="24">

<operation id="104" st_id="24" stage="3" lat="10">
<core></core>
<MemPortIdVec></MemPortIdVec>
<condition id="36">
<or_exp><and_exp></and_exp></or_exp>
</condition>

<Node id="65" bw="0" op_0_bw="0" op_1_bw="128" op_2_bw="6" op_3_bw="32">
<![CDATA[
:0  call fastcc void @SubBytes([4 x i128]* %state, i6 10, [240 x i32]* %RoundKey)

]]></Node>
<StgValue><ssdm name=""/></StgValue>
</operation>
</state>

<state id="25" st_id="25">

<operation id="105" st_id="25" stage="2" lat="10">
<core></core>
<MemPortIdVec></MemPortIdVec>
<condition id="37">
<or_exp><and_exp></and_exp></or_exp>
</condition>

<Node id="65" bw="0" op_0_bw="0" op_1_bw="128" op_2_bw="6" op_3_bw="32">
<![CDATA[
:0  call fastcc void @SubBytes([4 x i128]* %state, i6 10, [240 x i32]* %RoundKey)

]]></Node>
<StgValue><ssdm name=""/></StgValue>
</operation>
</state>

<state id="26" st_id="26">

<operation id="106" st_id="26" stage="1" lat="10">
<core></core>
<MemPortIdVec></MemPortIdVec>
<condition id="38">
<or_exp><and_exp></and_exp></or_exp>
</condition>

<Node id="65" bw="0" op_0_bw="0" op_1_bw="128" op_2_bw="6" op_3_bw="32">
<![CDATA[
:0  call fastcc void @SubBytes([4 x i128]* %state, i6 10, [240 x i32]* %RoundKey)

]]></Node>
<StgValue><ssdm name=""/></StgValue>
</operation>

<operation id="107" st_id="26" stage="1" lat="1">
<core>NULL</core>
<MemPortIdVec></MemPortIdVec>
<condition id="38">
<or_exp><and_exp></and_exp></or_exp>
</condition>

<Node id="66" bw="0">
<![CDATA[
:1  ret void

]]></Node>
<StgValue><ssdm name=""/></StgValue>
</operation>
</state>
</state_list>


<ports>
<port id="149" name="state" dir="2" iftype="1">
<core>RAM</core><StgValue><ssdm name="state"/><MemPortTyVec>2 2 </MemPortTyVec>
</StgValue>
</port>
<port id="150" name="Key" dir="0" iftype="1">
<core>RAM</core><StgValue><ssdm name="Key"/><MemPortTyVec>1 1 </MemPortTyVec>
</StgValue>
</port>
<port id="151" name="Rcon" dir="0" iftype="1">
<core>ROM_nP</core><StgValue><ssdm name="Rcon"/><MemPortTyVec>1 </MemPortTyVec>
</StgValue>
</port>
</ports>


<dataflows>
<dataflow id="153" from="StgValue_152" to="RoundKey" fromId="152" toId="27">
</dataflow>
<dataflow id="155" from="KeyExpansion" to="StgValue_28" fromId="154" toId="28">
</dataflow>
<dataflow id="156" from="RoundKey" to="StgValue_28" fromId="27" toId="28">
</dataflow>
<dataflow id="157" from="Key" to="StgValue_28" fromId="150" toId="28">
</dataflow>
<dataflow id="158" from="Rcon" to="StgValue_28" fromId="151" toId="28">
</dataflow>
<dataflow id="160" from="_ssdm_op_SpecBitsMap" to="StgValue_29" fromId="159" toId="29">
</dataflow>
<dataflow id="161" from="state" to="StgValue_29" fromId="149" toId="29">
</dataflow>
<dataflow id="162" from="_ssdm_op_SpecBitsMap" to="StgValue_30" fromId="159" toId="30">
</dataflow>
<dataflow id="163" from="Key" to="StgValue_30" fromId="150" toId="30">
</dataflow>
<dataflow id="165" from="_ssdm_op_SpecTopModule" to="StgValue_31" fromId="164" toId="31">
</dataflow>
<dataflow id="167" from="Cipher_str" to="StgValue_31" fromId="166" toId="31">
</dataflow>
<dataflow id="168" from="KeyExpansion" to="StgValue_32" fromId="154" toId="32">
</dataflow>
<dataflow id="169" from="RoundKey" to="StgValue_32" fromId="27" toId="32">
</dataflow>
<dataflow id="170" from="Key" to="StgValue_32" fromId="150" toId="32">
</dataflow>
<dataflow id="171" from="Rcon" to="StgValue_32" fromId="151" toId="32">
</dataflow>
<dataflow id="173" from="StgValue_172" to="i_i" fromId="172" toId="34">
<condition id="107">
<or_exp><and_exp></and_exp></or_exp>
</condition>
</dataflow>
<dataflow id="174" from="StgValue_33" to="i_i" fromId="33" toId="34">
</dataflow>
<dataflow id="175" from="i" to="i_i" fromId="38" toId="34">
<BackEdge/>
<condition id="108">
<or_exp><and_exp></and_exp></or_exp>
</condition>
</dataflow>
<dataflow id="176" from="StgValue_75" to="i_i" fromId="75" toId="34">
<BackEdge/>
</dataflow>
<dataflow id="177" from="i_i" to="i_i_cast2" fromId="34" toId="35">
</dataflow>
<dataflow id="178" from="i_i" to="exitcond1_i" fromId="34" toId="36">
</dataflow>
<dataflow id="180" from="StgValue_179" to="exitcond1_i" fromId="179" toId="36">
</dataflow>
<dataflow id="182" from="_ssdm_op_SpecLoopTripCount" to="empty" fromId="181" toId="37">
</dataflow>
<dataflow id="184" from="StgValue_183" to="empty" fromId="183" toId="37">
</dataflow>
<dataflow id="185" from="StgValue_183" to="empty" fromId="183" toId="37">
</dataflow>
<dataflow id="186" from="StgValue_183" to="empty" fromId="183" toId="37">
</dataflow>
<dataflow id="187" from="i_i" to="i" fromId="34" toId="38">
</dataflow>
<dataflow id="189" from="StgValue_188" to="i" fromId="188" toId="38">
</dataflow>
<dataflow id="190" from="exitcond1_i" to="StgValue_39" fromId="36" toId="39">
</dataflow>
<dataflow id="191" from="i_i" to="tmp_112" fromId="34" toId="40">
</dataflow>
<dataflow id="193" from="_ssdm_op_BitConcatenate.i4.i2.i2" to="tmp_i" fromId="192" toId="41">
</dataflow>
<dataflow id="194" from="tmp_112" to="tmp_i" fromId="40" toId="41">
</dataflow>
<dataflow id="196" from="StgValue_195" to="tmp_i" fromId="195" toId="41">
</dataflow>
<dataflow id="197" from="tmp_i" to="tmp_i_cast" fromId="41" toId="42">
</dataflow>
<dataflow id="198" from="RoundKey" to="RoundKey_addr" fromId="27" toId="43">
</dataflow>
<dataflow id="200" from="StgValue_199" to="RoundKey_addr" fromId="199" toId="43">
</dataflow>
<dataflow id="201" from="tmp_i_cast" to="RoundKey_addr" fromId="42" toId="43">
</dataflow>
<dataflow id="202" from="RoundKey_addr" to="RoundKey_load" fromId="43" toId="44">
</dataflow>
<dataflow id="203" from="state" to="state_addr" fromId="149" toId="45">
</dataflow>
<dataflow id="204" from="StgValue_199" to="state_addr" fromId="199" toId="45">
</dataflow>
<dataflow id="205" from="i_i_cast2" to="state_addr" fromId="35" toId="45">
</dataflow>
<dataflow id="206" from="tmp_i" to="sum3_i" fromId="41" toId="46">
</dataflow>
<dataflow id="208" from="StgValue_207" to="sum3_i" fromId="207" toId="46">
</dataflow>
<dataflow id="209" from="sum3_i" to="sum3_i_cast" fromId="46" toId="47">
</dataflow>
<dataflow id="210" from="RoundKey" to="RoundKey_addr_59" fromId="27" toId="48">
</dataflow>
<dataflow id="211" from="StgValue_199" to="RoundKey_addr_59" fromId="199" toId="48">
</dataflow>
<dataflow id="212" from="sum3_i_cast" to="RoundKey_addr_59" fromId="47" toId="48">
</dataflow>
<dataflow id="213" from="RoundKey_addr_59" to="RoundKey_load_34" fromId="48" toId="49">
</dataflow>
<dataflow id="214" from="RoundKey_addr" to="RoundKey_load" fromId="43" toId="51">
</dataflow>
<dataflow id="215" from="state_addr" to="state_load" fromId="45" toId="52">
</dataflow>
<dataflow id="216" from="RoundKey_addr_59" to="RoundKey_load_34" fromId="48" toId="53">
</dataflow>
<dataflow id="217" from="tmp_i" to="sum3_1_i" fromId="41" toId="54">
</dataflow>
<dataflow id="219" from="StgValue_218" to="sum3_1_i" fromId="218" toId="54">
</dataflow>
<dataflow id="220" from="sum3_1_i" to="sum3_1_i_cast" fromId="54" toId="55">
</dataflow>
<dataflow id="221" from="RoundKey" to="RoundKey_addr_60" fromId="27" toId="56">
</dataflow>
<dataflow id="222" from="StgValue_199" to="RoundKey_addr_60" fromId="199" toId="56">
</dataflow>
<dataflow id="223" from="sum3_1_i_cast" to="RoundKey_addr_60" fromId="55" toId="56">
</dataflow>
<dataflow id="224" from="RoundKey_addr_60" to="RoundKey_load_35" fromId="56" toId="57">
</dataflow>
<dataflow id="225" from="tmp_i" to="sum3_2_i" fromId="41" toId="58">
</dataflow>
<dataflow id="227" from="StgValue_226" to="sum3_2_i" fromId="226" toId="58">
</dataflow>
<dataflow id="228" from="sum3_2_i" to="sum3_2_i_cast" fromId="58" toId="59">
</dataflow>
<dataflow id="229" from="RoundKey" to="RoundKey_addr_61" fromId="27" toId="60">
</dataflow>
<dataflow id="230" from="StgValue_199" to="RoundKey_addr_61" fromId="199" toId="60">
</dataflow>
<dataflow id="231" from="sum3_2_i_cast" to="RoundKey_addr_61" fromId="59" toId="60">
</dataflow>
<dataflow id="232" from="RoundKey_addr_61" to="RoundKey_load_36" fromId="60" toId="61">
</dataflow>
<dataflow id="233" from="state_addr" to="state_load" fromId="45" toId="62">
</dataflow>
<dataflow id="234" from="state_load" to="tmp_113" fromId="62" toId="63">
</dataflow>
<dataflow id="235" from="RoundKey_load" to="tmp_84_i" fromId="51" toId="64">
</dataflow>
<dataflow id="236" from="tmp_113" to="tmp_84_i" fromId="63" toId="64">
</dataflow>
<dataflow id="238" from="_ssdm_op_PartSelect.i32.i128.i32.i32" to="tmp_113_i" fromId="237" toId="65">
</dataflow>
<dataflow id="239" from="state_load" to="tmp_113_i" fromId="62" toId="65">
</dataflow>
<dataflow id="241" from="StgValue_240" to="tmp_113_i" fromId="240" toId="65">
</dataflow>
<dataflow id="243" from="StgValue_242" to="tmp_113_i" fromId="242" toId="65">
</dataflow>
<dataflow id="244" from="RoundKey_load_34" to="tmp_84_1_i" fromId="53" toId="66">
</dataflow>
<dataflow id="245" from="tmp_113_i" to="tmp_84_1_i" fromId="65" toId="66">
</dataflow>
<dataflow id="246" from="RoundKey_addr_60" to="RoundKey_load_35" fromId="56" toId="67">
</dataflow>
<dataflow id="247" from="_ssdm_op_PartSelect.i32.i128.i32.i32" to="tmp_115_i" fromId="237" toId="68">
</dataflow>
<dataflow id="248" from="state_load" to="tmp_115_i" fromId="62" toId="68">
</dataflow>
<dataflow id="250" from="StgValue_249" to="tmp_115_i" fromId="249" toId="68">
</dataflow>
<dataflow id="252" from="StgValue_251" to="tmp_115_i" fromId="251" toId="68">
</dataflow>
<dataflow id="253" from="RoundKey_load_35" to="tmp_84_2_i" fromId="67" toId="69">
</dataflow>
<dataflow id="254" from="tmp_115_i" to="tmp_84_2_i" fromId="68" toId="69">
</dataflow>
<dataflow id="255" from="RoundKey_addr_61" to="RoundKey_load_36" fromId="60" toId="70">
</dataflow>
<dataflow id="256" from="_ssdm_op_PartSelect.i32.i128.i32.i32" to="tmp_117_i" fromId="237" toId="71">
</dataflow>
<dataflow id="257" from="state_load" to="tmp_117_i" fromId="62" toId="71">
</dataflow>
<dataflow id="259" from="StgValue_258" to="tmp_117_i" fromId="258" toId="71">
</dataflow>
<dataflow id="261" from="StgValue_260" to="tmp_117_i" fromId="260" toId="71">
</dataflow>
<dataflow id="262" from="RoundKey_load_36" to="tmp_84_3_i" fromId="70" toId="72">
</dataflow>
<dataflow id="263" from="tmp_117_i" to="tmp_84_3_i" fromId="71" toId="72">
</dataflow>
<dataflow id="265" from="_ssdm_op_BitConcatenate.i128.i32.i32.i32.i32" to="tmp_118_i" fromId="264" toId="73">
</dataflow>
<dataflow id="266" from="tmp_84_3_i" to="tmp_118_i" fromId="72" toId="73">
</dataflow>
<dataflow id="267" from="tmp_84_2_i" to="tmp_118_i" fromId="69" toId="73">
</dataflow>
<dataflow id="268" from="tmp_84_1_i" to="tmp_118_i" fromId="66" toId="73">
</dataflow>
<dataflow id="269" from="tmp_84_i" to="tmp_118_i" fromId="64" toId="73">
</dataflow>
<dataflow id="270" from="tmp_118_i" to="StgValue_74" fromId="73" toId="74">
</dataflow>
<dataflow id="271" from="state_addr" to="StgValue_74" fromId="45" toId="74">
</dataflow>
<dataflow id="272" from="tmp" to="round" fromId="81" toId="76">
<BackEdge/>
<condition id="109">
<or_exp><and_exp><literal name="exitcond" val="0"/>
</and_exp></or_exp>
</condition>
</dataflow>
<dataflow id="273" from="StgValue_96" to="round" fromId="96" toId="76">
<BackEdge/>
</dataflow>
<dataflow id="274" from="StgValue_207" to="round" fromId="207" toId="76">
<condition id="110">
<or_exp><and_exp><literal name="exitcond1_i" val="1"/>
</and_exp></or_exp>
</condition>
</dataflow>
<dataflow id="275" from="StgValue_50" to="round" fromId="50" toId="76">
</dataflow>
<dataflow id="276" from="round" to="exitcond" fromId="76" toId="77">
</dataflow>
<dataflow id="278" from="StgValue_277" to="exitcond" fromId="277" toId="77">
</dataflow>
<dataflow id="279" from="exitcond" to="StgValue_78" fromId="77" toId="78">
</dataflow>
<dataflow id="280" from="round" to="round_cast1_cast" fromId="76" toId="79">
</dataflow>
<dataflow id="282" from="SubBytes" to="StgValue_80" fromId="281" toId="80">
</dataflow>
<dataflow id="283" from="state" to="StgValue_80" fromId="149" toId="80">
</dataflow>
<dataflow id="284" from="round_cast1_cast" to="StgValue_80" fromId="79" toId="80">
</dataflow>
<dataflow id="285" from="RoundKey" to="StgValue_80" fromId="27" toId="80">
</dataflow>
<dataflow id="286" from="round" to="tmp" fromId="76" toId="81">
</dataflow>
<dataflow id="287" from="StgValue_207" to="tmp" fromId="207" toId="81">
</dataflow>
<dataflow id="288" from="SubBytes" to="StgValue_82" fromId="281" toId="82">
</dataflow>
<dataflow id="289" from="state" to="StgValue_82" fromId="149" toId="82">
</dataflow>
<dataflow id="290" from="round_cast1_cast" to="StgValue_82" fromId="79" toId="82">
</dataflow>
<dataflow id="291" from="RoundKey" to="StgValue_82" fromId="27" toId="82">
</dataflow>
<dataflow id="292" from="SubBytes" to="StgValue_83" fromId="281" toId="83">
</dataflow>
<dataflow id="293" from="state" to="StgValue_83" fromId="149" toId="83">
</dataflow>
<dataflow id="294" from="round_cast1_cast" to="StgValue_83" fromId="79" toId="83">
</dataflow>
<dataflow id="295" from="RoundKey" to="StgValue_83" fromId="27" toId="83">
</dataflow>
<dataflow id="296" from="SubBytes" to="StgValue_84" fromId="281" toId="84">
</dataflow>
<dataflow id="297" from="state" to="StgValue_84" fromId="149" toId="84">
</dataflow>
<dataflow id="298" from="round_cast1_cast" to="StgValue_84" fromId="79" toId="84">
</dataflow>
<dataflow id="299" from="RoundKey" to="StgValue_84" fromId="27" toId="84">
</dataflow>
<dataflow id="300" from="SubBytes" to="StgValue_85" fromId="281" toId="85">
</dataflow>
<dataflow id="301" from="state" to="StgValue_85" fromId="149" toId="85">
</dataflow>
<dataflow id="302" from="round_cast1_cast" to="StgValue_85" fromId="79" toId="85">
</dataflow>
<dataflow id="303" from="RoundKey" to="StgValue_85" fromId="27" toId="85">
</dataflow>
<dataflow id="304" from="SubBytes" to="StgValue_86" fromId="281" toId="86">
</dataflow>
<dataflow id="305" from="state" to="StgValue_86" fromId="149" toId="86">
</dataflow>
<dataflow id="306" from="round_cast1_cast" to="StgValue_86" fromId="79" toId="86">
</dataflow>
<dataflow id="307" from="RoundKey" to="StgValue_86" fromId="27" toId="86">
</dataflow>
<dataflow id="308" from="SubBytes" to="StgValue_87" fromId="281" toId="87">
</dataflow>
<dataflow id="309" from="state" to="StgValue_87" fromId="149" toId="87">
</dataflow>
<dataflow id="310" from="round_cast1_cast" to="StgValue_87" fromId="79" toId="87">
</dataflow>
<dataflow id="311" from="RoundKey" to="StgValue_87" fromId="27" toId="87">
</dataflow>
<dataflow id="312" from="SubBytes" to="StgValue_88" fromId="281" toId="88">
</dataflow>
<dataflow id="313" from="state" to="StgValue_88" fromId="149" toId="88">
</dataflow>
<dataflow id="314" from="round_cast1_cast" to="StgValue_88" fromId="79" toId="88">
</dataflow>
<dataflow id="315" from="RoundKey" to="StgValue_88" fromId="27" toId="88">
</dataflow>
<dataflow id="316" from="SubBytes" to="StgValue_89" fromId="281" toId="89">
</dataflow>
<dataflow id="317" from="state" to="StgValue_89" fromId="149" toId="89">
</dataflow>
<dataflow id="318" from="round_cast1_cast" to="StgValue_89" fromId="79" toId="89">
</dataflow>
<dataflow id="319" from="RoundKey" to="StgValue_89" fromId="27" toId="89">
</dataflow>
<dataflow id="320" from="_ssdm_op_SpecLoopTripCount" to="empty_48" fromId="181" toId="90">
</dataflow>
<dataflow id="322" from="StgValue_321" to="empty_48" fromId="321" toId="90">
</dataflow>
<dataflow id="323" from="StgValue_321" to="empty_48" fromId="321" toId="90">
</dataflow>
<dataflow id="324" from="StgValue_321" to="empty_48" fromId="321" toId="90">
</dataflow>
<dataflow id="326" from="_ssdm_op_SpecLoopName" to="StgValue_91" fromId="325" toId="91">
</dataflow>
<dataflow id="328" from="p_str5" to="StgValue_91" fromId="327" toId="91">
</dataflow>
<dataflow id="330" from="_ssdm_op_SpecRegionBegin" to="tmp_s" fromId="329" toId="92">
</dataflow>
<dataflow id="331" from="p_str5" to="tmp_s" fromId="327" toId="92">
</dataflow>
<dataflow id="333" from="_ssdm_op_SpecPipeline" to="StgValue_93" fromId="332" toId="93">
</dataflow>
<dataflow id="335" from="StgValue_334" to="StgValue_93" fromId="334" toId="93">
</dataflow>
<dataflow id="336" from="StgValue_152" to="StgValue_93" fromId="152" toId="93">
</dataflow>
<dataflow id="337" from="StgValue_152" to="StgValue_93" fromId="152" toId="93">
</dataflow>
<dataflow id="338" from="StgValue_199" to="StgValue_93" fromId="199" toId="93">
</dataflow>
<dataflow id="340" from="p_str1" to="StgValue_93" fromId="339" toId="93">
</dataflow>
<dataflow id="341" from="SubBytes" to="StgValue_94" fromId="281" toId="94">
</dataflow>
<dataflow id="342" from="state" to="StgValue_94" fromId="149" toId="94">
</dataflow>
<dataflow id="343" from="round_cast1_cast" to="StgValue_94" fromId="79" toId="94">
</dataflow>
<dataflow id="344" from="RoundKey" to="StgValue_94" fromId="27" toId="94">
</dataflow>
<dataflow id="346" from="_ssdm_op_SpecRegionEnd" to="empty_49" fromId="345" toId="95">
</dataflow>
<dataflow id="347" from="p_str5" to="empty_49" fromId="327" toId="95">
</dataflow>
<dataflow id="348" from="tmp_s" to="empty_49" fromId="92" toId="95">
</dataflow>
<dataflow id="349" from="SubBytes" to="StgValue_97" fromId="281" toId="97">
</dataflow>
<dataflow id="350" from="state" to="StgValue_97" fromId="149" toId="97">
</dataflow>
<dataflow id="352" from="StgValue_351" to="StgValue_97" fromId="351" toId="97">
</dataflow>
<dataflow id="353" from="RoundKey" to="StgValue_97" fromId="27" toId="97">
</dataflow>
<dataflow id="354" from="SubBytes" to="StgValue_98" fromId="281" toId="98">
</dataflow>
<dataflow id="355" from="state" to="StgValue_98" fromId="149" toId="98">
</dataflow>
<dataflow id="356" from="StgValue_351" to="StgValue_98" fromId="351" toId="98">
</dataflow>
<dataflow id="357" from="RoundKey" to="StgValue_98" fromId="27" toId="98">
</dataflow>
<dataflow id="358" from="SubBytes" to="StgValue_99" fromId="281" toId="99">
</dataflow>
<dataflow id="359" from="state" to="StgValue_99" fromId="149" toId="99">
</dataflow>
<dataflow id="360" from="StgValue_351" to="StgValue_99" fromId="351" toId="99">
</dataflow>
<dataflow id="361" from="RoundKey" to="StgValue_99" fromId="27" toId="99">
</dataflow>
<dataflow id="362" from="SubBytes" to="StgValue_100" fromId="281" toId="100">
</dataflow>
<dataflow id="363" from="state" to="StgValue_100" fromId="149" toId="100">
</dataflow>
<dataflow id="364" from="StgValue_351" to="StgValue_100" fromId="351" toId="100">
</dataflow>
<dataflow id="365" from="RoundKey" to="StgValue_100" fromId="27" toId="100">
</dataflow>
<dataflow id="366" from="SubBytes" to="StgValue_101" fromId="281" toId="101">
</dataflow>
<dataflow id="367" from="state" to="StgValue_101" fromId="149" toId="101">
</dataflow>
<dataflow id="368" from="StgValue_351" to="StgValue_101" fromId="351" toId="101">
</dataflow>
<dataflow id="369" from="RoundKey" to="StgValue_101" fromId="27" toId="101">
</dataflow>
<dataflow id="370" from="SubBytes" to="StgValue_102" fromId="281" toId="102">
</dataflow>
<dataflow id="371" from="state" to="StgValue_102" fromId="149" toId="102">
</dataflow>
<dataflow id="372" from="StgValue_351" to="StgValue_102" fromId="351" toId="102">
</dataflow>
<dataflow id="373" from="RoundKey" to="StgValue_102" fromId="27" toId="102">
</dataflow>
<dataflow id="374" from="SubBytes" to="StgValue_103" fromId="281" toId="103">
</dataflow>
<dataflow id="375" from="state" to="StgValue_103" fromId="149" toId="103">
</dataflow>
<dataflow id="376" from="StgValue_351" to="StgValue_103" fromId="351" toId="103">
</dataflow>
<dataflow id="377" from="RoundKey" to="StgValue_103" fromId="27" toId="103">
</dataflow>
<dataflow id="378" from="SubBytes" to="StgValue_104" fromId="281" toId="104">
</dataflow>
<dataflow id="379" from="state" to="StgValue_104" fromId="149" toId="104">
</dataflow>
<dataflow id="380" from="StgValue_351" to="StgValue_104" fromId="351" toId="104">
</dataflow>
<dataflow id="381" from="RoundKey" to="StgValue_104" fromId="27" toId="104">
</dataflow>
<dataflow id="382" from="SubBytes" to="StgValue_105" fromId="281" toId="105">
</dataflow>
<dataflow id="383" from="state" to="StgValue_105" fromId="149" toId="105">
</dataflow>
<dataflow id="384" from="StgValue_351" to="StgValue_105" fromId="351" toId="105">
</dataflow>
<dataflow id="385" from="RoundKey" to="StgValue_105" fromId="27" toId="105">
</dataflow>
<dataflow id="386" from="SubBytes" to="StgValue_106" fromId="281" toId="106">
</dataflow>
<dataflow id="387" from="state" to="StgValue_106" fromId="149" toId="106">
</dataflow>
<dataflow id="388" from="StgValue_351" to="StgValue_106" fromId="351" toId="106">
</dataflow>
<dataflow id="389" from="RoundKey" to="StgValue_106" fromId="27" toId="106">
</dataflow>
<dataflow id="390" from="exitcond1_i" to="StgValue_3" fromId="36" toId="3">
</dataflow>
<dataflow id="391" from="exitcond" to="StgValue_7" fromId="77" toId="7">
</dataflow>
<dataflow id="392" from="exitcond" to="StgValue_8" fromId="77" toId="8">
</dataflow>
<dataflow id="393" from="exitcond" to="StgValue_9" fromId="77" toId="9">
</dataflow>
<dataflow id="394" from="exitcond" to="StgValue_10" fromId="77" toId="10">
</dataflow>
<dataflow id="395" from="exitcond" to="StgValue_11" fromId="77" toId="11">
</dataflow>
<dataflow id="396" from="exitcond" to="StgValue_12" fromId="77" toId="12">
</dataflow>
<dataflow id="397" from="exitcond" to="StgValue_13" fromId="77" toId="13">
</dataflow>
<dataflow id="398" from="exitcond" to="StgValue_14" fromId="77" toId="14">
</dataflow>
<dataflow id="399" from="exitcond" to="StgValue_15" fromId="77" toId="15">
</dataflow>
<dataflow id="400" from="exitcond" to="StgValue_16" fromId="77" toId="16">
</dataflow>
<dataflow id="401" from="exitcond" to="StgValue_6" fromId="77" toId="6">
</dataflow>
<dataflow id="402" from="exitcond1_i" to="StgValue_6" fromId="36" toId="6">
</dataflow>
<dataflow id="403" from="exitcond1_i" to="StgValue_7" fromId="36" toId="7">
</dataflow>
<dataflow id="404" from="exitcond1_i" to="StgValue_8" fromId="36" toId="8">
</dataflow>
<dataflow id="405" from="exitcond1_i" to="StgValue_9" fromId="36" toId="9">
</dataflow>
<dataflow id="406" from="exitcond1_i" to="StgValue_10" fromId="36" toId="10">
</dataflow>
<dataflow id="407" from="exitcond1_i" to="StgValue_11" fromId="36" toId="11">
</dataflow>
<dataflow id="408" from="exitcond1_i" to="StgValue_12" fromId="36" toId="12">
</dataflow>
<dataflow id="409" from="exitcond1_i" to="StgValue_13" fromId="36" toId="13">
</dataflow>
<dataflow id="410" from="exitcond1_i" to="StgValue_14" fromId="36" toId="14">
</dataflow>
<dataflow id="411" from="exitcond1_i" to="StgValue_15" fromId="36" toId="15">
</dataflow>
<dataflow id="412" from="exitcond1_i" to="StgValue_16" fromId="36" toId="16">
</dataflow>
</dataflows>


</stg>
