<profile>

<section name = "Vivado HLS Report for 'Cipher'" level="0">
<item name = "Date">Wed Jul  4 11:23:22 2018
</item>
<item name = "Version">2017.2 (Build 1909853 on Thu Jun 15 18:55:24 MDT 2017)</item>
<item name = "Project">Second</item>
<item name = "Solution">solution1</item>
<item name = "Product family">zynquplus</item>
<item name = "Target device">xczu7eg-ffvf1517-1l-i</item>
</section>

<section name = "Performance Estimates" level="0">
<item name = "Timing (ns)">
<section name = "" level="1">
<item name = "Summary"><table name="" hasTotal="0">
<keys size="4">Clock, Target, Estimated, Uncertainty</keys>
<column name="ap_clk">10.00, 3.57, 1.25</column>
</table>
</item>
</section>
</item>
<item name = "Latency (clock cycles)">
<section name = "" level="1">
<item name = "Summary"><table name="" hasTotal="0">
<keys size="6">, min, max, min, max, Type</keys>
<column name="">349, 349, 350, 350, none</column>
</table>
</item>
<item name = "Detail">
<section name = "" level="1">
<item name = "Instance"><table name="" hasTotal="0">
<keys size="7">Instance, Module, min, max, min, max, Type</keys>
<column name="grp_SubBytes_fu_149">SubBytes, 9, 9, 8, 8, function</column>
<column name="grp_KeyExpansion_fu_158">KeyExpansion, 250, 250, 250, 250, none</column>
</table>
</item>
<item name = "Loop"><table name="" hasTotal="0">
<keys size="8">Loop Name, min, max, Latency, achieved, target, Count, Pipelined</keys>
<column name="- Loop 1">12, 12, 3, -, -, 4, no</column>
<column name="- Cipher_label34">74, 74, 11, 8, 1, 9, yes</column>
</table>
</item>
</section>
</item>
</section>
</item>
</section>

<section name = "Utilization Estimates" level="0">
<item name = "Summary"><table name="" hasTotal="1">
<keys size="6">Name, BRAM_18K, DSP48E, FF, LUT, URAM</keys>
<column name="DSP">-, -, -, -, -</column>
<column name="Expression">-, -, 31, 167, -</column>
<column name="FIFO">-, -, -, -, -</column>
<column name="Instance">1, -, 80460, 29086, -</column>
<column name="Memory">2, -, 0, 0, -</column>
<column name="Multiplexer">-, -, -, 378, -</column>
<column name="Register">-, -, 111, -, -</column>
<specialColumn name="Available">624, 1728, 460800, 230400, 96</specialColumn>
<specialColumn name="Utilization (%)">~0, 0, 17, 12, 0</specialColumn>
</table>
</item>
<item name = "Detail">
<section name = "" level="1">
<item name = "Instance"><table name="" hasTotal="1">
<keys size="6">Instance, Module, BRAM_18K, DSP48E, FF, LUT</keys>
<column name="grp_KeyExpansion_fu_158">KeyExpansion, 1, 0, 17082, 6128</column>
<column name="grp_SubBytes_fu_149">SubBytes, 0, 0, 63378, 22958</column>
</table>
</item>
<item name = "DSP48"><table name="" hasTotal="0">
<keys size="3">Instance, Module, Expression</keys>
</table>
</item>
<item name = "Memory"><table name="" hasTotal="1">
<keys size="9">Memory, Module, BRAM_18K, FF, LUT, Words, Bits, Banks, W*Bits*Banks</keys>
<column name="RoundKey_U">Cipher_RoundKey, 2, 0, 0, 240, 32, 1, 7680</column>
</table>
</item>
<item name = "FIFO"><table name="" hasTotal="1">
<keys size="7">Name, BRAM_18K, FF, LUT, Depth, Bits, Size:D*B</keys>
</table>
</item>
<item name = "Expression"><table name="" hasTotal="1">
<keys size="7">Variable Name, Operation, DSP48E, FF, LUT, Bitwidth P0, Bitwidth P1</keys>
<column name="i_fu_179_p2">+, 0, 14, 9, 3, 1</column>
<column name="tmp_fu_313_p2">+, 0, 17, 10, 4, 1</column>
<column name="exitcond1_i_fu_173_p2">icmp, 0, 0, 2, 3, 4</column>
<column name="exitcond_fu_302_p2">icmp, 0, 0, 2, 4, 4</column>
<column name="sum3_1_i_fu_213_p2">or, 0, 0, 4, 4, 2</column>
<column name="sum3_2_i_fu_223_p2">or, 0, 0, 4, 4, 2</column>
<column name="sum3_i_fu_202_p2">or, 0, 0, 4, 4, 1</column>
<column name="ap_enable_pp0">xor, 0, 0, 2, 1, 2</column>
<column name="ap_enable_reg_pp0_iter1">xor, 0, 0, 2, 1, 2</column>
<column name="tmp_84_1_i_fu_252_p2">xor, 0, 0, 32, 32, 32</column>
<column name="tmp_84_2_i_fu_267_p2">xor, 0, 0, 32, 32, 32</column>
<column name="tmp_84_3_i_fu_283_p2">xor, 0, 0, 32, 32, 32</column>
<column name="tmp_84_i_fu_237_p2">xor, 0, 0, 32, 32, 32</column>
</table>
</item>
<item name = "Multiplexer"><table name="" hasTotal="1">
<keys size="5">Name, LUT, Input Size, Bits, Total Bits</keys>
<column name="RoundKey_address0">27, 5, 8, 40</column>
<column name="RoundKey_address1">27, 5, 8, 40</column>
<column name="RoundKey_ce0">21, 4, 1, 4</column>
<column name="RoundKey_ce1">21, 4, 1, 4</column>
<column name="RoundKey_we0">9, 2, 1, 2</column>
<column name="RoundKey_we1">9, 2, 1, 2</column>
<column name="ap_NS_fsm">129, 24, 1, 24</column>
<column name="ap_enable_reg_pp0_iter1">15, 3, 1, 3</column>
<column name="grp_SubBytes_fu_149_round">15, 3, 6, 18</column>
<column name="i_i_reg_126">9, 2, 3, 6</column>
<column name="round_phi_fu_141_p4">9, 2, 4, 8</column>
<column name="round_reg_137">9, 2, 4, 8</column>
<column name="state_address0">15, 3, 2, 6</column>
<column name="state_ce0">15, 3, 1, 3</column>
<column name="state_ce1">9, 2, 1, 2</column>
<column name="state_d0">15, 3, 128, 384</column>
<column name="state_we0">15, 3, 1, 3</column>
<column name="state_we1">9, 2, 1, 2</column>
</table>
</item>
<item name = "Register"><table name="" hasTotal="1">
<keys size="5">Name, FF, LUT, Bits, Const Bits</keys>
<column name="RoundKey_load_34_reg_354">32, 0, 32, 0</column>
<column name="RoundKey_load_reg_349">32, 0, 32, 0</column>
<column name="ap_CS_fsm">23, 0, 23, 0</column>
<column name="ap_enable_reg_pp0_iter0">1, 0, 1, 0</column>
<column name="ap_enable_reg_pp0_iter1">1, 0, 1, 0</column>
<column name="ap_reg_grp_KeyExpansion_fu_158_ap_start">1, 0, 1, 0</column>
<column name="ap_reg_grp_SubBytes_fu_149_ap_start">1, 0, 1, 0</column>
<column name="ap_reg_pp0_iter1_exitcond_reg_369">1, 0, 1, 0</column>
<column name="exitcond_reg_369">1, 0, 1, 0</column>
<column name="i_i_reg_126">3, 0, 3, 0</column>
<column name="i_reg_323">3, 0, 3, 0</column>
<column name="round_reg_137">4, 0, 4, 0</column>
<column name="state_addr_reg_339">2, 0, 2, 0</column>
<column name="tmp_i_reg_328">2, 0, 4, 2</column>
<column name="tmp_reg_373">4, 0, 4, 0</column>
</table>
</item>
</section>
</item>
</section>

<section name = "Interface" level="0">
<item name = "Summary"><table name="" hasTotal="0">
<keys size="6">RTL Ports, Dir, Bits, Protocol, Source Object, C Type</keys>
<column name="ap_clk">in, 1, ap_ctrl_hs, Cipher, return value</column>
<column name="ap_rst">in, 1, ap_ctrl_hs, Cipher, return value</column>
<column name="ap_start">in, 1, ap_ctrl_hs, Cipher, return value</column>
<column name="ap_done">out, 1, ap_ctrl_hs, Cipher, return value</column>
<column name="ap_idle">out, 1, ap_ctrl_hs, Cipher, return value</column>
<column name="ap_ready">out, 1, ap_ctrl_hs, Cipher, return value</column>
<column name="state_address0">out, 2, ap_memory, state, array</column>
<column name="state_ce0">out, 1, ap_memory, state, array</column>
<column name="state_we0">out, 1, ap_memory, state, array</column>
<column name="state_d0">out, 128, ap_memory, state, array</column>
<column name="state_q0">in, 128, ap_memory, state, array</column>
<column name="state_address1">out, 2, ap_memory, state, array</column>
<column name="state_ce1">out, 1, ap_memory, state, array</column>
<column name="state_we1">out, 1, ap_memory, state, array</column>
<column name="state_d1">out, 128, ap_memory, state, array</column>
<column name="state_q1">in, 128, ap_memory, state, array</column>
<column name="Key_address0">out, 5, ap_memory, Key, array</column>
<column name="Key_ce0">out, 1, ap_memory, Key, array</column>
<column name="Key_q0">in, 32, ap_memory, Key, array</column>
<column name="Key_address1">out, 5, ap_memory, Key, array</column>
<column name="Key_ce1">out, 1, ap_memory, Key, array</column>
<column name="Key_q1">in, 32, ap_memory, Key, array</column>
</table>
</item>
</section>
</profile>
