<stg><name>KeyExpansion</name>


<trans_list>

<trans id="197" from="1" to="2">
<condition id="86">
<or_exp><and_exp></and_exp></or_exp>
</condition>
</trans>

<trans id="198" from="2" to="3">
<condition id="87">
<or_exp><and_exp></and_exp></or_exp>
</condition>
</trans>

<trans id="199" from="3" to="4">
<condition id="88">
<or_exp><and_exp></and_exp></or_exp>
</condition>
</trans>

<trans id="200" from="4" to="5">
<condition id="89">
<or_exp><and_exp></and_exp></or_exp>
</condition>
</trans>

<trans id="201" from="5" to="6">
<condition id="90">
<or_exp><and_exp></and_exp></or_exp>
</condition>
</trans>

<trans id="202" from="6" to="7">
<condition id="91">
<or_exp><and_exp></and_exp></or_exp>
</condition>
</trans>

<trans id="203" from="7" to="8">
<condition id="92">
<or_exp><and_exp></and_exp></or_exp>
</condition>
</trans>

<trans id="204" from="8" to="9">
<condition id="93">
<or_exp><and_exp></and_exp></or_exp>
</condition>
</trans>

<trans id="205" from="9" to="10">
<condition id="95">
<or_exp><and_exp></and_exp></or_exp>
</condition>
</trans>

<trans id="220" from="10" to="16">
<condition id="106">
<or_exp><and_exp><literal name="exitcond1" val="1"/>
</and_exp></or_exp>
</condition>
</trans>

<trans id="221" from="10" to="11">
<condition id="112">
<or_exp><and_exp><literal name="exitcond1" val="0"/>
</and_exp></or_exp>
</condition>
</trans>

<trans id="215" from="11" to="12">
<condition id="107">
<or_exp><and_exp></and_exp></or_exp>
</condition>
</trans>

<trans id="216" from="12" to="13">
<condition id="108">
<or_exp><and_exp></and_exp></or_exp>
</condition>
</trans>

<trans id="217" from="13" to="14">
<condition id="109">
<or_exp><and_exp></and_exp></or_exp>
</condition>
</trans>

<trans id="218" from="14" to="15">
<condition id="110">
<or_exp><and_exp></and_exp></or_exp>
</condition>
</trans>

<trans id="219" from="15" to="10">
<condition id="111">
<or_exp><and_exp></and_exp></or_exp>
</condition>
</trans>
</trans_list>



<state_list>

<state id="1" st_id="1">

<operation id="17" st_id="1" stage="1" lat="1">
<core>NULL</core>
<MemPortIdVec></MemPortIdVec>
<condition id="69">
<or_exp><and_exp></and_exp></or_exp>
</condition>

<Node id="4" bw="5" op_0_bw="32" op_1_bw="32" op_2_bw="32">
<![CDATA[
.preheader.preheader:0  %Key_addr = getelementptr [32 x i32]* %Key, i32 0, i32 0

]]></Node>
<StgValue><ssdm name="Key_addr"/></StgValue>
</operation>

<operation id="18" st_id="1" stage="2" lat="2">
<core>RAM</core>
<MemPortIdVec></MemPortIdVec>
<condition id="69">
<or_exp><and_exp></and_exp></or_exp>
</condition>

<Node id="5" bw="32" op_0_bw="5">
<![CDATA[
.preheader.preheader:1  %Key_load = load i32* %Key_addr, align 4

]]></Node>
<StgValue><ssdm name="Key_load"/></StgValue>
</operation>

<operation id="19" st_id="1" stage="1" lat="1">
<core>NULL</core>
<MemPortIdVec></MemPortIdVec>
<condition id="69">
<or_exp><and_exp></and_exp></or_exp>
</condition>

<Node id="8" bw="5" op_0_bw="32" op_1_bw="32" op_2_bw="32">
<![CDATA[
.preheader.preheader:4  %Key_addr_1 = getelementptr [32 x i32]* %Key, i32 0, i32 1

]]></Node>
<StgValue><ssdm name="Key_addr_1"/></StgValue>
</operation>

<operation id="20" st_id="1" stage="2" lat="2">
<core>RAM</core>
<MemPortIdVec></MemPortIdVec>
<condition id="69">
<or_exp><and_exp></and_exp></or_exp>
</condition>

<Node id="9" bw="32" op_0_bw="5">
<![CDATA[
.preheader.preheader:5  %Key_load_1 = load i32* %Key_addr_1, align 4

]]></Node>
<StgValue><ssdm name="Key_load_1"/></StgValue>
</operation>
</state>

<state id="2" st_id="2">

<operation id="21" st_id="2" stage="1" lat="2">
<core>RAM</core>
<MemPortIdVec></MemPortIdVec>
<condition id="70">
<or_exp><and_exp></and_exp></or_exp>
</condition>

<Node id="5" bw="32" op_0_bw="5">
<![CDATA[
.preheader.preheader:1  %Key_load = load i32* %Key_addr, align 4

]]></Node>
<StgValue><ssdm name="Key_load"/></StgValue>
</operation>

<operation id="22" st_id="2" stage="1" lat="1">
<core>NULL</core>
<MemPortIdVec></MemPortIdVec>
<condition id="70">
<or_exp><and_exp></and_exp></or_exp>
</condition>

<Node id="6" bw="8" op_0_bw="32" op_1_bw="32" op_2_bw="32">
<![CDATA[
.preheader.preheader:2  %RoundKey_addr = getelementptr [240 x i32]* %RoundKey, i32 0, i32 0

]]></Node>
<StgValue><ssdm name="RoundKey_addr"/></StgValue>
</operation>

<operation id="23" st_id="2" stage="1" lat="1">
<core>RAM</core>
<MemPortIdVec></MemPortIdVec>
<condition id="70">
<or_exp><and_exp></and_exp></or_exp>
</condition>

<Node id="7" bw="0" op_0_bw="32" op_1_bw="8">
<![CDATA[
.preheader.preheader:3  store i32 %Key_load, i32* %RoundKey_addr, align 4

]]></Node>
<StgValue><ssdm name=""/></StgValue>
</operation>

<operation id="24" st_id="2" stage="1" lat="2">
<core>RAM</core>
<MemPortIdVec></MemPortIdVec>
<condition id="70">
<or_exp><and_exp></and_exp></or_exp>
</condition>

<Node id="9" bw="32" op_0_bw="5">
<![CDATA[
.preheader.preheader:5  %Key_load_1 = load i32* %Key_addr_1, align 4

]]></Node>
<StgValue><ssdm name="Key_load_1"/></StgValue>
</operation>

<operation id="25" st_id="2" stage="1" lat="1">
<core>NULL</core>
<MemPortIdVec></MemPortIdVec>
<condition id="70">
<or_exp><and_exp></and_exp></or_exp>
</condition>

<Node id="10" bw="8" op_0_bw="32" op_1_bw="32" op_2_bw="32">
<![CDATA[
.preheader.preheader:6  %RoundKey_addr_32 = getelementptr [240 x i32]* %RoundKey, i32 0, i32 1

]]></Node>
<StgValue><ssdm name="RoundKey_addr_32"/></StgValue>
</operation>

<operation id="26" st_id="2" stage="1" lat="1">
<core>RAM</core>
<MemPortIdVec></MemPortIdVec>
<condition id="70">
<or_exp><and_exp></and_exp></or_exp>
</condition>

<Node id="11" bw="0" op_0_bw="32" op_1_bw="8">
<![CDATA[
.preheader.preheader:7  store i32 %Key_load_1, i32* %RoundKey_addr_32, align 4

]]></Node>
<StgValue><ssdm name=""/></StgValue>
</operation>

<operation id="27" st_id="2" stage="1" lat="1">
<core>NULL</core>
<MemPortIdVec></MemPortIdVec>
<condition id="70">
<or_exp><and_exp></and_exp></or_exp>
</condition>

<Node id="12" bw="5" op_0_bw="32" op_1_bw="32" op_2_bw="32">
<![CDATA[
.preheader.preheader:8  %Key_addr_2 = getelementptr [32 x i32]* %Key, i32 0, i32 2

]]></Node>
<StgValue><ssdm name="Key_addr_2"/></StgValue>
</operation>

<operation id="28" st_id="2" stage="2" lat="2">
<core>RAM</core>
<MemPortIdVec></MemPortIdVec>
<condition id="70">
<or_exp><and_exp></and_exp></or_exp>
</condition>

<Node id="13" bw="32" op_0_bw="5">
<![CDATA[
.preheader.preheader:9  %Key_load_2 = load i32* %Key_addr_2, align 4

]]></Node>
<StgValue><ssdm name="Key_load_2"/></StgValue>
</operation>

<operation id="29" st_id="2" stage="1" lat="1">
<core>NULL</core>
<MemPortIdVec></MemPortIdVec>
<condition id="70">
<or_exp><and_exp></and_exp></or_exp>
</condition>

<Node id="16" bw="5" op_0_bw="32" op_1_bw="32" op_2_bw="32">
<![CDATA[
.preheader.preheader:12  %Key_addr_3 = getelementptr [32 x i32]* %Key, i32 0, i32 3

]]></Node>
<StgValue><ssdm name="Key_addr_3"/></StgValue>
</operation>

<operation id="30" st_id="2" stage="2" lat="2">
<core>RAM</core>
<MemPortIdVec></MemPortIdVec>
<condition id="70">
<or_exp><and_exp></and_exp></or_exp>
</condition>

<Node id="17" bw="32" op_0_bw="5">
<![CDATA[
.preheader.preheader:13  %Key_load_3 = load i32* %Key_addr_3, align 4

]]></Node>
<StgValue><ssdm name="Key_load_3"/></StgValue>
</operation>
</state>

<state id="3" st_id="3">

<operation id="31" st_id="3" stage="1" lat="2">
<core>RAM</core>
<MemPortIdVec></MemPortIdVec>
<condition id="71">
<or_exp><and_exp></and_exp></or_exp>
</condition>

<Node id="13" bw="32" op_0_bw="5">
<![CDATA[
.preheader.preheader:9  %Key_load_2 = load i32* %Key_addr_2, align 4

]]></Node>
<StgValue><ssdm name="Key_load_2"/></StgValue>
</operation>

<operation id="32" st_id="3" stage="1" lat="1">
<core>NULL</core>
<MemPortIdVec></MemPortIdVec>
<condition id="71">
<or_exp><and_exp></and_exp></or_exp>
</condition>

<Node id="14" bw="8" op_0_bw="32" op_1_bw="32" op_2_bw="32">
<![CDATA[
.preheader.preheader:10  %RoundKey_addr_33 = getelementptr [240 x i32]* %RoundKey, i32 0, i32 2

]]></Node>
<StgValue><ssdm name="RoundKey_addr_33"/></StgValue>
</operation>

<operation id="33" st_id="3" stage="1" lat="1">
<core>RAM</core>
<MemPortIdVec></MemPortIdVec>
<condition id="71">
<or_exp><and_exp></and_exp></or_exp>
</condition>

<Node id="15" bw="0" op_0_bw="32" op_1_bw="8">
<![CDATA[
.preheader.preheader:11  store i32 %Key_load_2, i32* %RoundKey_addr_33, align 4

]]></Node>
<StgValue><ssdm name=""/></StgValue>
</operation>

<operation id="34" st_id="3" stage="1" lat="2">
<core>RAM</core>
<MemPortIdVec></MemPortIdVec>
<condition id="71">
<or_exp><and_exp></and_exp></or_exp>
</condition>

<Node id="17" bw="32" op_0_bw="5">
<![CDATA[
.preheader.preheader:13  %Key_load_3 = load i32* %Key_addr_3, align 4

]]></Node>
<StgValue><ssdm name="Key_load_3"/></StgValue>
</operation>

<operation id="35" st_id="3" stage="1" lat="1">
<core>NULL</core>
<MemPortIdVec></MemPortIdVec>
<condition id="71">
<or_exp><and_exp></and_exp></or_exp>
</condition>

<Node id="18" bw="8" op_0_bw="32" op_1_bw="32" op_2_bw="32">
<![CDATA[
.preheader.preheader:14  %RoundKey_addr_34 = getelementptr [240 x i32]* %RoundKey, i32 0, i32 3

]]></Node>
<StgValue><ssdm name="RoundKey_addr_34"/></StgValue>
</operation>

<operation id="36" st_id="3" stage="1" lat="1">
<core>RAM</core>
<MemPortIdVec></MemPortIdVec>
<condition id="71">
<or_exp><and_exp></and_exp></or_exp>
</condition>

<Node id="19" bw="0" op_0_bw="32" op_1_bw="8">
<![CDATA[
.preheader.preheader:15  store i32 %Key_load_3, i32* %RoundKey_addr_34, align 4

]]></Node>
<StgValue><ssdm name=""/></StgValue>
</operation>

<operation id="37" st_id="3" stage="1" lat="1">
<core>NULL</core>
<MemPortIdVec></MemPortIdVec>
<condition id="71">
<or_exp><and_exp></and_exp></or_exp>
</condition>

<Node id="20" bw="5" op_0_bw="32" op_1_bw="32" op_2_bw="32">
<![CDATA[
.preheader.preheader:16  %Key_addr_4 = getelementptr [32 x i32]* %Key, i32 0, i32 4

]]></Node>
<StgValue><ssdm name="Key_addr_4"/></StgValue>
</operation>

<operation id="38" st_id="3" stage="2" lat="2">
<core>RAM</core>
<MemPortIdVec></MemPortIdVec>
<condition id="71">
<or_exp><and_exp></and_exp></or_exp>
</condition>

<Node id="21" bw="32" op_0_bw="5">
<![CDATA[
.preheader.preheader:17  %Key_load_4 = load i32* %Key_addr_4, align 4

]]></Node>
<StgValue><ssdm name="Key_load_4"/></StgValue>
</operation>

<operation id="39" st_id="3" stage="1" lat="1">
<core>NULL</core>
<MemPortIdVec></MemPortIdVec>
<condition id="71">
<or_exp><and_exp></and_exp></or_exp>
</condition>

<Node id="24" bw="5" op_0_bw="32" op_1_bw="32" op_2_bw="32">
<![CDATA[
.preheader.preheader:20  %Key_addr_5 = getelementptr [32 x i32]* %Key, i32 0, i32 5

]]></Node>
<StgValue><ssdm name="Key_addr_5"/></StgValue>
</operation>

<operation id="40" st_id="3" stage="2" lat="2">
<core>RAM</core>
<MemPortIdVec></MemPortIdVec>
<condition id="71">
<or_exp><and_exp></and_exp></or_exp>
</condition>

<Node id="25" bw="32" op_0_bw="5">
<![CDATA[
.preheader.preheader:21  %Key_load_5 = load i32* %Key_addr_5, align 4

]]></Node>
<StgValue><ssdm name="Key_load_5"/></StgValue>
</operation>
</state>

<state id="4" st_id="4">

<operation id="41" st_id="4" stage="1" lat="2">
<core>RAM</core>
<MemPortIdVec></MemPortIdVec>
<condition id="72">
<or_exp><and_exp></and_exp></or_exp>
</condition>

<Node id="21" bw="32" op_0_bw="5">
<![CDATA[
.preheader.preheader:17  %Key_load_4 = load i32* %Key_addr_4, align 4

]]></Node>
<StgValue><ssdm name="Key_load_4"/></StgValue>
</operation>

<operation id="42" st_id="4" stage="1" lat="1">
<core>NULL</core>
<MemPortIdVec></MemPortIdVec>
<condition id="72">
<or_exp><and_exp></and_exp></or_exp>
</condition>

<Node id="22" bw="8" op_0_bw="32" op_1_bw="32" op_2_bw="32">
<![CDATA[
.preheader.preheader:18  %RoundKey_addr_35 = getelementptr [240 x i32]* %RoundKey, i32 0, i32 4

]]></Node>
<StgValue><ssdm name="RoundKey_addr_35"/></StgValue>
</operation>

<operation id="43" st_id="4" stage="1" lat="1">
<core>RAM</core>
<MemPortIdVec></MemPortIdVec>
<condition id="72">
<or_exp><and_exp></and_exp></or_exp>
</condition>

<Node id="23" bw="0" op_0_bw="32" op_1_bw="8">
<![CDATA[
.preheader.preheader:19  store i32 %Key_load_4, i32* %RoundKey_addr_35, align 4

]]></Node>
<StgValue><ssdm name=""/></StgValue>
</operation>

<operation id="44" st_id="4" stage="1" lat="2">
<core>RAM</core>
<MemPortIdVec></MemPortIdVec>
<condition id="72">
<or_exp><and_exp></and_exp></or_exp>
</condition>

<Node id="25" bw="32" op_0_bw="5">
<![CDATA[
.preheader.preheader:21  %Key_load_5 = load i32* %Key_addr_5, align 4

]]></Node>
<StgValue><ssdm name="Key_load_5"/></StgValue>
</operation>

<operation id="45" st_id="4" stage="1" lat="1">
<core>NULL</core>
<MemPortIdVec></MemPortIdVec>
<condition id="72">
<or_exp><and_exp></and_exp></or_exp>
</condition>

<Node id="26" bw="8" op_0_bw="32" op_1_bw="32" op_2_bw="32">
<![CDATA[
.preheader.preheader:22  %RoundKey_addr_36 = getelementptr [240 x i32]* %RoundKey, i32 0, i32 5

]]></Node>
<StgValue><ssdm name="RoundKey_addr_36"/></StgValue>
</operation>

<operation id="46" st_id="4" stage="1" lat="1">
<core>RAM</core>
<MemPortIdVec></MemPortIdVec>
<condition id="72">
<or_exp><and_exp></and_exp></or_exp>
</condition>

<Node id="27" bw="0" op_0_bw="32" op_1_bw="8">
<![CDATA[
.preheader.preheader:23  store i32 %Key_load_5, i32* %RoundKey_addr_36, align 4

]]></Node>
<StgValue><ssdm name=""/></StgValue>
</operation>

<operation id="47" st_id="4" stage="1" lat="1">
<core>NULL</core>
<MemPortIdVec></MemPortIdVec>
<condition id="72">
<or_exp><and_exp></and_exp></or_exp>
</condition>

<Node id="28" bw="5" op_0_bw="32" op_1_bw="32" op_2_bw="32">
<![CDATA[
.preheader.preheader:24  %Key_addr_6 = getelementptr [32 x i32]* %Key, i32 0, i32 6

]]></Node>
<StgValue><ssdm name="Key_addr_6"/></StgValue>
</operation>

<operation id="48" st_id="4" stage="2" lat="2">
<core>RAM</core>
<MemPortIdVec></MemPortIdVec>
<condition id="72">
<or_exp><and_exp></and_exp></or_exp>
</condition>

<Node id="29" bw="32" op_0_bw="5">
<![CDATA[
.preheader.preheader:25  %Key_load_6 = load i32* %Key_addr_6, align 4

]]></Node>
<StgValue><ssdm name="Key_load_6"/></StgValue>
</operation>

<operation id="49" st_id="4" stage="1" lat="1">
<core>NULL</core>
<MemPortIdVec></MemPortIdVec>
<condition id="72">
<or_exp><and_exp></and_exp></or_exp>
</condition>

<Node id="32" bw="5" op_0_bw="32" op_1_bw="32" op_2_bw="32">
<![CDATA[
.preheader.preheader:28  %Key_addr_7 = getelementptr [32 x i32]* %Key, i32 0, i32 7

]]></Node>
<StgValue><ssdm name="Key_addr_7"/></StgValue>
</operation>

<operation id="50" st_id="4" stage="2" lat="2">
<core>RAM</core>
<MemPortIdVec></MemPortIdVec>
<condition id="72">
<or_exp><and_exp></and_exp></or_exp>
</condition>

<Node id="33" bw="32" op_0_bw="5">
<![CDATA[
.preheader.preheader:29  %Key_load_7 = load i32* %Key_addr_7, align 4

]]></Node>
<StgValue><ssdm name="Key_load_7"/></StgValue>
</operation>
</state>

<state id="5" st_id="5">

<operation id="51" st_id="5" stage="1" lat="2">
<core>RAM</core>
<MemPortIdVec></MemPortIdVec>
<condition id="73">
<or_exp><and_exp></and_exp></or_exp>
</condition>

<Node id="29" bw="32" op_0_bw="5">
<![CDATA[
.preheader.preheader:25  %Key_load_6 = load i32* %Key_addr_6, align 4

]]></Node>
<StgValue><ssdm name="Key_load_6"/></StgValue>
</operation>

<operation id="52" st_id="5" stage="1" lat="1">
<core>NULL</core>
<MemPortIdVec></MemPortIdVec>
<condition id="73">
<or_exp><and_exp></and_exp></or_exp>
</condition>

<Node id="30" bw="8" op_0_bw="32" op_1_bw="32" op_2_bw="32">
<![CDATA[
.preheader.preheader:26  %RoundKey_addr_37 = getelementptr [240 x i32]* %RoundKey, i32 0, i32 6

]]></Node>
<StgValue><ssdm name="RoundKey_addr_37"/></StgValue>
</operation>

<operation id="53" st_id="5" stage="1" lat="1">
<core>RAM</core>
<MemPortIdVec></MemPortIdVec>
<condition id="73">
<or_exp><and_exp></and_exp></or_exp>
</condition>

<Node id="31" bw="0" op_0_bw="32" op_1_bw="8">
<![CDATA[
.preheader.preheader:27  store i32 %Key_load_6, i32* %RoundKey_addr_37, align 4

]]></Node>
<StgValue><ssdm name=""/></StgValue>
</operation>

<operation id="54" st_id="5" stage="1" lat="2">
<core>RAM</core>
<MemPortIdVec></MemPortIdVec>
<condition id="73">
<or_exp><and_exp></and_exp></or_exp>
</condition>

<Node id="33" bw="32" op_0_bw="5">
<![CDATA[
.preheader.preheader:29  %Key_load_7 = load i32* %Key_addr_7, align 4

]]></Node>
<StgValue><ssdm name="Key_load_7"/></StgValue>
</operation>

<operation id="55" st_id="5" stage="1" lat="1">
<core>NULL</core>
<MemPortIdVec></MemPortIdVec>
<condition id="73">
<or_exp><and_exp></and_exp></or_exp>
</condition>

<Node id="34" bw="8" op_0_bw="32" op_1_bw="32" op_2_bw="32">
<![CDATA[
.preheader.preheader:30  %RoundKey_addr_38 = getelementptr [240 x i32]* %RoundKey, i32 0, i32 7

]]></Node>
<StgValue><ssdm name="RoundKey_addr_38"/></StgValue>
</operation>

<operation id="56" st_id="5" stage="1" lat="1">
<core>RAM</core>
<MemPortIdVec></MemPortIdVec>
<condition id="73">
<or_exp><and_exp></and_exp></or_exp>
</condition>

<Node id="35" bw="0" op_0_bw="32" op_1_bw="8">
<![CDATA[
.preheader.preheader:31  store i32 %Key_load_7, i32* %RoundKey_addr_38, align 4

]]></Node>
<StgValue><ssdm name=""/></StgValue>
</operation>

<operation id="57" st_id="5" stage="1" lat="1">
<core>NULL</core>
<MemPortIdVec></MemPortIdVec>
<condition id="73">
<or_exp><and_exp></and_exp></or_exp>
</condition>

<Node id="36" bw="5" op_0_bw="32" op_1_bw="32" op_2_bw="32">
<![CDATA[
.preheader.preheader:32  %Key_addr_8 = getelementptr [32 x i32]* %Key, i32 0, i32 8

]]></Node>
<StgValue><ssdm name="Key_addr_8"/></StgValue>
</operation>

<operation id="58" st_id="5" stage="2" lat="2">
<core>RAM</core>
<MemPortIdVec></MemPortIdVec>
<condition id="73">
<or_exp><and_exp></and_exp></or_exp>
</condition>

<Node id="37" bw="32" op_0_bw="5">
<![CDATA[
.preheader.preheader:33  %Key_load_8 = load i32* %Key_addr_8, align 4

]]></Node>
<StgValue><ssdm name="Key_load_8"/></StgValue>
</operation>

<operation id="59" st_id="5" stage="1" lat="1">
<core>NULL</core>
<MemPortIdVec></MemPortIdVec>
<condition id="73">
<or_exp><and_exp></and_exp></or_exp>
</condition>

<Node id="40" bw="5" op_0_bw="32" op_1_bw="32" op_2_bw="32">
<![CDATA[
.preheader.preheader:36  %Key_addr_9 = getelementptr [32 x i32]* %Key, i32 0, i32 9

]]></Node>
<StgValue><ssdm name="Key_addr_9"/></StgValue>
</operation>

<operation id="60" st_id="5" stage="2" lat="2">
<core>RAM</core>
<MemPortIdVec></MemPortIdVec>
<condition id="73">
<or_exp><and_exp></and_exp></or_exp>
</condition>

<Node id="41" bw="32" op_0_bw="5">
<![CDATA[
.preheader.preheader:37  %Key_load_9 = load i32* %Key_addr_9, align 4

]]></Node>
<StgValue><ssdm name="Key_load_9"/></StgValue>
</operation>
</state>

<state id="6" st_id="6">

<operation id="61" st_id="6" stage="1" lat="2">
<core>RAM</core>
<MemPortIdVec></MemPortIdVec>
<condition id="74">
<or_exp><and_exp></and_exp></or_exp>
</condition>

<Node id="37" bw="32" op_0_bw="5">
<![CDATA[
.preheader.preheader:33  %Key_load_8 = load i32* %Key_addr_8, align 4

]]></Node>
<StgValue><ssdm name="Key_load_8"/></StgValue>
</operation>

<operation id="62" st_id="6" stage="1" lat="1">
<core>NULL</core>
<MemPortIdVec></MemPortIdVec>
<condition id="74">
<or_exp><and_exp></and_exp></or_exp>
</condition>

<Node id="38" bw="8" op_0_bw="32" op_1_bw="32" op_2_bw="32">
<![CDATA[
.preheader.preheader:34  %RoundKey_addr_39 = getelementptr [240 x i32]* %RoundKey, i32 0, i32 8

]]></Node>
<StgValue><ssdm name="RoundKey_addr_39"/></StgValue>
</operation>

<operation id="63" st_id="6" stage="1" lat="1">
<core>RAM</core>
<MemPortIdVec></MemPortIdVec>
<condition id="74">
<or_exp><and_exp></and_exp></or_exp>
</condition>

<Node id="39" bw="0" op_0_bw="32" op_1_bw="8">
<![CDATA[
.preheader.preheader:35  store i32 %Key_load_8, i32* %RoundKey_addr_39, align 4

]]></Node>
<StgValue><ssdm name=""/></StgValue>
</operation>

<operation id="64" st_id="6" stage="1" lat="2">
<core>RAM</core>
<MemPortIdVec></MemPortIdVec>
<condition id="74">
<or_exp><and_exp></and_exp></or_exp>
</condition>

<Node id="41" bw="32" op_0_bw="5">
<![CDATA[
.preheader.preheader:37  %Key_load_9 = load i32* %Key_addr_9, align 4

]]></Node>
<StgValue><ssdm name="Key_load_9"/></StgValue>
</operation>

<operation id="65" st_id="6" stage="1" lat="1">
<core>NULL</core>
<MemPortIdVec></MemPortIdVec>
<condition id="74">
<or_exp><and_exp></and_exp></or_exp>
</condition>

<Node id="42" bw="8" op_0_bw="32" op_1_bw="32" op_2_bw="32">
<![CDATA[
.preheader.preheader:38  %RoundKey_addr_40 = getelementptr [240 x i32]* %RoundKey, i32 0, i32 9

]]></Node>
<StgValue><ssdm name="RoundKey_addr_40"/></StgValue>
</operation>

<operation id="66" st_id="6" stage="1" lat="1">
<core>RAM</core>
<MemPortIdVec></MemPortIdVec>
<condition id="74">
<or_exp><and_exp></and_exp></or_exp>
</condition>

<Node id="43" bw="0" op_0_bw="32" op_1_bw="8">
<![CDATA[
.preheader.preheader:39  store i32 %Key_load_9, i32* %RoundKey_addr_40, align 4

]]></Node>
<StgValue><ssdm name=""/></StgValue>
</operation>

<operation id="67" st_id="6" stage="1" lat="1">
<core>NULL</core>
<MemPortIdVec></MemPortIdVec>
<condition id="74">
<or_exp><and_exp></and_exp></or_exp>
</condition>

<Node id="44" bw="5" op_0_bw="32" op_1_bw="32" op_2_bw="32">
<![CDATA[
.preheader.preheader:40  %Key_addr_10 = getelementptr [32 x i32]* %Key, i32 0, i32 10

]]></Node>
<StgValue><ssdm name="Key_addr_10"/></StgValue>
</operation>

<operation id="68" st_id="6" stage="2" lat="2">
<core>RAM</core>
<MemPortIdVec></MemPortIdVec>
<condition id="74">
<or_exp><and_exp></and_exp></or_exp>
</condition>

<Node id="45" bw="32" op_0_bw="5">
<![CDATA[
.preheader.preheader:41  %Key_load_10 = load i32* %Key_addr_10, align 4

]]></Node>
<StgValue><ssdm name="Key_load_10"/></StgValue>
</operation>

<operation id="69" st_id="6" stage="1" lat="1">
<core>NULL</core>
<MemPortIdVec></MemPortIdVec>
<condition id="74">
<or_exp><and_exp></and_exp></or_exp>
</condition>

<Node id="48" bw="5" op_0_bw="32" op_1_bw="32" op_2_bw="32">
<![CDATA[
.preheader.preheader:44  %Key_addr_11 = getelementptr [32 x i32]* %Key, i32 0, i32 11

]]></Node>
<StgValue><ssdm name="Key_addr_11"/></StgValue>
</operation>

<operation id="70" st_id="6" stage="2" lat="2">
<core>RAM</core>
<MemPortIdVec></MemPortIdVec>
<condition id="74">
<or_exp><and_exp></and_exp></or_exp>
</condition>

<Node id="49" bw="32" op_0_bw="5">
<![CDATA[
.preheader.preheader:45  %Key_load_11 = load i32* %Key_addr_11, align 4

]]></Node>
<StgValue><ssdm name="Key_load_11"/></StgValue>
</operation>
</state>

<state id="7" st_id="7">

<operation id="71" st_id="7" stage="1" lat="2">
<core>RAM</core>
<MemPortIdVec></MemPortIdVec>
<condition id="75">
<or_exp><and_exp></and_exp></or_exp>
</condition>

<Node id="45" bw="32" op_0_bw="5">
<![CDATA[
.preheader.preheader:41  %Key_load_10 = load i32* %Key_addr_10, align 4

]]></Node>
<StgValue><ssdm name="Key_load_10"/></StgValue>
</operation>

<operation id="72" st_id="7" stage="1" lat="1">
<core>NULL</core>
<MemPortIdVec></MemPortIdVec>
<condition id="75">
<or_exp><and_exp></and_exp></or_exp>
</condition>

<Node id="46" bw="8" op_0_bw="32" op_1_bw="32" op_2_bw="32">
<![CDATA[
.preheader.preheader:42  %RoundKey_addr_41 = getelementptr [240 x i32]* %RoundKey, i32 0, i32 10

]]></Node>
<StgValue><ssdm name="RoundKey_addr_41"/></StgValue>
</operation>

<operation id="73" st_id="7" stage="1" lat="1">
<core>RAM</core>
<MemPortIdVec></MemPortIdVec>
<condition id="75">
<or_exp><and_exp></and_exp></or_exp>
</condition>

<Node id="47" bw="0" op_0_bw="32" op_1_bw="8">
<![CDATA[
.preheader.preheader:43  store i32 %Key_load_10, i32* %RoundKey_addr_41, align 4

]]></Node>
<StgValue><ssdm name=""/></StgValue>
</operation>

<operation id="74" st_id="7" stage="1" lat="2">
<core>RAM</core>
<MemPortIdVec></MemPortIdVec>
<condition id="75">
<or_exp><and_exp></and_exp></or_exp>
</condition>

<Node id="49" bw="32" op_0_bw="5">
<![CDATA[
.preheader.preheader:45  %Key_load_11 = load i32* %Key_addr_11, align 4

]]></Node>
<StgValue><ssdm name="Key_load_11"/></StgValue>
</operation>

<operation id="75" st_id="7" stage="1" lat="1">
<core>NULL</core>
<MemPortIdVec></MemPortIdVec>
<condition id="75">
<or_exp><and_exp></and_exp></or_exp>
</condition>

<Node id="50" bw="8" op_0_bw="32" op_1_bw="32" op_2_bw="32">
<![CDATA[
.preheader.preheader:46  %RoundKey_addr_42 = getelementptr [240 x i32]* %RoundKey, i32 0, i32 11

]]></Node>
<StgValue><ssdm name="RoundKey_addr_42"/></StgValue>
</operation>

<operation id="76" st_id="7" stage="1" lat="1">
<core>RAM</core>
<MemPortIdVec></MemPortIdVec>
<condition id="75">
<or_exp><and_exp></and_exp></or_exp>
</condition>

<Node id="51" bw="0" op_0_bw="32" op_1_bw="8">
<![CDATA[
.preheader.preheader:47  store i32 %Key_load_11, i32* %RoundKey_addr_42, align 4

]]></Node>
<StgValue><ssdm name=""/></StgValue>
</operation>

<operation id="77" st_id="7" stage="1" lat="1">
<core>NULL</core>
<MemPortIdVec></MemPortIdVec>
<condition id="75">
<or_exp><and_exp></and_exp></or_exp>
</condition>

<Node id="52" bw="5" op_0_bw="32" op_1_bw="32" op_2_bw="32">
<![CDATA[
.preheader.preheader:48  %Key_addr_12 = getelementptr [32 x i32]* %Key, i32 0, i32 12

]]></Node>
<StgValue><ssdm name="Key_addr_12"/></StgValue>
</operation>

<operation id="78" st_id="7" stage="2" lat="2">
<core>RAM</core>
<MemPortIdVec></MemPortIdVec>
<condition id="75">
<or_exp><and_exp></and_exp></or_exp>
</condition>

<Node id="53" bw="32" op_0_bw="5">
<![CDATA[
.preheader.preheader:49  %Key_load_12 = load i32* %Key_addr_12, align 4

]]></Node>
<StgValue><ssdm name="Key_load_12"/></StgValue>
</operation>

<operation id="79" st_id="7" stage="1" lat="1">
<core>NULL</core>
<MemPortIdVec></MemPortIdVec>
<condition id="75">
<or_exp><and_exp></and_exp></or_exp>
</condition>

<Node id="56" bw="5" op_0_bw="32" op_1_bw="32" op_2_bw="32">
<![CDATA[
.preheader.preheader:52  %Key_addr_13 = getelementptr [32 x i32]* %Key, i32 0, i32 13

]]></Node>
<StgValue><ssdm name="Key_addr_13"/></StgValue>
</operation>

<operation id="80" st_id="7" stage="2" lat="2">
<core>RAM</core>
<MemPortIdVec></MemPortIdVec>
<condition id="75">
<or_exp><and_exp></and_exp></or_exp>
</condition>

<Node id="57" bw="32" op_0_bw="5">
<![CDATA[
.preheader.preheader:53  %Key_load_13 = load i32* %Key_addr_13, align 4

]]></Node>
<StgValue><ssdm name="Key_load_13"/></StgValue>
</operation>
</state>

<state id="8" st_id="8">

<operation id="81" st_id="8" stage="1" lat="2">
<core>RAM</core>
<MemPortIdVec></MemPortIdVec>
<condition id="76">
<or_exp><and_exp></and_exp></or_exp>
</condition>

<Node id="53" bw="32" op_0_bw="5">
<![CDATA[
.preheader.preheader:49  %Key_load_12 = load i32* %Key_addr_12, align 4

]]></Node>
<StgValue><ssdm name="Key_load_12"/></StgValue>
</operation>

<operation id="82" st_id="8" stage="1" lat="1">
<core>NULL</core>
<MemPortIdVec></MemPortIdVec>
<condition id="76">
<or_exp><and_exp></and_exp></or_exp>
</condition>

<Node id="54" bw="8" op_0_bw="32" op_1_bw="32" op_2_bw="32">
<![CDATA[
.preheader.preheader:50  %RoundKey_addr_43 = getelementptr [240 x i32]* %RoundKey, i32 0, i32 12

]]></Node>
<StgValue><ssdm name="RoundKey_addr_43"/></StgValue>
</operation>

<operation id="83" st_id="8" stage="1" lat="1">
<core>RAM</core>
<MemPortIdVec></MemPortIdVec>
<condition id="76">
<or_exp><and_exp></and_exp></or_exp>
</condition>

<Node id="55" bw="0" op_0_bw="32" op_1_bw="8">
<![CDATA[
.preheader.preheader:51  store i32 %Key_load_12, i32* %RoundKey_addr_43, align 4

]]></Node>
<StgValue><ssdm name=""/></StgValue>
</operation>

<operation id="84" st_id="8" stage="1" lat="2">
<core>RAM</core>
<MemPortIdVec></MemPortIdVec>
<condition id="76">
<or_exp><and_exp></and_exp></or_exp>
</condition>

<Node id="57" bw="32" op_0_bw="5">
<![CDATA[
.preheader.preheader:53  %Key_load_13 = load i32* %Key_addr_13, align 4

]]></Node>
<StgValue><ssdm name="Key_load_13"/></StgValue>
</operation>

<operation id="85" st_id="8" stage="1" lat="1">
<core>NULL</core>
<MemPortIdVec></MemPortIdVec>
<condition id="76">
<or_exp><and_exp></and_exp></or_exp>
</condition>

<Node id="58" bw="8" op_0_bw="32" op_1_bw="32" op_2_bw="32">
<![CDATA[
.preheader.preheader:54  %RoundKey_addr_44 = getelementptr [240 x i32]* %RoundKey, i32 0, i32 13

]]></Node>
<StgValue><ssdm name="RoundKey_addr_44"/></StgValue>
</operation>

<operation id="86" st_id="8" stage="1" lat="1">
<core>RAM</core>
<MemPortIdVec></MemPortIdVec>
<condition id="76">
<or_exp><and_exp></and_exp></or_exp>
</condition>

<Node id="59" bw="0" op_0_bw="32" op_1_bw="8">
<![CDATA[
.preheader.preheader:55  store i32 %Key_load_13, i32* %RoundKey_addr_44, align 4

]]></Node>
<StgValue><ssdm name=""/></StgValue>
</operation>

<operation id="87" st_id="8" stage="1" lat="1">
<core>NULL</core>
<MemPortIdVec></MemPortIdVec>
<condition id="76">
<or_exp><and_exp></and_exp></or_exp>
</condition>

<Node id="60" bw="5" op_0_bw="32" op_1_bw="32" op_2_bw="32">
<![CDATA[
.preheader.preheader:56  %Key_addr_14 = getelementptr [32 x i32]* %Key, i32 0, i32 14

]]></Node>
<StgValue><ssdm name="Key_addr_14"/></StgValue>
</operation>

<operation id="88" st_id="8" stage="2" lat="2">
<core>RAM</core>
<MemPortIdVec></MemPortIdVec>
<condition id="76">
<or_exp><and_exp></and_exp></or_exp>
</condition>

<Node id="61" bw="32" op_0_bw="5">
<![CDATA[
.preheader.preheader:57  %Key_load_14 = load i32* %Key_addr_14, align 4

]]></Node>
<StgValue><ssdm name="Key_load_14"/></StgValue>
</operation>

<operation id="89" st_id="8" stage="1" lat="1">
<core>NULL</core>
<MemPortIdVec></MemPortIdVec>
<condition id="76">
<or_exp><and_exp></and_exp></or_exp>
</condition>

<Node id="64" bw="5" op_0_bw="32" op_1_bw="32" op_2_bw="32">
<![CDATA[
.preheader.preheader:60  %Key_addr_15 = getelementptr [32 x i32]* %Key, i32 0, i32 15

]]></Node>
<StgValue><ssdm name="Key_addr_15"/></StgValue>
</operation>

<operation id="90" st_id="8" stage="2" lat="2">
<core>RAM</core>
<MemPortIdVec></MemPortIdVec>
<condition id="76">
<or_exp><and_exp></and_exp></or_exp>
</condition>

<Node id="65" bw="32" op_0_bw="5">
<![CDATA[
.preheader.preheader:61  %Key_load_15 = load i32* %Key_addr_15, align 4

]]></Node>
<StgValue><ssdm name="Key_load_15"/></StgValue>
</operation>
</state>

<state id="9" st_id="9">

<operation id="91" st_id="9" stage="1" lat="2">
<core>RAM</core>
<MemPortIdVec></MemPortIdVec>
<condition id="77">
<or_exp><and_exp></and_exp></or_exp>
</condition>

<Node id="61" bw="32" op_0_bw="5">
<![CDATA[
.preheader.preheader:57  %Key_load_14 = load i32* %Key_addr_14, align 4

]]></Node>
<StgValue><ssdm name="Key_load_14"/></StgValue>
</operation>

<operation id="92" st_id="9" stage="1" lat="1">
<core>NULL</core>
<MemPortIdVec></MemPortIdVec>
<condition id="77">
<or_exp><and_exp></and_exp></or_exp>
</condition>

<Node id="62" bw="8" op_0_bw="32" op_1_bw="32" op_2_bw="32">
<![CDATA[
.preheader.preheader:58  %RoundKey_addr_45 = getelementptr [240 x i32]* %RoundKey, i32 0, i32 14

]]></Node>
<StgValue><ssdm name="RoundKey_addr_45"/></StgValue>
</operation>

<operation id="93" st_id="9" stage="1" lat="1">
<core>RAM</core>
<MemPortIdVec></MemPortIdVec>
<condition id="77">
<or_exp><and_exp></and_exp></or_exp>
</condition>

<Node id="63" bw="0" op_0_bw="32" op_1_bw="8">
<![CDATA[
.preheader.preheader:59  store i32 %Key_load_14, i32* %RoundKey_addr_45, align 4

]]></Node>
<StgValue><ssdm name=""/></StgValue>
</operation>

<operation id="94" st_id="9" stage="1" lat="2">
<core>RAM</core>
<MemPortIdVec></MemPortIdVec>
<condition id="77">
<or_exp><and_exp></and_exp></or_exp>
</condition>

<Node id="65" bw="32" op_0_bw="5">
<![CDATA[
.preheader.preheader:61  %Key_load_15 = load i32* %Key_addr_15, align 4

]]></Node>
<StgValue><ssdm name="Key_load_15"/></StgValue>
</operation>

<operation id="95" st_id="9" stage="1" lat="1">
<core>NULL</core>
<MemPortIdVec></MemPortIdVec>
<condition id="77">
<or_exp><and_exp></and_exp></or_exp>
</condition>

<Node id="66" bw="8" op_0_bw="32" op_1_bw="32" op_2_bw="32">
<![CDATA[
.preheader.preheader:62  %RoundKey_addr_46 = getelementptr [240 x i32]* %RoundKey, i32 0, i32 15

]]></Node>
<StgValue><ssdm name="RoundKey_addr_46"/></StgValue>
</operation>

<operation id="96" st_id="9" stage="1" lat="1">
<core>RAM</core>
<MemPortIdVec></MemPortIdVec>
<condition id="77">
<or_exp><and_exp></and_exp></or_exp>
</condition>

<Node id="67" bw="0" op_0_bw="32" op_1_bw="8">
<![CDATA[
.preheader.preheader:63  store i32 %Key_load_15, i32* %RoundKey_addr_46, align 4

]]></Node>
<StgValue><ssdm name=""/></StgValue>
</operation>

<operation id="97" st_id="9" stage="1" lat="1">
<core>NULL</core>
<MemPortIdVec></MemPortIdVec>
<condition id="77">
<or_exp><and_exp></and_exp></or_exp>
</condition>

<Node id="68" bw="0" op_0_bw="0">
<![CDATA[
.preheader.preheader:64  br label %.preheader

]]></Node>
<StgValue><ssdm name=""/></StgValue>
</operation>
</state>

<state id="10" st_id="10">

<operation id="98" st_id="10" stage="1" lat="1">
<core>NULL</core>
<MemPortIdVec></MemPortIdVec>
<condition id="78">
<or_exp><and_exp></and_exp></or_exp>
</condition>

<Node id="70" bw="6" op_0_bw="6" op_1_bw="0">
<![CDATA[
.preheader:0  %i_1 = phi i6 [ %i, %_ifconv ], [ 4, %.preheader.preheader ]

]]></Node>
<StgValue><ssdm name="i_1"/></StgValue>
</operation>

<operation id="99" st_id="10" stage="1" lat="1">
<core>Cmp</core>
<MemPortIdVec></MemPortIdVec>
<condition id="78">
<or_exp><and_exp></and_exp></or_exp>
</condition>

<Node id="71" bw="1" op_0_bw="6" op_1_bw="6">
<![CDATA[
.preheader:1  %exitcond1 = icmp eq i6 %i_1, -20

]]></Node>
<StgValue><ssdm name="exitcond1"/></StgValue>
</operation>

<operation id="100" st_id="10" stage="1" lat="1">
<core>NULL</core>
<MemPortIdVec></MemPortIdVec>
<condition id="78">
<or_exp><and_exp></and_exp></or_exp>
</condition>

<Node id="72" bw="0" op_0_bw="1" op_1_bw="0" op_2_bw="0">
<![CDATA[
.preheader:2  br i1 %exitcond1, label %0, label %_ifconv

]]></Node>
<StgValue><ssdm name=""/></StgValue>
</operation>

<operation id="101" st_id="10" stage="1" lat="1">
<core>NULL</core>
<MemPortIdVec></MemPortIdVec>
<condition id="79">
<or_exp><and_exp><literal name="exitcond1" val="0"/>
</and_exp></or_exp>
</condition>

<Node id="74" bw="2" op_0_bw="6">
<![CDATA[
_ifconv:0  %tmp_103 = trunc i6 %i_1 to i2

]]></Node>
<StgValue><ssdm name="tmp_103"/></StgValue>
</operation>

<operation id="102" st_id="10" stage="1" lat="1">
<core>NULL</core>
<MemPortIdVec></MemPortIdVec>
<condition id="79">
<or_exp><and_exp><literal name="exitcond1" val="0"/>
</and_exp></or_exp>
</condition>

<Node id="79" bw="8" op_0_bw="8" op_1_bw="6" op_2_bw="2">
<![CDATA[
_ifconv:5  %tmp_s = call i8 @_ssdm_op_BitConcatenate.i8.i6.i2(i6 %i_1, i2 0)

]]></Node>
<StgValue><ssdm name="tmp_s"/></StgValue>
</operation>

<operation id="103" st_id="10" stage="1" lat="1">
<core>AddSub</core>
<MemPortIdVec></MemPortIdVec>
<condition id="79">
<or_exp><and_exp><literal name="exitcond1" val="0"/>
</and_exp></or_exp>
</condition>

<Node id="81" bw="8" op_0_bw="8" op_1_bw="8">
<![CDATA[
_ifconv:7  %sum8 = add i8 -4, %tmp_s

]]></Node>
<StgValue><ssdm name="sum8"/></StgValue>
</operation>

<operation id="104" st_id="10" stage="1" lat="1">
<core>NULL</core>
<MemPortIdVec></MemPortIdVec>
<condition id="79">
<or_exp><and_exp><literal name="exitcond1" val="0"/>
</and_exp></or_exp>
</condition>

<Node id="82" bw="32" op_0_bw="8">
<![CDATA[
_ifconv:8  %sum8_cast = zext i8 %sum8 to i32

]]></Node>
<StgValue><ssdm name="sum8_cast"/></StgValue>
</operation>

<operation id="105" st_id="10" stage="1" lat="1">
<core>NULL</core>
<MemPortIdVec></MemPortIdVec>
<condition id="79">
<or_exp><and_exp><literal name="exitcond1" val="0"/>
</and_exp></or_exp>
</condition>

<Node id="83" bw="8" op_0_bw="32" op_1_bw="32" op_2_bw="32">
<![CDATA[
_ifconv:9  %RoundKey_addr_47 = getelementptr [240 x i32]* %RoundKey, i32 0, i32 %sum8_cast

]]></Node>
<StgValue><ssdm name="RoundKey_addr_47"/></StgValue>
</operation>

<operation id="106" st_id="10" stage="2" lat="2">
<core>RAM</core>
<MemPortIdVec></MemPortIdVec>
<condition id="79">
<or_exp><and_exp><literal name="exitcond1" val="0"/>
</and_exp></or_exp>
</condition>

<Node id="84" bw="32" op_0_bw="8">
<![CDATA[
_ifconv:10  %RoundKey_load = load i32* %RoundKey_addr_47, align 4

]]></Node>
<StgValue><ssdm name="RoundKey_load"/></StgValue>
</operation>

<operation id="107" st_id="10" stage="1" lat="1">
<core>AddSub</core>
<MemPortIdVec></MemPortIdVec>
<condition id="79">
<or_exp><and_exp><literal name="exitcond1" val="0"/>
</and_exp></or_exp>
</condition>

<Node id="86" bw="8" op_0_bw="8" op_1_bw="8">
<![CDATA[
_ifconv:12  %sum8_1 = add i8 -3, %tmp_s

]]></Node>
<StgValue><ssdm name="sum8_1"/></StgValue>
</operation>

<operation id="108" st_id="10" stage="1" lat="1">
<core>NULL</core>
<MemPortIdVec></MemPortIdVec>
<condition id="79">
<or_exp><and_exp><literal name="exitcond1" val="0"/>
</and_exp></or_exp>
</condition>

<Node id="87" bw="32" op_0_bw="8">
<![CDATA[
_ifconv:13  %sum8_1_cast = zext i8 %sum8_1 to i32

]]></Node>
<StgValue><ssdm name="sum8_1_cast"/></StgValue>
</operation>

<operation id="109" st_id="10" stage="1" lat="1">
<core>NULL</core>
<MemPortIdVec></MemPortIdVec>
<condition id="79">
<or_exp><and_exp><literal name="exitcond1" val="0"/>
</and_exp></or_exp>
</condition>

<Node id="88" bw="8" op_0_bw="32" op_1_bw="32" op_2_bw="32">
<![CDATA[
_ifconv:14  %RoundKey_addr_48 = getelementptr [240 x i32]* %RoundKey, i32 0, i32 %sum8_1_cast

]]></Node>
<StgValue><ssdm name="RoundKey_addr_48"/></StgValue>
</operation>

<operation id="110" st_id="10" stage="2" lat="2">
<core>RAM</core>
<MemPortIdVec></MemPortIdVec>
<condition id="79">
<or_exp><and_exp><literal name="exitcond1" val="0"/>
</and_exp></or_exp>
</condition>

<Node id="89" bw="32" op_0_bw="8">
<![CDATA[
_ifconv:15  %RoundKey_load_1 = load i32* %RoundKey_addr_48, align 4

]]></Node>
<StgValue><ssdm name="RoundKey_load_1"/></StgValue>
</operation>

<operation id="111" st_id="10" stage="1" lat="1">
<core>Cmp</core>
<MemPortIdVec></MemPortIdVec>
<condition id="79">
<or_exp><and_exp><literal name="exitcond1" val="0"/>
</and_exp></or_exp>
</condition>

<Node id="101" bw="1" op_0_bw="2" op_1_bw="2">
<![CDATA[
_ifconv:27  %tmp_2 = icmp eq i2 %tmp_103, 0

]]></Node>
<StgValue><ssdm name="tmp_2"/></StgValue>
</operation>

<operation id="112" st_id="10" stage="1" lat="1">
<core>NULL</core>
<MemPortIdVec></MemPortIdVec>
<condition id="79">
<or_exp><and_exp><literal name="exitcond1" val="0"/>
</and_exp></or_exp>
</condition>

<Node id="110" bw="4" op_0_bw="4" op_1_bw="6" op_2_bw="32" op_3_bw="32">
<![CDATA[
_ifconv:36  %p_lshr_f_cast = call i4 @_ssdm_op_PartSelect.i4.i6.i32.i32(i6 %i_1, i32 2, i32 5)

]]></Node>
<StgValue><ssdm name="p_lshr_f_cast"/></StgValue>
</operation>

<operation id="113" st_id="10" stage="1" lat="1">
<core>AddSub</core>
<MemPortIdVec></MemPortIdVec>
<condition id="79">
<or_exp><and_exp><literal name="exitcond1" val="0"/>
</and_exp></or_exp>
</condition>

<Node id="157" bw="6" op_0_bw="6" op_1_bw="6">
<![CDATA[
_ifconv:83  %i = add i6 1, %i_1

]]></Node>
<StgValue><ssdm name="i"/></StgValue>
</operation>
</state>

<state id="11" st_id="11">

<operation id="114" st_id="11" stage="1" lat="2">
<core>RAM</core>
<MemPortIdVec></MemPortIdVec>
<condition id="80">
<or_exp><and_exp></and_exp></or_exp>
</condition>

<Node id="84" bw="32" op_0_bw="8">
<![CDATA[
_ifconv:10  %RoundKey_load = load i32* %RoundKey_addr_47, align 4

]]></Node>
<StgValue><ssdm name="RoundKey_load"/></StgValue>
</operation>

<operation id="115" st_id="11" stage="1" lat="1">
<core>NULL</core>
<MemPortIdVec></MemPortIdVec>
<condition id="80">
<or_exp><and_exp></and_exp></or_exp>
</condition>

<Node id="85" bw="8" op_0_bw="32">
<![CDATA[
_ifconv:11  %temp_0_3 = trunc i32 %RoundKey_load to i8

]]></Node>
<StgValue><ssdm name="temp_0_3"/></StgValue>
</operation>

<operation id="116" st_id="11" stage="1" lat="2">
<core>RAM</core>
<MemPortIdVec></MemPortIdVec>
<condition id="80">
<or_exp><and_exp></and_exp></or_exp>
</condition>

<Node id="89" bw="32" op_0_bw="8">
<![CDATA[
_ifconv:15  %RoundKey_load_1 = load i32* %RoundKey_addr_48, align 4

]]></Node>
<StgValue><ssdm name="RoundKey_load_1"/></StgValue>
</operation>

<operation id="117" st_id="11" stage="1" lat="1">
<core>NULL</core>
<MemPortIdVec></MemPortIdVec>
<condition id="80">
<or_exp><and_exp></and_exp></or_exp>
</condition>

<Node id="90" bw="8" op_0_bw="32">
<![CDATA[
_ifconv:16  %temp_1 = trunc i32 %RoundKey_load_1 to i8

]]></Node>
<StgValue><ssdm name="temp_1"/></StgValue>
</operation>

<operation id="118" st_id="11" stage="1" lat="1">
<core>AddSub</core>
<MemPortIdVec></MemPortIdVec>
<condition id="80">
<or_exp><and_exp></and_exp></or_exp>
</condition>

<Node id="91" bw="8" op_0_bw="8" op_1_bw="8">
<![CDATA[
_ifconv:17  %sum8_2 = add i8 -2, %tmp_s

]]></Node>
<StgValue><ssdm name="sum8_2"/></StgValue>
</operation>

<operation id="119" st_id="11" stage="1" lat="1">
<core>NULL</core>
<MemPortIdVec></MemPortIdVec>
<condition id="80">
<or_exp><and_exp></and_exp></or_exp>
</condition>

<Node id="92" bw="32" op_0_bw="8">
<![CDATA[
_ifconv:18  %sum8_2_cast = zext i8 %sum8_2 to i32

]]></Node>
<StgValue><ssdm name="sum8_2_cast"/></StgValue>
</operation>

<operation id="120" st_id="11" stage="1" lat="1">
<core>NULL</core>
<MemPortIdVec></MemPortIdVec>
<condition id="80">
<or_exp><and_exp></and_exp></or_exp>
</condition>

<Node id="93" bw="8" op_0_bw="32" op_1_bw="32" op_2_bw="32">
<![CDATA[
_ifconv:19  %RoundKey_addr_49 = getelementptr [240 x i32]* %RoundKey, i32 0, i32 %sum8_2_cast

]]></Node>
<StgValue><ssdm name="RoundKey_addr_49"/></StgValue>
</operation>

<operation id="121" st_id="11" stage="2" lat="2">
<core>RAM</core>
<MemPortIdVec></MemPortIdVec>
<condition id="80">
<or_exp><and_exp></and_exp></or_exp>
</condition>

<Node id="94" bw="32" op_0_bw="8">
<![CDATA[
_ifconv:20  %RoundKey_load_32 = load i32* %RoundKey_addr_49, align 4

]]></Node>
<StgValue><ssdm name="RoundKey_load_32"/></StgValue>
</operation>

<operation id="122" st_id="11" stage="1" lat="1">
<core>AddSub</core>
<MemPortIdVec></MemPortIdVec>
<condition id="80">
<or_exp><and_exp></and_exp></or_exp>
</condition>

<Node id="96" bw="8" op_0_bw="8" op_1_bw="8">
<![CDATA[
_ifconv:22  %sum8_3 = add i8 -1, %tmp_s

]]></Node>
<StgValue><ssdm name="sum8_3"/></StgValue>
</operation>

<operation id="123" st_id="11" stage="1" lat="1">
<core>NULL</core>
<MemPortIdVec></MemPortIdVec>
<condition id="80">
<or_exp><and_exp></and_exp></or_exp>
</condition>

<Node id="97" bw="32" op_0_bw="8">
<![CDATA[
_ifconv:23  %sum8_3_cast = zext i8 %sum8_3 to i32

]]></Node>
<StgValue><ssdm name="sum8_3_cast"/></StgValue>
</operation>

<operation id="124" st_id="11" stage="1" lat="1">
<core>NULL</core>
<MemPortIdVec></MemPortIdVec>
<condition id="80">
<or_exp><and_exp></and_exp></or_exp>
</condition>

<Node id="98" bw="8" op_0_bw="32" op_1_bw="32" op_2_bw="32">
<![CDATA[
_ifconv:24  %RoundKey_addr_50 = getelementptr [240 x i32]* %RoundKey, i32 0, i32 %sum8_3_cast

]]></Node>
<StgValue><ssdm name="RoundKey_addr_50"/></StgValue>
</operation>

<operation id="125" st_id="11" stage="2" lat="2">
<core>RAM</core>
<MemPortIdVec></MemPortIdVec>
<condition id="80">
<or_exp><and_exp></and_exp></or_exp>
</condition>

<Node id="99" bw="32" op_0_bw="8">
<![CDATA[
_ifconv:25  %RoundKey_load_33 = load i32* %RoundKey_addr_50, align 4

]]></Node>
<StgValue><ssdm name="RoundKey_load_33"/></StgValue>
</operation>
</state>

<state id="12" st_id="12">

<operation id="126" st_id="12" stage="1" lat="2">
<core>RAM</core>
<MemPortIdVec></MemPortIdVec>
<condition id="81">
<or_exp><and_exp></and_exp></or_exp>
</condition>

<Node id="94" bw="32" op_0_bw="8">
<![CDATA[
_ifconv:20  %RoundKey_load_32 = load i32* %RoundKey_addr_49, align 4

]]></Node>
<StgValue><ssdm name="RoundKey_load_32"/></StgValue>
</operation>

<operation id="127" st_id="12" stage="1" lat="1">
<core>NULL</core>
<MemPortIdVec></MemPortIdVec>
<condition id="81">
<or_exp><and_exp></and_exp></or_exp>
</condition>

<Node id="95" bw="8" op_0_bw="32">
<![CDATA[
_ifconv:21  %temp_2 = trunc i32 %RoundKey_load_32 to i8

]]></Node>
<StgValue><ssdm name="temp_2"/></StgValue>
</operation>

<operation id="128" st_id="12" stage="1" lat="2">
<core>RAM</core>
<MemPortIdVec></MemPortIdVec>
<condition id="81">
<or_exp><and_exp></and_exp></or_exp>
</condition>

<Node id="99" bw="32" op_0_bw="8">
<![CDATA[
_ifconv:25  %RoundKey_load_33 = load i32* %RoundKey_addr_50, align 4

]]></Node>
<StgValue><ssdm name="RoundKey_load_33"/></StgValue>
</operation>

<operation id="129" st_id="12" stage="1" lat="1">
<core>NULL</core>
<MemPortIdVec></MemPortIdVec>
<condition id="81">
<or_exp><and_exp></and_exp></or_exp>
</condition>

<Node id="100" bw="8" op_0_bw="32">
<![CDATA[
_ifconv:26  %temp_3 = trunc i32 %RoundKey_load_33 to i8

]]></Node>
<StgValue><ssdm name="temp_3"/></StgValue>
</operation>

<operation id="130" st_id="12" stage="1" lat="1">
<core>NULL</core>
<MemPortIdVec></MemPortIdVec>
<condition id="121">
<or_exp><and_exp><literal name="tmp_2" val="1"/>
</and_exp></or_exp>
</condition>

<Node id="111" bw="32" op_0_bw="4">
<![CDATA[
_ifconv:37  %tmp_15 = zext i4 %p_lshr_f_cast to i32

]]></Node>
<StgValue><ssdm name="tmp_15"/></StgValue>
</operation>

<operation id="131" st_id="12" stage="1" lat="1">
<core>NULL</core>
<MemPortIdVec></MemPortIdVec>
<condition id="119">
<or_exp><and_exp><literal name="tmp_2" val="1"/>
</and_exp></or_exp>
</condition>

<Node id="112" bw="8" op_0_bw="8" op_1_bw="32" op_2_bw="32">
<![CDATA[
_ifconv:38  %Rcon_addr = getelementptr [255 x i8]* @Rcon, i32 0, i32 %tmp_15

]]></Node>
<StgValue><ssdm name="Rcon_addr"/></StgValue>
</operation>

<operation id="132" st_id="12" stage="2" lat="2">
<core>ROM_nP</core>
<MemPortIdVec></MemPortIdVec>
<condition id="116">
<or_exp><and_exp><literal name="tmp_2" val="1"/>
</and_exp></or_exp>
</condition>

<Node id="113" bw="8" op_0_bw="8">
<![CDATA[
_ifconv:39  %Rcon_load = load i8* %Rcon_addr, align 1

]]></Node>
<StgValue><ssdm name="Rcon_load"/></StgValue>
</operation>

<operation id="133" st_id="12" stage="1" lat="1">
<core>AddSub</core>
<MemPortIdVec></MemPortIdVec>
<condition id="81">
<or_exp><and_exp></and_exp></or_exp>
</condition>

<Node id="119" bw="8" op_0_bw="8" op_1_bw="8">
<![CDATA[
_ifconv:45  %sum = add i8 -16, %tmp_s

]]></Node>
<StgValue><ssdm name="sum"/></StgValue>
</operation>

<operation id="134" st_id="12" stage="1" lat="1">
<core>NULL</core>
<MemPortIdVec></MemPortIdVec>
<condition id="81">
<or_exp><and_exp></and_exp></or_exp>
</condition>

<Node id="120" bw="32" op_0_bw="8">
<![CDATA[
_ifconv:46  %sum_cast = zext i8 %sum to i32

]]></Node>
<StgValue><ssdm name="sum_cast"/></StgValue>
</operation>

<operation id="135" st_id="12" stage="1" lat="1">
<core>NULL</core>
<MemPortIdVec></MemPortIdVec>
<condition id="81">
<or_exp><and_exp></and_exp></or_exp>
</condition>

<Node id="121" bw="8" op_0_bw="32" op_1_bw="32" op_2_bw="32">
<![CDATA[
_ifconv:47  %RoundKey_addr_51 = getelementptr [240 x i32]* %RoundKey, i32 0, i32 %sum_cast

]]></Node>
<StgValue><ssdm name="RoundKey_addr_51"/></StgValue>
</operation>

<operation id="136" st_id="12" stage="2" lat="2">
<core>RAM</core>
<MemPortIdVec></MemPortIdVec>
<condition id="81">
<or_exp><and_exp></and_exp></or_exp>
</condition>

<Node id="122" bw="32" op_0_bw="8">
<![CDATA[
_ifconv:48  %RoundKey_load_2 = load i32* %RoundKey_addr_51, align 4

]]></Node>
<StgValue><ssdm name="RoundKey_load_2"/></StgValue>
</operation>

<operation id="137" st_id="12" stage="1" lat="1">
<core>AddSub</core>
<MemPortIdVec></MemPortIdVec>
<condition id="81">
<or_exp><and_exp></and_exp></or_exp>
</condition>

<Node id="127" bw="8" op_0_bw="8" op_1_bw="8">
<![CDATA[
_ifconv:53  %sum1 = add i8 -15, %tmp_s

]]></Node>
<StgValue><ssdm name="sum1"/></StgValue>
</operation>

<operation id="138" st_id="12" stage="1" lat="1">
<core>NULL</core>
<MemPortIdVec></MemPortIdVec>
<condition id="81">
<or_exp><and_exp></and_exp></or_exp>
</condition>

<Node id="128" bw="32" op_0_bw="8">
<![CDATA[
_ifconv:54  %sum1_cast = zext i8 %sum1 to i32

]]></Node>
<StgValue><ssdm name="sum1_cast"/></StgValue>
</operation>

<operation id="139" st_id="12" stage="1" lat="1">
<core>NULL</core>
<MemPortIdVec></MemPortIdVec>
<condition id="81">
<or_exp><and_exp></and_exp></or_exp>
</condition>

<Node id="129" bw="8" op_0_bw="32" op_1_bw="32" op_2_bw="32">
<![CDATA[
_ifconv:55  %RoundKey_addr_53 = getelementptr [240 x i32]* %RoundKey, i32 0, i32 %sum1_cast

]]></Node>
<StgValue><ssdm name="RoundKey_addr_53"/></StgValue>
</operation>

<operation id="140" st_id="12" stage="2" lat="2">
<core>RAM</core>
<MemPortIdVec></MemPortIdVec>
<condition id="81">
<or_exp><and_exp></and_exp></or_exp>
</condition>

<Node id="130" bw="32" op_0_bw="8">
<![CDATA[
_ifconv:56  %RoundKey_load_3 = load i32* %RoundKey_addr_53, align 4

]]></Node>
<StgValue><ssdm name="RoundKey_load_3"/></StgValue>
</operation>
</state>

<state id="13" st_id="13">

<operation id="141" st_id="13" stage="1" lat="1">
<core>MuxnS</core>
<MemPortIdVec></MemPortIdVec>
<condition id="120">
<or_exp><and_exp><literal name="tmp_2" val="1"/>
</and_exp></or_exp>
</condition>

<Node id="102" bw="32" op_0_bw="32" op_1_bw="32" op_2_bw="32" op_3_bw="32" op_4_bw="32" op_5_bw="32" op_6_bw="32" op_7_bw="32" op_8_bw="32" op_9_bw="32" op_10_bw="32" op_11_bw="32" op_12_bw="32" op_13_bw="32" op_14_bw="32" op_15_bw="32" op_16_bw="32" op_17_bw="32" op_18_bw="32" op_19_bw="32" op_20_bw="32" op_21_bw="32" op_22_bw="32" op_23_bw="32" op_24_bw="32" op_25_bw="32" op_26_bw="32" op_27_bw="32" op_28_bw="32" op_29_bw="32" op_30_bw="32" op_31_bw="32" op_32_bw="32" op_33_bw="32" op_34_bw="32" op_35_bw="32" op_36_bw="32" op_37_bw="32" op_38_bw="32" op_39_bw="32" op_40_bw="32" op_41_bw="32" op_42_bw="32" op_43_bw="32" op_44_bw="32" op_45_bw="32" op_46_bw="32" op_47_bw="32" op_48_bw="32" op_49_bw="32" op_50_bw="32" op_51_bw="32" op_52_bw="32" op_53_bw="32" op_54_bw="32" op_55_bw="32" op_56_bw="32" op_57_bw="32" op_58_bw="32" op_59_bw="32" op_60_bw="32" op_61_bw="32" op_62_bw="32" op_63_bw="32" op_64_bw="32" op_65_bw="32" op_66_bw="32" op_67_bw="32" op_68_bw="32" op_69_bw="32" op_70_bw="32" op_71_bw="32" op_72_bw="32" op_73_bw="32" op_74_bw="32" op_75_bw="32" op_76_bw="32" op_77_bw="32" op_78_bw="32" op_79_bw="32" op_80_bw="32" op_81_bw="32" op_82_bw="32" op_83_bw="32" op_84_bw="32" op_85_bw="32" op_86_bw="32" op_87_bw="32" op_88_bw="32" op_89_bw="32" op_90_bw="32" op_91_bw="32" op_92_bw="32" op_93_bw="32" op_94_bw="32" op_95_bw="32" op_96_bw="32" op_97_bw="32" op_98_bw="32" op_99_bw="32" op_100_bw="32" op_101_bw="32" op_102_bw="32" op_103_bw="32" op_104_bw="32" op_105_bw="32" op_106_bw="32" op_107_bw="32" op_108_bw="32" op_109_bw="32" op_110_bw="32" op_111_bw="32" op_112_bw="32" op_113_bw="32" op_114_bw="32" op_115_bw="32" op_116_bw="32" op_117_bw="32" op_118_bw="32" op_119_bw="32" op_120_bw="32" op_121_bw="32" op_122_bw="32" op_123_bw="32" op_124_bw="32" op_125_bw="32" op_126_bw="32" op_127_bw="32" op_128_bw="32" op_129_bw="32" op_130_bw="32" op_131_bw="32" op_132_bw="32" op_133_bw="32" op_134_bw="32" op_135_bw="32" op_136_bw="32" op_137_bw="32" op_138_bw="32" op_139_bw="32" op_140_bw="32" op_141_bw="32" op_142_bw="32" op_143_bw="32" op_144_bw="32" op_145_bw="32" op_146_bw="32" op_147_bw="32" op_148_bw="32" op_149_bw="32" op_150_bw="32" op_151_bw="32" op_152_bw="32" op_153_bw="32" op_154_bw="32" op_155_bw="32" op_156_bw="32" op_157_bw="32" op_158_bw="32" op_159_bw="32" op_160_bw="32" op_161_bw="32" op_162_bw="32" op_163_bw="32" op_164_bw="32" op_165_bw="32" op_166_bw="32" op_167_bw="32" op_168_bw="32" op_169_bw="32" op_170_bw="32" op_171_bw="32" op_172_bw="32" op_173_bw="32" op_174_bw="32" op_175_bw="32" op_176_bw="32" op_177_bw="32" op_178_bw="32" op_179_bw="32" op_180_bw="32" op_181_bw="32" op_182_bw="32" op_183_bw="32" op_184_bw="32" op_185_bw="32" op_186_bw="32" op_187_bw="32" op_188_bw="32" op_189_bw="32" op_190_bw="32" op_191_bw="32" op_192_bw="32" op_193_bw="32" op_194_bw="32" op_195_bw="32" op_196_bw="32" op_197_bw="32" op_198_bw="32" op_199_bw="32" op_200_bw="32" op_201_bw="32" op_202_bw="32" op_203_bw="32" op_204_bw="32" op_205_bw="32" op_206_bw="32" op_207_bw="32" op_208_bw="32" op_209_bw="32" op_210_bw="32" op_211_bw="32" op_212_bw="32" op_213_bw="32" op_214_bw="32" op_215_bw="32" op_216_bw="32" op_217_bw="32" op_218_bw="32" op_219_bw="32" op_220_bw="32" op_221_bw="32" op_222_bw="32" op_223_bw="32" op_224_bw="32" op_225_bw="32" op_226_bw="32" op_227_bw="32" op_228_bw="32" op_229_bw="32" op_230_bw="32" op_231_bw="32" op_232_bw="32" op_233_bw="32" op_234_bw="32" op_235_bw="32" op_236_bw="32" op_237_bw="32" op_238_bw="32" op_239_bw="32" op_240_bw="32" op_241_bw="32" op_242_bw="32" op_243_bw="32" op_244_bw="32" op_245_bw="32" op_246_bw="32" op_247_bw="32" op_248_bw="32" op_249_bw="32" op_250_bw="32" op_251_bw="32" op_252_bw="32" op_253_bw="32" op_254_bw="32" op_255_bw="32" op_256_bw="32" op_257_bw="8">
<![CDATA[
_ifconv:28  %tmp_86 = call i32 @_ssdm_op_Mux.ap_auto.256i32.i8(i32 99, i32 124, i32 119, i32 123, i32 242, i32 107, i32 111, i32 197, i32 48, i32 1, i32 103, i32 43, i32 254, i32 215, i32 171, i32 118, i32 202, i32 130, i32 201, i32 125, i32 250, i32 89, i32 71, i32 240, i32 173, i32 212, i32 162, i32 175, i32 156, i32 164, i32 114, i32 192, i32 183, i32 253, i32 147, i32 38, i32 54, i32 63, i32 247, i32 204, i32 52, i32 165, i32 229, i32 241, i32 113, i32 216, i32 49, i32 21, i32 4, i32 199, i32 35, i32 195, i32 24, i32 150, i32 5, i32 154, i32 7, i32 18, i32 128, i32 226, i32 235, i32 39, i32 178, i32 117, i32 9, i32 131, i32 44, i32 26, i32 27, i32 110, i32 90, i32 160, i32 82, i32 59, i32 214, i32 179, i32 41, i32 227, i32 47, i32 132, i32 83, i32 209, i32 0, i32 237, i32 32, i32 252, i32 177, i32 91, i32 106, i32 203, i32 190, i32 57, i32 74, i32 76, i32 88, i32 207, i32 208, i32 239, i32 170, i32 251, i32 67, i32 77, i32 51, i32 133, i32 69, i32 249, i32 2, i32 127, i32 80, i32 60, i32 159, i32 168, i32 81, i32 163, i32 64, i32 143, i32 146, i32 157, i32 56, i32 245, i32 188, i32 182, i32 218, i32 33, i32 16, i32 255, i32 243, i32 210, i32 205, i32 12, i32 19, i32 236, i32 95, i32 151, i32 68, i32 23, i32 196, i32 167, i32 126, i32 61, i32 100, i32 93, i32 25, i32 115, i32 96, i32 129, i32 79, i32 220, i32 34, i32 42, i32 144, i32 136, i32 70, i32 238, i32 184, i32 20, i32 222, i32 94, i32 11, i32 219, i32 224, i32 50, i32 58, i32 10, i32 73, i32 6, i32 36, i32 92, i32 194, i32 211, i32 172, i32 98, i32 145, i32 149, i32 228, i32 121, i32 231, i32 200, i32 55, i32 109, i32 141, i32 213, i32 78, i32 169, i32 108, i32 86, i32 244, i32 234, i32 101, i32 122, i32 174, i32 8, i32 186, i32 120, i32 37, i32 46, i32 28, i32 166, i32 180, i32 198, i32 232, i32 221, i32 116, i32 31, i32 75, i32 189, i32 139, i32 138, i32 112, i32 62, i32 181, i32 102, i32 72, i32 3, i32 246, i32 14, i32 97, i32 53, i32 87, i32 185, i32 134, i32 193, i32 29, i32 158, i32 225, i32 248, i32 152, i32 17, i32 105, i32 217, i32 142, i32 148, i32 155, i32 30, i32 135, i32 233, i32 206, i32 85, i32 40, i32 223, i32 140, i32 161, i32 137, i32 13, i32 191, i32 230, i32 66, i32 104, i32 65, i32 153, i32 45, i32 15, i32 176, i32 84, i32 187, i32 22, i8 %temp_1)

]]></Node>
<StgValue><ssdm name="tmp_86"/></StgValue>
</operation>

<operation id="142" st_id="13" stage="1" lat="1">
<core>NULL</core>
<MemPortIdVec></MemPortIdVec>
<condition id="118">
<or_exp><and_exp><literal name="tmp_2" val="1"/>
</and_exp></or_exp>
</condition>

<Node id="103" bw="8" op_0_bw="32">
<![CDATA[
_ifconv:29  %tmp_108 = trunc i32 %tmp_86 to i8

]]></Node>
<StgValue><ssdm name="tmp_108"/></StgValue>
</operation>

<operation id="143" st_id="13" stage="1" lat="1">
<core>MuxnS</core>
<MemPortIdVec></MemPortIdVec>
<condition id="114">
<or_exp><and_exp><literal name="tmp_2" val="1"/>
</and_exp></or_exp>
</condition>

<Node id="104" bw="32" op_0_bw="32" op_1_bw="32" op_2_bw="32" op_3_bw="32" op_4_bw="32" op_5_bw="32" op_6_bw="32" op_7_bw="32" op_8_bw="32" op_9_bw="32" op_10_bw="32" op_11_bw="32" op_12_bw="32" op_13_bw="32" op_14_bw="32" op_15_bw="32" op_16_bw="32" op_17_bw="32" op_18_bw="32" op_19_bw="32" op_20_bw="32" op_21_bw="32" op_22_bw="32" op_23_bw="32" op_24_bw="32" op_25_bw="32" op_26_bw="32" op_27_bw="32" op_28_bw="32" op_29_bw="32" op_30_bw="32" op_31_bw="32" op_32_bw="32" op_33_bw="32" op_34_bw="32" op_35_bw="32" op_36_bw="32" op_37_bw="32" op_38_bw="32" op_39_bw="32" op_40_bw="32" op_41_bw="32" op_42_bw="32" op_43_bw="32" op_44_bw="32" op_45_bw="32" op_46_bw="32" op_47_bw="32" op_48_bw="32" op_49_bw="32" op_50_bw="32" op_51_bw="32" op_52_bw="32" op_53_bw="32" op_54_bw="32" op_55_bw="32" op_56_bw="32" op_57_bw="32" op_58_bw="32" op_59_bw="32" op_60_bw="32" op_61_bw="32" op_62_bw="32" op_63_bw="32" op_64_bw="32" op_65_bw="32" op_66_bw="32" op_67_bw="32" op_68_bw="32" op_69_bw="32" op_70_bw="32" op_71_bw="32" op_72_bw="32" op_73_bw="32" op_74_bw="32" op_75_bw="32" op_76_bw="32" op_77_bw="32" op_78_bw="32" op_79_bw="32" op_80_bw="32" op_81_bw="32" op_82_bw="32" op_83_bw="32" op_84_bw="32" op_85_bw="32" op_86_bw="32" op_87_bw="32" op_88_bw="32" op_89_bw="32" op_90_bw="32" op_91_bw="32" op_92_bw="32" op_93_bw="32" op_94_bw="32" op_95_bw="32" op_96_bw="32" op_97_bw="32" op_98_bw="32" op_99_bw="32" op_100_bw="32" op_101_bw="32" op_102_bw="32" op_103_bw="32" op_104_bw="32" op_105_bw="32" op_106_bw="32" op_107_bw="32" op_108_bw="32" op_109_bw="32" op_110_bw="32" op_111_bw="32" op_112_bw="32" op_113_bw="32" op_114_bw="32" op_115_bw="32" op_116_bw="32" op_117_bw="32" op_118_bw="32" op_119_bw="32" op_120_bw="32" op_121_bw="32" op_122_bw="32" op_123_bw="32" op_124_bw="32" op_125_bw="32" op_126_bw="32" op_127_bw="32" op_128_bw="32" op_129_bw="32" op_130_bw="32" op_131_bw="32" op_132_bw="32" op_133_bw="32" op_134_bw="32" op_135_bw="32" op_136_bw="32" op_137_bw="32" op_138_bw="32" op_139_bw="32" op_140_bw="32" op_141_bw="32" op_142_bw="32" op_143_bw="32" op_144_bw="32" op_145_bw="32" op_146_bw="32" op_147_bw="32" op_148_bw="32" op_149_bw="32" op_150_bw="32" op_151_bw="32" op_152_bw="32" op_153_bw="32" op_154_bw="32" op_155_bw="32" op_156_bw="32" op_157_bw="32" op_158_bw="32" op_159_bw="32" op_160_bw="32" op_161_bw="32" op_162_bw="32" op_163_bw="32" op_164_bw="32" op_165_bw="32" op_166_bw="32" op_167_bw="32" op_168_bw="32" op_169_bw="32" op_170_bw="32" op_171_bw="32" op_172_bw="32" op_173_bw="32" op_174_bw="32" op_175_bw="32" op_176_bw="32" op_177_bw="32" op_178_bw="32" op_179_bw="32" op_180_bw="32" op_181_bw="32" op_182_bw="32" op_183_bw="32" op_184_bw="32" op_185_bw="32" op_186_bw="32" op_187_bw="32" op_188_bw="32" op_189_bw="32" op_190_bw="32" op_191_bw="32" op_192_bw="32" op_193_bw="32" op_194_bw="32" op_195_bw="32" op_196_bw="32" op_197_bw="32" op_198_bw="32" op_199_bw="32" op_200_bw="32" op_201_bw="32" op_202_bw="32" op_203_bw="32" op_204_bw="32" op_205_bw="32" op_206_bw="32" op_207_bw="32" op_208_bw="32" op_209_bw="32" op_210_bw="32" op_211_bw="32" op_212_bw="32" op_213_bw="32" op_214_bw="32" op_215_bw="32" op_216_bw="32" op_217_bw="32" op_218_bw="32" op_219_bw="32" op_220_bw="32" op_221_bw="32" op_222_bw="32" op_223_bw="32" op_224_bw="32" op_225_bw="32" op_226_bw="32" op_227_bw="32" op_228_bw="32" op_229_bw="32" op_230_bw="32" op_231_bw="32" op_232_bw="32" op_233_bw="32" op_234_bw="32" op_235_bw="32" op_236_bw="32" op_237_bw="32" op_238_bw="32" op_239_bw="32" op_240_bw="32" op_241_bw="32" op_242_bw="32" op_243_bw="32" op_244_bw="32" op_245_bw="32" op_246_bw="32" op_247_bw="32" op_248_bw="32" op_249_bw="32" op_250_bw="32" op_251_bw="32" op_252_bw="32" op_253_bw="32" op_254_bw="32" op_255_bw="32" op_256_bw="32" op_257_bw="8">
<![CDATA[
_ifconv:30  %tmp_87 = call i32 @_ssdm_op_Mux.ap_auto.256i32.i8(i32 99, i32 124, i32 119, i32 123, i32 242, i32 107, i32 111, i32 197, i32 48, i32 1, i32 103, i32 43, i32 254, i32 215, i32 171, i32 118, i32 202, i32 130, i32 201, i32 125, i32 250, i32 89, i32 71, i32 240, i32 173, i32 212, i32 162, i32 175, i32 156, i32 164, i32 114, i32 192, i32 183, i32 253, i32 147, i32 38, i32 54, i32 63, i32 247, i32 204, i32 52, i32 165, i32 229, i32 241, i32 113, i32 216, i32 49, i32 21, i32 4, i32 199, i32 35, i32 195, i32 24, i32 150, i32 5, i32 154, i32 7, i32 18, i32 128, i32 226, i32 235, i32 39, i32 178, i32 117, i32 9, i32 131, i32 44, i32 26, i32 27, i32 110, i32 90, i32 160, i32 82, i32 59, i32 214, i32 179, i32 41, i32 227, i32 47, i32 132, i32 83, i32 209, i32 0, i32 237, i32 32, i32 252, i32 177, i32 91, i32 106, i32 203, i32 190, i32 57, i32 74, i32 76, i32 88, i32 207, i32 208, i32 239, i32 170, i32 251, i32 67, i32 77, i32 51, i32 133, i32 69, i32 249, i32 2, i32 127, i32 80, i32 60, i32 159, i32 168, i32 81, i32 163, i32 64, i32 143, i32 146, i32 157, i32 56, i32 245, i32 188, i32 182, i32 218, i32 33, i32 16, i32 255, i32 243, i32 210, i32 205, i32 12, i32 19, i32 236, i32 95, i32 151, i32 68, i32 23, i32 196, i32 167, i32 126, i32 61, i32 100, i32 93, i32 25, i32 115, i32 96, i32 129, i32 79, i32 220, i32 34, i32 42, i32 144, i32 136, i32 70, i32 238, i32 184, i32 20, i32 222, i32 94, i32 11, i32 219, i32 224, i32 50, i32 58, i32 10, i32 73, i32 6, i32 36, i32 92, i32 194, i32 211, i32 172, i32 98, i32 145, i32 149, i32 228, i32 121, i32 231, i32 200, i32 55, i32 109, i32 141, i32 213, i32 78, i32 169, i32 108, i32 86, i32 244, i32 234, i32 101, i32 122, i32 174, i32 8, i32 186, i32 120, i32 37, i32 46, i32 28, i32 166, i32 180, i32 198, i32 232, i32 221, i32 116, i32 31, i32 75, i32 189, i32 139, i32 138, i32 112, i32 62, i32 181, i32 102, i32 72, i32 3, i32 246, i32 14, i32 97, i32 53, i32 87, i32 185, i32 134, i32 193, i32 29, i32 158, i32 225, i32 248, i32 152, i32 17, i32 105, i32 217, i32 142, i32 148, i32 155, i32 30, i32 135, i32 233, i32 206, i32 85, i32 40, i32 223, i32 140, i32 161, i32 137, i32 13, i32 191, i32 230, i32 66, i32 104, i32 65, i32 153, i32 45, i32 15, i32 176, i32 84, i32 187, i32 22, i8 %temp_2)

]]></Node>
<StgValue><ssdm name="tmp_87"/></StgValue>
</operation>

<operation id="144" st_id="13" stage="1" lat="1">
<core>NULL</core>
<MemPortIdVec></MemPortIdVec>
<condition id="113">
<or_exp><and_exp><literal name="tmp_2" val="1"/>
</and_exp></or_exp>
</condition>

<Node id="105" bw="8" op_0_bw="32">
<![CDATA[
_ifconv:31  %temp_1_1 = trunc i32 %tmp_87 to i8

]]></Node>
<StgValue><ssdm name="temp_1_1"/></StgValue>
</operation>

<operation id="145" st_id="13" stage="1" lat="2">
<core>ROM_nP</core>
<MemPortIdVec></MemPortIdVec>
<condition id="117">
<or_exp><and_exp><literal name="tmp_2" val="1"/>
</and_exp></or_exp>
</condition>

<Node id="113" bw="8" op_0_bw="8">
<![CDATA[
_ifconv:39  %Rcon_load = load i8* %Rcon_addr, align 1

]]></Node>
<StgValue><ssdm name="Rcon_load"/></StgValue>
</operation>

<operation id="146" st_id="13" stage="1" lat="1">
<core>LogicGate</core>
<MemPortIdVec></MemPortIdVec>
<condition id="115">
<or_exp><and_exp><literal name="tmp_2" val="1"/>
</and_exp></or_exp>
</condition>

<Node id="114" bw="8" op_0_bw="8" op_1_bw="8">
<![CDATA[
_ifconv:40  %temp_0 = xor i8 %Rcon_load, %tmp_108

]]></Node>
<StgValue><ssdm name="temp_0"/></StgValue>
</operation>

<operation id="147" st_id="13" stage="1" lat="1">
<core>Sel</core>
<MemPortIdVec></MemPortIdVec>
<condition id="82">
<or_exp><and_exp></and_exp></or_exp>
</condition>

<Node id="117" bw="8" op_0_bw="1" op_1_bw="8" op_2_bw="8">
<![CDATA[
_ifconv:43  %temp_1_2 = select i1 %tmp_2, i8 %temp_1_1, i8 %temp_1

]]></Node>
<StgValue><ssdm name="temp_1_2"/></StgValue>
</operation>

<operation id="148" st_id="13" stage="1" lat="1">
<core>Sel</core>
<MemPortIdVec></MemPortIdVec>
<condition id="82">
<or_exp><and_exp></and_exp></or_exp>
</condition>

<Node id="118" bw="8" op_0_bw="1" op_1_bw="8" op_2_bw="8">
<![CDATA[
_ifconv:44  %temp_0_2 = select i1 %tmp_2, i8 %temp_0, i8 %temp_0_3

]]></Node>
<StgValue><ssdm name="temp_0_2"/></StgValue>
</operation>

<operation id="149" st_id="13" stage="1" lat="2">
<core>RAM</core>
<MemPortIdVec></MemPortIdVec>
<condition id="82">
<or_exp><and_exp></and_exp></or_exp>
</condition>

<Node id="122" bw="32" op_0_bw="8">
<![CDATA[
_ifconv:48  %RoundKey_load_2 = load i32* %RoundKey_addr_51, align 4

]]></Node>
<StgValue><ssdm name="RoundKey_load_2"/></StgValue>
</operation>

<operation id="150" st_id="13" stage="1" lat="1">
<core>NULL</core>
<MemPortIdVec></MemPortIdVec>
<condition id="82">
<or_exp><and_exp></and_exp></or_exp>
</condition>

<Node id="123" bw="32" op_0_bw="8">
<![CDATA[
_ifconv:49  %tmp_18 = zext i8 %temp_0_2 to i32

]]></Node>
<StgValue><ssdm name="tmp_18"/></StgValue>
</operation>

<operation id="151" st_id="13" stage="1" lat="1">
<core>LogicGate</core>
<MemPortIdVec></MemPortIdVec>
<condition id="82">
<or_exp><and_exp></and_exp></or_exp>
</condition>

<Node id="124" bw="32" op_0_bw="32" op_1_bw="32">
<![CDATA[
_ifconv:50  %tmp_19 = xor i32 %RoundKey_load_2, %tmp_18

]]></Node>
<StgValue><ssdm name="tmp_19"/></StgValue>
</operation>

<operation id="152" st_id="13" stage="1" lat="2">
<core>RAM</core>
<MemPortIdVec></MemPortIdVec>
<condition id="82">
<or_exp><and_exp></and_exp></or_exp>
</condition>

<Node id="130" bw="32" op_0_bw="8">
<![CDATA[
_ifconv:56  %RoundKey_load_3 = load i32* %RoundKey_addr_53, align 4

]]></Node>
<StgValue><ssdm name="RoundKey_load_3"/></StgValue>
</operation>

<operation id="153" st_id="13" stage="1" lat="1">
<core>NULL</core>
<MemPortIdVec></MemPortIdVec>
<condition id="82">
<or_exp><and_exp></and_exp></or_exp>
</condition>

<Node id="131" bw="32" op_0_bw="8">
<![CDATA[
_ifconv:57  %tmp_20 = zext i8 %temp_1_2 to i32

]]></Node>
<StgValue><ssdm name="tmp_20"/></StgValue>
</operation>

<operation id="154" st_id="13" stage="1" lat="1">
<core>LogicGate</core>
<MemPortIdVec></MemPortIdVec>
<condition id="82">
<or_exp><and_exp></and_exp></or_exp>
</condition>

<Node id="132" bw="32" op_0_bw="32" op_1_bw="32">
<![CDATA[
_ifconv:58  %tmp_21 = xor i32 %RoundKey_load_3, %tmp_20

]]></Node>
<StgValue><ssdm name="tmp_21"/></StgValue>
</operation>

<operation id="155" st_id="13" stage="1" lat="1">
<core>AddSub</core>
<MemPortIdVec></MemPortIdVec>
<condition id="82">
<or_exp><and_exp></and_exp></or_exp>
</condition>

<Node id="137" bw="8" op_0_bw="8" op_1_bw="8">
<![CDATA[
_ifconv:63  %sum2 = add i8 -14, %tmp_s

]]></Node>
<StgValue><ssdm name="sum2"/></StgValue>
</operation>

<operation id="156" st_id="13" stage="1" lat="1">
<core>NULL</core>
<MemPortIdVec></MemPortIdVec>
<condition id="82">
<or_exp><and_exp></and_exp></or_exp>
</condition>

<Node id="138" bw="32" op_0_bw="8">
<![CDATA[
_ifconv:64  %sum2_cast = zext i8 %sum2 to i32

]]></Node>
<StgValue><ssdm name="sum2_cast"/></StgValue>
</operation>

<operation id="157" st_id="13" stage="1" lat="1">
<core>NULL</core>
<MemPortIdVec></MemPortIdVec>
<condition id="82">
<or_exp><and_exp></and_exp></or_exp>
</condition>

<Node id="139" bw="8" op_0_bw="32" op_1_bw="32" op_2_bw="32">
<![CDATA[
_ifconv:65  %RoundKey_addr_55 = getelementptr [240 x i32]* %RoundKey, i32 0, i32 %sum2_cast

]]></Node>
<StgValue><ssdm name="RoundKey_addr_55"/></StgValue>
</operation>

<operation id="158" st_id="13" stage="2" lat="2">
<core>RAM</core>
<MemPortIdVec></MemPortIdVec>
<condition id="82">
<or_exp><and_exp></and_exp></or_exp>
</condition>

<Node id="140" bw="32" op_0_bw="8">
<![CDATA[
_ifconv:66  %RoundKey_load_4 = load i32* %RoundKey_addr_55, align 4

]]></Node>
<StgValue><ssdm name="RoundKey_load_4"/></StgValue>
</operation>

<operation id="159" st_id="13" stage="1" lat="1">
<core>AddSub</core>
<MemPortIdVec></MemPortIdVec>
<condition id="82">
<or_exp><and_exp></and_exp></or_exp>
</condition>

<Node id="147" bw="8" op_0_bw="8" op_1_bw="8">
<![CDATA[
_ifconv:73  %sum3 = add i8 -13, %tmp_s

]]></Node>
<StgValue><ssdm name="sum3"/></StgValue>
</operation>

<operation id="160" st_id="13" stage="1" lat="1">
<core>NULL</core>
<MemPortIdVec></MemPortIdVec>
<condition id="82">
<or_exp><and_exp></and_exp></or_exp>
</condition>

<Node id="148" bw="32" op_0_bw="8">
<![CDATA[
_ifconv:74  %sum3_cast = zext i8 %sum3 to i32

]]></Node>
<StgValue><ssdm name="sum3_cast"/></StgValue>
</operation>

<operation id="161" st_id="13" stage="1" lat="1">
<core>NULL</core>
<MemPortIdVec></MemPortIdVec>
<condition id="82">
<or_exp><and_exp></and_exp></or_exp>
</condition>

<Node id="149" bw="8" op_0_bw="32" op_1_bw="32" op_2_bw="32">
<![CDATA[
_ifconv:75  %RoundKey_addr_57 = getelementptr [240 x i32]* %RoundKey, i32 0, i32 %sum3_cast

]]></Node>
<StgValue><ssdm name="RoundKey_addr_57"/></StgValue>
</operation>

<operation id="162" st_id="13" stage="2" lat="2">
<core>RAM</core>
<MemPortIdVec></MemPortIdVec>
<condition id="82">
<or_exp><and_exp></and_exp></or_exp>
</condition>

<Node id="150" bw="32" op_0_bw="8">
<![CDATA[
_ifconv:76  %RoundKey_load_5 = load i32* %RoundKey_addr_57, align 4

]]></Node>
<StgValue><ssdm name="RoundKey_load_5"/></StgValue>
</operation>
</state>

<state id="14" st_id="14">

<operation id="163" st_id="14" stage="1" lat="1">
<core>NULL</core>
<MemPortIdVec></MemPortIdVec>
<condition id="83">
<or_exp><and_exp></and_exp></or_exp>
</condition>

<Node id="80" bw="32" op_0_bw="8">
<![CDATA[
_ifconv:6  %tmp_cast = zext i8 %tmp_s to i32

]]></Node>
<StgValue><ssdm name="tmp_cast"/></StgValue>
</operation>

<operation id="164" st_id="14" stage="1" lat="1">
<core>MuxnS</core>
<MemPortIdVec></MemPortIdVec>
<condition id="125">
<or_exp><and_exp><literal name="tmp_2" val="1"/>
</and_exp></or_exp>
</condition>

<Node id="106" bw="32" op_0_bw="32" op_1_bw="32" op_2_bw="32" op_3_bw="32" op_4_bw="32" op_5_bw="32" op_6_bw="32" op_7_bw="32" op_8_bw="32" op_9_bw="32" op_10_bw="32" op_11_bw="32" op_12_bw="32" op_13_bw="32" op_14_bw="32" op_15_bw="32" op_16_bw="32" op_17_bw="32" op_18_bw="32" op_19_bw="32" op_20_bw="32" op_21_bw="32" op_22_bw="32" op_23_bw="32" op_24_bw="32" op_25_bw="32" op_26_bw="32" op_27_bw="32" op_28_bw="32" op_29_bw="32" op_30_bw="32" op_31_bw="32" op_32_bw="32" op_33_bw="32" op_34_bw="32" op_35_bw="32" op_36_bw="32" op_37_bw="32" op_38_bw="32" op_39_bw="32" op_40_bw="32" op_41_bw="32" op_42_bw="32" op_43_bw="32" op_44_bw="32" op_45_bw="32" op_46_bw="32" op_47_bw="32" op_48_bw="32" op_49_bw="32" op_50_bw="32" op_51_bw="32" op_52_bw="32" op_53_bw="32" op_54_bw="32" op_55_bw="32" op_56_bw="32" op_57_bw="32" op_58_bw="32" op_59_bw="32" op_60_bw="32" op_61_bw="32" op_62_bw="32" op_63_bw="32" op_64_bw="32" op_65_bw="32" op_66_bw="32" op_67_bw="32" op_68_bw="32" op_69_bw="32" op_70_bw="32" op_71_bw="32" op_72_bw="32" op_73_bw="32" op_74_bw="32" op_75_bw="32" op_76_bw="32" op_77_bw="32" op_78_bw="32" op_79_bw="32" op_80_bw="32" op_81_bw="32" op_82_bw="32" op_83_bw="32" op_84_bw="32" op_85_bw="32" op_86_bw="32" op_87_bw="32" op_88_bw="32" op_89_bw="32" op_90_bw="32" op_91_bw="32" op_92_bw="32" op_93_bw="32" op_94_bw="32" op_95_bw="32" op_96_bw="32" op_97_bw="32" op_98_bw="32" op_99_bw="32" op_100_bw="32" op_101_bw="32" op_102_bw="32" op_103_bw="32" op_104_bw="32" op_105_bw="32" op_106_bw="32" op_107_bw="32" op_108_bw="32" op_109_bw="32" op_110_bw="32" op_111_bw="32" op_112_bw="32" op_113_bw="32" op_114_bw="32" op_115_bw="32" op_116_bw="32" op_117_bw="32" op_118_bw="32" op_119_bw="32" op_120_bw="32" op_121_bw="32" op_122_bw="32" op_123_bw="32" op_124_bw="32" op_125_bw="32" op_126_bw="32" op_127_bw="32" op_128_bw="32" op_129_bw="32" op_130_bw="32" op_131_bw="32" op_132_bw="32" op_133_bw="32" op_134_bw="32" op_135_bw="32" op_136_bw="32" op_137_bw="32" op_138_bw="32" op_139_bw="32" op_140_bw="32" op_141_bw="32" op_142_bw="32" op_143_bw="32" op_144_bw="32" op_145_bw="32" op_146_bw="32" op_147_bw="32" op_148_bw="32" op_149_bw="32" op_150_bw="32" op_151_bw="32" op_152_bw="32" op_153_bw="32" op_154_bw="32" op_155_bw="32" op_156_bw="32" op_157_bw="32" op_158_bw="32" op_159_bw="32" op_160_bw="32" op_161_bw="32" op_162_bw="32" op_163_bw="32" op_164_bw="32" op_165_bw="32" op_166_bw="32" op_167_bw="32" op_168_bw="32" op_169_bw="32" op_170_bw="32" op_171_bw="32" op_172_bw="32" op_173_bw="32" op_174_bw="32" op_175_bw="32" op_176_bw="32" op_177_bw="32" op_178_bw="32" op_179_bw="32" op_180_bw="32" op_181_bw="32" op_182_bw="32" op_183_bw="32" op_184_bw="32" op_185_bw="32" op_186_bw="32" op_187_bw="32" op_188_bw="32" op_189_bw="32" op_190_bw="32" op_191_bw="32" op_192_bw="32" op_193_bw="32" op_194_bw="32" op_195_bw="32" op_196_bw="32" op_197_bw="32" op_198_bw="32" op_199_bw="32" op_200_bw="32" op_201_bw="32" op_202_bw="32" op_203_bw="32" op_204_bw="32" op_205_bw="32" op_206_bw="32" op_207_bw="32" op_208_bw="32" op_209_bw="32" op_210_bw="32" op_211_bw="32" op_212_bw="32" op_213_bw="32" op_214_bw="32" op_215_bw="32" op_216_bw="32" op_217_bw="32" op_218_bw="32" op_219_bw="32" op_220_bw="32" op_221_bw="32" op_222_bw="32" op_223_bw="32" op_224_bw="32" op_225_bw="32" op_226_bw="32" op_227_bw="32" op_228_bw="32" op_229_bw="32" op_230_bw="32" op_231_bw="32" op_232_bw="32" op_233_bw="32" op_234_bw="32" op_235_bw="32" op_236_bw="32" op_237_bw="32" op_238_bw="32" op_239_bw="32" op_240_bw="32" op_241_bw="32" op_242_bw="32" op_243_bw="32" op_244_bw="32" op_245_bw="32" op_246_bw="32" op_247_bw="32" op_248_bw="32" op_249_bw="32" op_250_bw="32" op_251_bw="32" op_252_bw="32" op_253_bw="32" op_254_bw="32" op_255_bw="32" op_256_bw="32" op_257_bw="8">
<![CDATA[
_ifconv:32  %tmp_88 = call i32 @_ssdm_op_Mux.ap_auto.256i32.i8(i32 99, i32 124, i32 119, i32 123, i32 242, i32 107, i32 111, i32 197, i32 48, i32 1, i32 103, i32 43, i32 254, i32 215, i32 171, i32 118, i32 202, i32 130, i32 201, i32 125, i32 250, i32 89, i32 71, i32 240, i32 173, i32 212, i32 162, i32 175, i32 156, i32 164, i32 114, i32 192, i32 183, i32 253, i32 147, i32 38, i32 54, i32 63, i32 247, i32 204, i32 52, i32 165, i32 229, i32 241, i32 113, i32 216, i32 49, i32 21, i32 4, i32 199, i32 35, i32 195, i32 24, i32 150, i32 5, i32 154, i32 7, i32 18, i32 128, i32 226, i32 235, i32 39, i32 178, i32 117, i32 9, i32 131, i32 44, i32 26, i32 27, i32 110, i32 90, i32 160, i32 82, i32 59, i32 214, i32 179, i32 41, i32 227, i32 47, i32 132, i32 83, i32 209, i32 0, i32 237, i32 32, i32 252, i32 177, i32 91, i32 106, i32 203, i32 190, i32 57, i32 74, i32 76, i32 88, i32 207, i32 208, i32 239, i32 170, i32 251, i32 67, i32 77, i32 51, i32 133, i32 69, i32 249, i32 2, i32 127, i32 80, i32 60, i32 159, i32 168, i32 81, i32 163, i32 64, i32 143, i32 146, i32 157, i32 56, i32 245, i32 188, i32 182, i32 218, i32 33, i32 16, i32 255, i32 243, i32 210, i32 205, i32 12, i32 19, i32 236, i32 95, i32 151, i32 68, i32 23, i32 196, i32 167, i32 126, i32 61, i32 100, i32 93, i32 25, i32 115, i32 96, i32 129, i32 79, i32 220, i32 34, i32 42, i32 144, i32 136, i32 70, i32 238, i32 184, i32 20, i32 222, i32 94, i32 11, i32 219, i32 224, i32 50, i32 58, i32 10, i32 73, i32 6, i32 36, i32 92, i32 194, i32 211, i32 172, i32 98, i32 145, i32 149, i32 228, i32 121, i32 231, i32 200, i32 55, i32 109, i32 141, i32 213, i32 78, i32 169, i32 108, i32 86, i32 244, i32 234, i32 101, i32 122, i32 174, i32 8, i32 186, i32 120, i32 37, i32 46, i32 28, i32 166, i32 180, i32 198, i32 232, i32 221, i32 116, i32 31, i32 75, i32 189, i32 139, i32 138, i32 112, i32 62, i32 181, i32 102, i32 72, i32 3, i32 246, i32 14, i32 97, i32 53, i32 87, i32 185, i32 134, i32 193, i32 29, i32 158, i32 225, i32 248, i32 152, i32 17, i32 105, i32 217, i32 142, i32 148, i32 155, i32 30, i32 135, i32 233, i32 206, i32 85, i32 40, i32 223, i32 140, i32 161, i32 137, i32 13, i32 191, i32 230, i32 66, i32 104, i32 65, i32 153, i32 45, i32 15, i32 176, i32 84, i32 187, i32 22, i8 %temp_3)

]]></Node>
<StgValue><ssdm name="tmp_88"/></StgValue>
</operation>

<operation id="165" st_id="14" stage="1" lat="1">
<core>NULL</core>
<MemPortIdVec></MemPortIdVec>
<condition id="124">
<or_exp><and_exp><literal name="tmp_2" val="1"/>
</and_exp></or_exp>
</condition>

<Node id="107" bw="8" op_0_bw="32">
<![CDATA[
_ifconv:33  %temp_2_1 = trunc i32 %tmp_88 to i8

]]></Node>
<StgValue><ssdm name="temp_2_1"/></StgValue>
</operation>

<operation id="166" st_id="14" stage="1" lat="1">
<core>MuxnS</core>
<MemPortIdVec></MemPortIdVec>
<condition id="123">
<or_exp><and_exp><literal name="tmp_2" val="1"/>
</and_exp></or_exp>
</condition>

<Node id="108" bw="32" op_0_bw="32" op_1_bw="32" op_2_bw="32" op_3_bw="32" op_4_bw="32" op_5_bw="32" op_6_bw="32" op_7_bw="32" op_8_bw="32" op_9_bw="32" op_10_bw="32" op_11_bw="32" op_12_bw="32" op_13_bw="32" op_14_bw="32" op_15_bw="32" op_16_bw="32" op_17_bw="32" op_18_bw="32" op_19_bw="32" op_20_bw="32" op_21_bw="32" op_22_bw="32" op_23_bw="32" op_24_bw="32" op_25_bw="32" op_26_bw="32" op_27_bw="32" op_28_bw="32" op_29_bw="32" op_30_bw="32" op_31_bw="32" op_32_bw="32" op_33_bw="32" op_34_bw="32" op_35_bw="32" op_36_bw="32" op_37_bw="32" op_38_bw="32" op_39_bw="32" op_40_bw="32" op_41_bw="32" op_42_bw="32" op_43_bw="32" op_44_bw="32" op_45_bw="32" op_46_bw="32" op_47_bw="32" op_48_bw="32" op_49_bw="32" op_50_bw="32" op_51_bw="32" op_52_bw="32" op_53_bw="32" op_54_bw="32" op_55_bw="32" op_56_bw="32" op_57_bw="32" op_58_bw="32" op_59_bw="32" op_60_bw="32" op_61_bw="32" op_62_bw="32" op_63_bw="32" op_64_bw="32" op_65_bw="32" op_66_bw="32" op_67_bw="32" op_68_bw="32" op_69_bw="32" op_70_bw="32" op_71_bw="32" op_72_bw="32" op_73_bw="32" op_74_bw="32" op_75_bw="32" op_76_bw="32" op_77_bw="32" op_78_bw="32" op_79_bw="32" op_80_bw="32" op_81_bw="32" op_82_bw="32" op_83_bw="32" op_84_bw="32" op_85_bw="32" op_86_bw="32" op_87_bw="32" op_88_bw="32" op_89_bw="32" op_90_bw="32" op_91_bw="32" op_92_bw="32" op_93_bw="32" op_94_bw="32" op_95_bw="32" op_96_bw="32" op_97_bw="32" op_98_bw="32" op_99_bw="32" op_100_bw="32" op_101_bw="32" op_102_bw="32" op_103_bw="32" op_104_bw="32" op_105_bw="32" op_106_bw="32" op_107_bw="32" op_108_bw="32" op_109_bw="32" op_110_bw="32" op_111_bw="32" op_112_bw="32" op_113_bw="32" op_114_bw="32" op_115_bw="32" op_116_bw="32" op_117_bw="32" op_118_bw="32" op_119_bw="32" op_120_bw="32" op_121_bw="32" op_122_bw="32" op_123_bw="32" op_124_bw="32" op_125_bw="32" op_126_bw="32" op_127_bw="32" op_128_bw="32" op_129_bw="32" op_130_bw="32" op_131_bw="32" op_132_bw="32" op_133_bw="32" op_134_bw="32" op_135_bw="32" op_136_bw="32" op_137_bw="32" op_138_bw="32" op_139_bw="32" op_140_bw="32" op_141_bw="32" op_142_bw="32" op_143_bw="32" op_144_bw="32" op_145_bw="32" op_146_bw="32" op_147_bw="32" op_148_bw="32" op_149_bw="32" op_150_bw="32" op_151_bw="32" op_152_bw="32" op_153_bw="32" op_154_bw="32" op_155_bw="32" op_156_bw="32" op_157_bw="32" op_158_bw="32" op_159_bw="32" op_160_bw="32" op_161_bw="32" op_162_bw="32" op_163_bw="32" op_164_bw="32" op_165_bw="32" op_166_bw="32" op_167_bw="32" op_168_bw="32" op_169_bw="32" op_170_bw="32" op_171_bw="32" op_172_bw="32" op_173_bw="32" op_174_bw="32" op_175_bw="32" op_176_bw="32" op_177_bw="32" op_178_bw="32" op_179_bw="32" op_180_bw="32" op_181_bw="32" op_182_bw="32" op_183_bw="32" op_184_bw="32" op_185_bw="32" op_186_bw="32" op_187_bw="32" op_188_bw="32" op_189_bw="32" op_190_bw="32" op_191_bw="32" op_192_bw="32" op_193_bw="32" op_194_bw="32" op_195_bw="32" op_196_bw="32" op_197_bw="32" op_198_bw="32" op_199_bw="32" op_200_bw="32" op_201_bw="32" op_202_bw="32" op_203_bw="32" op_204_bw="32" op_205_bw="32" op_206_bw="32" op_207_bw="32" op_208_bw="32" op_209_bw="32" op_210_bw="32" op_211_bw="32" op_212_bw="32" op_213_bw="32" op_214_bw="32" op_215_bw="32" op_216_bw="32" op_217_bw="32" op_218_bw="32" op_219_bw="32" op_220_bw="32" op_221_bw="32" op_222_bw="32" op_223_bw="32" op_224_bw="32" op_225_bw="32" op_226_bw="32" op_227_bw="32" op_228_bw="32" op_229_bw="32" op_230_bw="32" op_231_bw="32" op_232_bw="32" op_233_bw="32" op_234_bw="32" op_235_bw="32" op_236_bw="32" op_237_bw="32" op_238_bw="32" op_239_bw="32" op_240_bw="32" op_241_bw="32" op_242_bw="32" op_243_bw="32" op_244_bw="32" op_245_bw="32" op_246_bw="32" op_247_bw="32" op_248_bw="32" op_249_bw="32" op_250_bw="32" op_251_bw="32" op_252_bw="32" op_253_bw="32" op_254_bw="32" op_255_bw="32" op_256_bw="32" op_257_bw="8">
<![CDATA[
_ifconv:34  %tmp_89 = call i32 @_ssdm_op_Mux.ap_auto.256i32.i8(i32 99, i32 124, i32 119, i32 123, i32 242, i32 107, i32 111, i32 197, i32 48, i32 1, i32 103, i32 43, i32 254, i32 215, i32 171, i32 118, i32 202, i32 130, i32 201, i32 125, i32 250, i32 89, i32 71, i32 240, i32 173, i32 212, i32 162, i32 175, i32 156, i32 164, i32 114, i32 192, i32 183, i32 253, i32 147, i32 38, i32 54, i32 63, i32 247, i32 204, i32 52, i32 165, i32 229, i32 241, i32 113, i32 216, i32 49, i32 21, i32 4, i32 199, i32 35, i32 195, i32 24, i32 150, i32 5, i32 154, i32 7, i32 18, i32 128, i32 226, i32 235, i32 39, i32 178, i32 117, i32 9, i32 131, i32 44, i32 26, i32 27, i32 110, i32 90, i32 160, i32 82, i32 59, i32 214, i32 179, i32 41, i32 227, i32 47, i32 132, i32 83, i32 209, i32 0, i32 237, i32 32, i32 252, i32 177, i32 91, i32 106, i32 203, i32 190, i32 57, i32 74, i32 76, i32 88, i32 207, i32 208, i32 239, i32 170, i32 251, i32 67, i32 77, i32 51, i32 133, i32 69, i32 249, i32 2, i32 127, i32 80, i32 60, i32 159, i32 168, i32 81, i32 163, i32 64, i32 143, i32 146, i32 157, i32 56, i32 245, i32 188, i32 182, i32 218, i32 33, i32 16, i32 255, i32 243, i32 210, i32 205, i32 12, i32 19, i32 236, i32 95, i32 151, i32 68, i32 23, i32 196, i32 167, i32 126, i32 61, i32 100, i32 93, i32 25, i32 115, i32 96, i32 129, i32 79, i32 220, i32 34, i32 42, i32 144, i32 136, i32 70, i32 238, i32 184, i32 20, i32 222, i32 94, i32 11, i32 219, i32 224, i32 50, i32 58, i32 10, i32 73, i32 6, i32 36, i32 92, i32 194, i32 211, i32 172, i32 98, i32 145, i32 149, i32 228, i32 121, i32 231, i32 200, i32 55, i32 109, i32 141, i32 213, i32 78, i32 169, i32 108, i32 86, i32 244, i32 234, i32 101, i32 122, i32 174, i32 8, i32 186, i32 120, i32 37, i32 46, i32 28, i32 166, i32 180, i32 198, i32 232, i32 221, i32 116, i32 31, i32 75, i32 189, i32 139, i32 138, i32 112, i32 62, i32 181, i32 102, i32 72, i32 3, i32 246, i32 14, i32 97, i32 53, i32 87, i32 185, i32 134, i32 193, i32 29, i32 158, i32 225, i32 248, i32 152, i32 17, i32 105, i32 217, i32 142, i32 148, i32 155, i32 30, i32 135, i32 233, i32 206, i32 85, i32 40, i32 223, i32 140, i32 161, i32 137, i32 13, i32 191, i32 230, i32 66, i32 104, i32 65, i32 153, i32 45, i32 15, i32 176, i32 84, i32 187, i32 22, i8 %temp_0_3)

]]></Node>
<StgValue><ssdm name="tmp_89"/></StgValue>
</operation>

<operation id="167" st_id="14" stage="1" lat="1">
<core>NULL</core>
<MemPortIdVec></MemPortIdVec>
<condition id="122">
<or_exp><and_exp><literal name="tmp_2" val="1"/>
</and_exp></or_exp>
</condition>

<Node id="109" bw="8" op_0_bw="32">
<![CDATA[
_ifconv:35  %temp_3_1 = trunc i32 %tmp_89 to i8

]]></Node>
<StgValue><ssdm name="temp_3_1"/></StgValue>
</operation>

<operation id="168" st_id="14" stage="1" lat="1">
<core>Sel</core>
<MemPortIdVec></MemPortIdVec>
<condition id="83">
<or_exp><and_exp></and_exp></or_exp>
</condition>

<Node id="115" bw="8" op_0_bw="1" op_1_bw="8" op_2_bw="8">
<![CDATA[
_ifconv:41  %temp_3_2 = select i1 %tmp_2, i8 %temp_3_1, i8 %temp_3

]]></Node>
<StgValue><ssdm name="temp_3_2"/></StgValue>
</operation>

<operation id="169" st_id="14" stage="1" lat="1">
<core>Sel</core>
<MemPortIdVec></MemPortIdVec>
<condition id="83">
<or_exp><and_exp></and_exp></or_exp>
</condition>

<Node id="116" bw="8" op_0_bw="1" op_1_bw="8" op_2_bw="8">
<![CDATA[
_ifconv:42  %temp_2_2 = select i1 %tmp_2, i8 %temp_2_1, i8 %temp_2

]]></Node>
<StgValue><ssdm name="temp_2_2"/></StgValue>
</operation>

<operation id="170" st_id="14" stage="1" lat="1">
<core>NULL</core>
<MemPortIdVec></MemPortIdVec>
<condition id="83">
<or_exp><and_exp></and_exp></or_exp>
</condition>

<Node id="125" bw="8" op_0_bw="32" op_1_bw="32" op_2_bw="32">
<![CDATA[
_ifconv:51  %RoundKey_addr_52 = getelementptr [240 x i32]* %RoundKey, i32 0, i32 %tmp_cast

]]></Node>
<StgValue><ssdm name="RoundKey_addr_52"/></StgValue>
</operation>

<operation id="171" st_id="14" stage="1" lat="1">
<core>RAM</core>
<MemPortIdVec></MemPortIdVec>
<condition id="83">
<or_exp><and_exp></and_exp></or_exp>
</condition>

<Node id="126" bw="0" op_0_bw="32" op_1_bw="8">
<![CDATA[
_ifconv:52  store i32 %tmp_19, i32* %RoundKey_addr_52, align 4

]]></Node>
<StgValue><ssdm name=""/></StgValue>
</operation>

<operation id="172" st_id="14" stage="1" lat="1">
<core>NULL</core>
<MemPortIdVec></MemPortIdVec>
<condition id="83">
<or_exp><and_exp></and_exp></or_exp>
</condition>

<Node id="133" bw="8" op_0_bw="8" op_1_bw="8">
<![CDATA[
_ifconv:59  %tmp_22 = or i8 %tmp_s, 1

]]></Node>
<StgValue><ssdm name="tmp_22"/></StgValue>
</operation>

<operation id="173" st_id="14" stage="1" lat="1">
<core>NULL</core>
<MemPortIdVec></MemPortIdVec>
<condition id="83">
<or_exp><and_exp></and_exp></or_exp>
</condition>

<Node id="134" bw="32" op_0_bw="8">
<![CDATA[
_ifconv:60  %tmp_22_cast = zext i8 %tmp_22 to i32

]]></Node>
<StgValue><ssdm name="tmp_22_cast"/></StgValue>
</operation>

<operation id="174" st_id="14" stage="1" lat="1">
<core>NULL</core>
<MemPortIdVec></MemPortIdVec>
<condition id="83">
<or_exp><and_exp></and_exp></or_exp>
</condition>

<Node id="135" bw="8" op_0_bw="32" op_1_bw="32" op_2_bw="32">
<![CDATA[
_ifconv:61  %RoundKey_addr_54 = getelementptr [240 x i32]* %RoundKey, i32 0, i32 %tmp_22_cast

]]></Node>
<StgValue><ssdm name="RoundKey_addr_54"/></StgValue>
</operation>

<operation id="175" st_id="14" stage="1" lat="1">
<core>RAM</core>
<MemPortIdVec></MemPortIdVec>
<condition id="83">
<or_exp><and_exp></and_exp></or_exp>
</condition>

<Node id="136" bw="0" op_0_bw="32" op_1_bw="8">
<![CDATA[
_ifconv:62  store i32 %tmp_21, i32* %RoundKey_addr_54, align 4

]]></Node>
<StgValue><ssdm name=""/></StgValue>
</operation>

<operation id="176" st_id="14" stage="1" lat="2">
<core>RAM</core>
<MemPortIdVec></MemPortIdVec>
<condition id="83">
<or_exp><and_exp></and_exp></or_exp>
</condition>

<Node id="140" bw="32" op_0_bw="8">
<![CDATA[
_ifconv:66  %RoundKey_load_4 = load i32* %RoundKey_addr_55, align 4

]]></Node>
<StgValue><ssdm name="RoundKey_load_4"/></StgValue>
</operation>

<operation id="177" st_id="14" stage="1" lat="1">
<core>NULL</core>
<MemPortIdVec></MemPortIdVec>
<condition id="83">
<or_exp><and_exp></and_exp></or_exp>
</condition>

<Node id="141" bw="32" op_0_bw="8">
<![CDATA[
_ifconv:67  %tmp_23 = zext i8 %temp_2_2 to i32

]]></Node>
<StgValue><ssdm name="tmp_23"/></StgValue>
</operation>

<operation id="178" st_id="14" stage="1" lat="1">
<core>LogicGate</core>
<MemPortIdVec></MemPortIdVec>
<condition id="83">
<or_exp><and_exp></and_exp></or_exp>
</condition>

<Node id="142" bw="32" op_0_bw="32" op_1_bw="32">
<![CDATA[
_ifconv:68  %tmp_24 = xor i32 %RoundKey_load_4, %tmp_23

]]></Node>
<StgValue><ssdm name="tmp_24"/></StgValue>
</operation>

<operation id="179" st_id="14" stage="1" lat="2">
<core>RAM</core>
<MemPortIdVec></MemPortIdVec>
<condition id="83">
<or_exp><and_exp></and_exp></or_exp>
</condition>

<Node id="150" bw="32" op_0_bw="8">
<![CDATA[
_ifconv:76  %RoundKey_load_5 = load i32* %RoundKey_addr_57, align 4

]]></Node>
<StgValue><ssdm name="RoundKey_load_5"/></StgValue>
</operation>

<operation id="180" st_id="14" stage="1" lat="1">
<core>NULL</core>
<MemPortIdVec></MemPortIdVec>
<condition id="83">
<or_exp><and_exp></and_exp></or_exp>
</condition>

<Node id="151" bw="32" op_0_bw="8">
<![CDATA[
_ifconv:77  %tmp_26 = zext i8 %temp_3_2 to i32

]]></Node>
<StgValue><ssdm name="tmp_26"/></StgValue>
</operation>

<operation id="181" st_id="14" stage="1" lat="1">
<core>LogicGate</core>
<MemPortIdVec></MemPortIdVec>
<condition id="83">
<or_exp><and_exp></and_exp></or_exp>
</condition>

<Node id="152" bw="32" op_0_bw="32" op_1_bw="32">
<![CDATA[
_ifconv:78  %tmp_27 = xor i32 %RoundKey_load_5, %tmp_26

]]></Node>
<StgValue><ssdm name="tmp_27"/></StgValue>
</operation>
</state>

<state id="15" st_id="15">

<operation id="182" st_id="15" stage="1" lat="1">
<core>NULL</core>
<MemPortIdVec></MemPortIdVec>
<condition id="84">
<or_exp><and_exp></and_exp></or_exp>
</condition>

<Node id="75" bw="32" op_0_bw="32" op_1_bw="64" op_2_bw="64" op_3_bw="64">
<![CDATA[
_ifconv:1  %empty = call i32 (...)* @_ssdm_op_SpecLoopTripCount(i64 40, i64 40, i64 40)

]]></Node>
<StgValue><ssdm name="empty"/></StgValue>
</operation>

<operation id="183" st_id="15" stage="1" lat="1">
<core>NULL</core>
<MemPortIdVec></MemPortIdVec>
<condition id="84">
<or_exp><and_exp></and_exp></or_exp>
</condition>

<Node id="76" bw="0" op_0_bw="0" op_1_bw="0">
<![CDATA[
_ifconv:2  call void (...)* @_ssdm_op_SpecLoopName([20 x i8]* @p_str3) nounwind

]]></Node>
<StgValue><ssdm name=""/></StgValue>
</operation>

<operation id="184" st_id="15" stage="1" lat="1">
<core>NULL</core>
<MemPortIdVec></MemPortIdVec>
<condition id="84">
<or_exp><and_exp></and_exp></or_exp>
</condition>

<Node id="77" bw="32" op_0_bw="32" op_1_bw="0">
<![CDATA[
_ifconv:3  %tmp = call i32 (...)* @_ssdm_op_SpecRegionBegin([20 x i8]* @p_str3)

]]></Node>
<StgValue><ssdm name="tmp"/></StgValue>
</operation>

<operation id="185" st_id="15" stage="1" lat="1">
<core>NULL</core>
<MemPortIdVec></MemPortIdVec>
<condition id="84">
<or_exp><and_exp></and_exp></or_exp>
</condition>

<Node id="78" bw="0" op_0_bw="0" op_1_bw="32" op_2_bw="32" op_3_bw="32" op_4_bw="32" op_5_bw="0">
<![CDATA[
_ifconv:4  call void (...)* @_ssdm_op_SpecPipeline(i32 -1, i32 1, i32 1, i32 0, [1 x i8]* @p_str1) nounwind

]]></Node>
<StgValue><ssdm name=""/></StgValue>
</operation>

<operation id="186" st_id="15" stage="1" lat="1">
<core>NULL</core>
<MemPortIdVec></MemPortIdVec>
<condition id="84">
<or_exp><and_exp></and_exp></or_exp>
</condition>

<Node id="143" bw="8" op_0_bw="8" op_1_bw="8">
<![CDATA[
_ifconv:69  %tmp_25 = or i8 %tmp_s, 2

]]></Node>
<StgValue><ssdm name="tmp_25"/></StgValue>
</operation>

<operation id="187" st_id="15" stage="1" lat="1">
<core>NULL</core>
<MemPortIdVec></MemPortIdVec>
<condition id="84">
<or_exp><and_exp></and_exp></or_exp>
</condition>

<Node id="144" bw="32" op_0_bw="8">
<![CDATA[
_ifconv:70  %tmp_25_cast = zext i8 %tmp_25 to i32

]]></Node>
<StgValue><ssdm name="tmp_25_cast"/></StgValue>
</operation>

<operation id="188" st_id="15" stage="1" lat="1">
<core>NULL</core>
<MemPortIdVec></MemPortIdVec>
<condition id="84">
<or_exp><and_exp></and_exp></or_exp>
</condition>

<Node id="145" bw="8" op_0_bw="32" op_1_bw="32" op_2_bw="32">
<![CDATA[
_ifconv:71  %RoundKey_addr_56 = getelementptr [240 x i32]* %RoundKey, i32 0, i32 %tmp_25_cast

]]></Node>
<StgValue><ssdm name="RoundKey_addr_56"/></StgValue>
</operation>

<operation id="189" st_id="15" stage="1" lat="1">
<core>RAM</core>
<MemPortIdVec></MemPortIdVec>
<condition id="84">
<or_exp><and_exp></and_exp></or_exp>
</condition>

<Node id="146" bw="0" op_0_bw="32" op_1_bw="8">
<![CDATA[
_ifconv:72  store i32 %tmp_24, i32* %RoundKey_addr_56, align 4

]]></Node>
<StgValue><ssdm name=""/></StgValue>
</operation>

<operation id="190" st_id="15" stage="1" lat="1">
<core>NULL</core>
<MemPortIdVec></MemPortIdVec>
<condition id="84">
<or_exp><and_exp></and_exp></or_exp>
</condition>

<Node id="153" bw="8" op_0_bw="8" op_1_bw="8">
<![CDATA[
_ifconv:79  %tmp_28 = or i8 %tmp_s, 3

]]></Node>
<StgValue><ssdm name="tmp_28"/></StgValue>
</operation>

<operation id="191" st_id="15" stage="1" lat="1">
<core>NULL</core>
<MemPortIdVec></MemPortIdVec>
<condition id="84">
<or_exp><and_exp></and_exp></or_exp>
</condition>

<Node id="154" bw="32" op_0_bw="8">
<![CDATA[
_ifconv:80  %tmp_28_cast = zext i8 %tmp_28 to i32

]]></Node>
<StgValue><ssdm name="tmp_28_cast"/></StgValue>
</operation>

<operation id="192" st_id="15" stage="1" lat="1">
<core>NULL</core>
<MemPortIdVec></MemPortIdVec>
<condition id="84">
<or_exp><and_exp></and_exp></or_exp>
</condition>

<Node id="155" bw="8" op_0_bw="32" op_1_bw="32" op_2_bw="32">
<![CDATA[
_ifconv:81  %RoundKey_addr_58 = getelementptr [240 x i32]* %RoundKey, i32 0, i32 %tmp_28_cast

]]></Node>
<StgValue><ssdm name="RoundKey_addr_58"/></StgValue>
</operation>

<operation id="193" st_id="15" stage="1" lat="1">
<core>RAM</core>
<MemPortIdVec></MemPortIdVec>
<condition id="84">
<or_exp><and_exp></and_exp></or_exp>
</condition>

<Node id="156" bw="0" op_0_bw="32" op_1_bw="8">
<![CDATA[
_ifconv:82  store i32 %tmp_27, i32* %RoundKey_addr_58, align 4

]]></Node>
<StgValue><ssdm name=""/></StgValue>
</operation>

<operation id="194" st_id="15" stage="1" lat="1">
<core>NULL</core>
<MemPortIdVec></MemPortIdVec>
<condition id="84">
<or_exp><and_exp></and_exp></or_exp>
</condition>

<Node id="158" bw="32" op_0_bw="32" op_1_bw="0" op_2_bw="32">
<![CDATA[
_ifconv:84  %empty_47 = call i32 (...)* @_ssdm_op_SpecRegionEnd([20 x i8]* @p_str3, i32 %tmp)

]]></Node>
<StgValue><ssdm name="empty_47"/></StgValue>
</operation>

<operation id="195" st_id="15" stage="1" lat="1">
<core>NULL</core>
<MemPortIdVec></MemPortIdVec>
<condition id="84">
<or_exp><and_exp></and_exp></or_exp>
</condition>

<Node id="159" bw="0" op_0_bw="0">
<![CDATA[
_ifconv:85  br label %.preheader

]]></Node>
<StgValue><ssdm name=""/></StgValue>
</operation>
</state>

<state id="16" st_id="16">

<operation id="196" st_id="16" stage="1" lat="1">
<core>NULL</core>
<MemPortIdVec></MemPortIdVec>
<condition id="85">
<or_exp><and_exp></and_exp></or_exp>
</condition>

<Node id="161" bw="0">
<![CDATA[
:0  ret void

]]></Node>
<StgValue><ssdm name=""/></StgValue>
</operation>
</state>
</state_list>


<ports>
</ports>


<dataflows>
</dataflows>


</stg>
