<profile>

<section name = "Vivado HLS Report for 'KeySchedule'" level="0">
<item name = "Date">Fri Apr  6 15:28:25 2018
</item>
<item name = "Version">2017.2 (Build 1909853 on Thu Jun 15 18:55:24 MDT 2017)</item>
<item name = "Project">trito</item>
<item name = "Solution">solution1</item>
<item name = "Product family">zynquplus</item>
<item name = "Target device">xczu7eg-ffvf1517-2-e</item>
</section>

<section name = "Performance Estimates" level="0">
<item name = "Timing (ns)">
<section name = "" level="1">
<item name = "Summary"><table name="" hasTotal="0">
<keys size="4">Clock, Target, Estimated, Uncertainty</keys>
<column name="ap_clk">10.00, 4.26, 1.25</column>
</table>
</item>
</section>
</item>
<item name = "Latency (clock cycles)">
<section name = "" level="1">
<item name = "Summary"><table name="" hasTotal="0">
<keys size="6">, min, max, min, max, Type</keys>
<column name="">562, 562, 562, 562, none</column>
</table>
</item>
<item name = "Detail">
<section name = "" level="1">
<item name = "Instance"><table name="" hasTotal="0">
<keys size="7">Instance, Module, min, max, min, max, Type</keys>
</table>
</item>
<item name = "Loop"><table name="" hasTotal="0">
<keys size="8">Loop Name, min, max, Latency, achieved, target, Count, Pipelined</keys>
<column name="- Loop 1">40, 40, 10, -, -, 4, no</column>
<column name=" + Loop 1.1">8, 8, 2, -, -, 4, no</column>
<column name="- Loop 2">520, 520, 13, -, -, 40, no</column>
<column name=" + Loop 2.1">8, 8, 2, -, -, 4, no</column>
</table>
</item>
</section>
</item>
</section>
</item>
</section>

<section name = "Utilization Estimates" level="0">
<item name = "Summary"><table name="" hasTotal="1">
<keys size="6">Name, BRAM_18K, DSP48E, FF, LUT, URAM</keys>
<column name="DSP">-, -, -, -, -</column>
<column name="Expression">-, -, 909, 537, -</column>
<column name="FIFO">-, -, -, -, -</column>
<column name="Instance">-, -, 84, 17, -</column>
<column name="Memory">1, -, 8, 4, -</column>
<column name="Multiplexer">-, -, -, 242, -</column>
<column name="Register">-, -, 333, -, -</column>
<specialColumn name="Available">624, 1728, 460800, 230400, 96</specialColumn>
<specialColumn name="Utilization (%)">~0, 0, ~0, ~0, 0</specialColumn>
</table>
</item>
<item name = "Detail">
<section name = "" level="1">
<item name = "Instance"><table name="" hasTotal="1">
<keys size="6">Instance, Module, BRAM_18K, DSP48E, FF, LUT</keys>
<column name="aes_main_mux_42_3bkb_U0">aes_main_mux_42_3bkb, 0, 0, 84, 17</column>
</table>
</item>
<item name = "DSP48"><table name="" hasTotal="0">
<keys size="3">Instance, Module, Expression</keys>
</table>
</item>
<item name = "Memory"><table name="" hasTotal="1">
<keys size="9">Memory, Module, BRAM_18K, FF, LUT, Words, Bits, Banks, W*Bits*Banks</keys>
<column name="Rcon0_U">KeySchedule_Rcon0, 0, 8, 4, 30, 8, 1, 240</column>
<column name="Sbox_U">KeySchedule_Sbox, 1, 0, 0, 256, 8, 1, 2048</column>
</table>
</item>
<item name = "FIFO"><table name="" hasTotal="1">
<keys size="7">Name, BRAM_18K, FF, LUT, Depth, Bits, Size:D*B</keys>
</table>
</item>
<item name = "Expression"><table name="" hasTotal="1">
<keys size="7">Variable Name, Operation, DSP48E, FF, LUT, Bitwidth P0, Bitwidth P1</keys>
<column name="addconv_fu_700_p2">+, 0, 17, 10, 2, 4</column>
<column name="i_1_fu_452_p2">+, 0, 14, 9, 1, 3</column>
<column name="i_3_fu_947_p2">+, 0, 14, 9, 3, 1</column>
<column name="j_4_fu_361_p2">+, 0, 14, 9, 3, 1</column>
<column name="j_5_fu_971_p2">+, 0, 23, 12, 6, 1</column>
<column name="sum_fu_458_p2">+, 0, 17, 10, 4, 4</column>
<column name="tmp_33_fu_488_p2">+, 0, 23, 12, 2, 6</column>
<column name="tmp_35_fu_885_p2">+, 0, 23, 12, 6, 4</column>
<column name="tmp_55_fu_507_p2">+, 0, 29, 14, 7, 8</column>
<column name="tmp_56_fu_518_p2">+, 0, 32, 15, 8, 9</column>
<column name="tmp_57_fu_529_p2">+, 0, 32, 15, 9, 9</column>
<column name="tmp_67_fu_604_p2">+, 0, 35, 16, 10, 10</column>
<column name="tmp_76_fu_679_p2">+, 0, 35, 16, 10, 10</column>
<column name="tmp_84_fu_775_p2">+, 0, 35, 16, 10, 10</column>
<column name="tmp_92_fu_850_p2">+, 0, 35, 16, 10, 10</column>
<column name="tmp_96_fu_921_p2">+, 0, 35, 16, 10, 10</column>
<column name="tmp_97_fu_931_p2">+, 0, 35, 16, 10, 10</column>
<column name="grp_fu_303_p2">-, 0, 101, 38, 1, 32</column>
<column name="grp_fu_319_p2">-, 0, 23, 12, 1, 6</column>
<column name="grp_fu_333_p2">-, 0, 101, 38, 1, 32</column>
<column name="grp_fu_349_p2">-, 0, 23, 12, 1, 6</column>
<column name="tmp_48_fu_403_p2">-, 0, 38, 17, 11, 11</column>
<column name="tmp_62_fu_556_p2">-, 0, 35, 16, 1, 10</column>
<column name="tmp_72_fu_631_p2">-, 0, 35, 16, 1, 10</column>
<column name="tmp_82_fu_727_p2">-, 0, 35, 16, 1, 10</column>
<column name="tmp_95_fu_915_p2">-, 0, 35, 16, 10, 10</column>
<column name="tmp_98_fu_802_p2">-, 0, 35, 16, 1, 10</column>
<column name="exitcond1_fu_472_p2">icmp, 0, 0, 3, 6, 6</column>
<column name="exitcond2_fu_446_p2">icmp, 0, 0, 2, 3, 4</column>
<column name="exitcond3_fu_355_p2">icmp, 0, 0, 2, 3, 4</column>
<column name="exitcond_fu_941_p2">icmp, 0, 0, 2, 3, 4</column>
<column name="tmp_s_fu_482_p2">icmp, 0, 0, 1, 2, 1</column>
<column name="tmp_50_fu_413_p2">or, 0, 0, 3, 1, 3</column>
<column name="tmp_100_fu_816_p3">select, 0, 0, 10, 1, 10</column>
<column name="tmp_102_fu_834_p3">select, 0, 0, 6, 1, 6</column>
<column name="tmp_64_fu_570_p3">select, 0, 0, 10, 1, 10</column>
<column name="tmp_66_fu_588_p3">select, 0, 0, 6, 1, 6</column>
<column name="tmp_74_fu_645_p3">select, 0, 0, 10, 1, 10</column>
<column name="tmp_77_fu_663_p3">select, 0, 0, 6, 1, 6</column>
<column name="tmp_85_fu_741_p3">select, 0, 0, 10, 1, 10</column>
<column name="tmp_87_fu_759_p3">select, 0, 0, 6, 1, 6</column>
<column name="temp_0_fu_861_p2">xor, 0, 0, 8, 8, 8</column>
<column name="tmp_36_fu_977_p2">xor, 0, 0, 32, 32, 32</column>
</table>
</item>
<item name = "Multiplexer"><table name="" hasTotal="1">
<keys size="5">Name, LUT, Input Size, Bits, Total Bits</keys>
<column name="Sbox_address0">13, 3, 8, 24</column>
<column name="Sbox_address1">13, 3, 8, 24</column>
<column name="ap_NS_fsm">65, 13, 1, 13</column>
<column name="i_2_reg_284">9, 2, 3, 6</column>
<column name="i_reg_221">9, 2, 3, 6</column>
<column name="j_1_reg_232">9, 2, 6, 12</column>
<column name="j_reg_209">9, 2, 3, 6</column>
<column name="temp_02_reg_264">9, 2, 32, 64</column>
<column name="temp_12_reg_254">9, 2, 32, 64</column>
<column name="temp_22_reg_244">9, 2, 32, 64</column>
<column name="temp_3_reg_274">9, 2, 32, 64</column>
<column name="worda_address0">33, 7, 9, 63</column>
<column name="worda_address1">33, 6, 9, 54</column>
<column name="worda_d0">13, 3, 32, 96</column>
</table>
</item>
<item name = "Register"><table name="" hasTotal="1">
<keys size="5">Name, FF, LUT, Bits, Const Bits</keys>
<column name="Sbox_load_reg_1078">8, 0, 8, 0</column>
<column name="ap_CS_fsm">12, 0, 12, 0</column>
<column name="i_1_reg_1004">3, 0, 3, 0</column>
<column name="i_2_reg_284">3, 0, 3, 0</column>
<column name="i_3_reg_1121">3, 0, 3, 0</column>
<column name="i_reg_221">3, 0, 3, 0</column>
<column name="j_1_cast2_cast_reg_1014">6, 0, 10, 4</column>
<column name="j_1_reg_232">6, 0, 6, 0</column>
<column name="j_4_reg_986">3, 0, 3, 0</column>
<column name="j_reg_209">3, 0, 3, 0</column>
<column name="temp_02_reg_264">32, 0, 32, 0</column>
<column name="temp_0_1_reg_1048">32, 0, 32, 0</column>
<column name="temp_12_reg_254">32, 0, 32, 0</column>
<column name="temp_1_1_reg_1053">32, 0, 32, 0</column>
<column name="temp_1_reg_1088">8, 0, 8, 0</column>
<column name="temp_22_reg_244">32, 0, 32, 0</column>
<column name="temp_3_reg_274">32, 0, 32, 0</column>
<column name="tmp_13_reg_1126">32, 0, 32, 0</column>
<column name="tmp_52_cast_cast_reg_1103">6, 0, 10, 4</column>
<column name="tmp_reg_991">2, 0, 4, 2</column>
<column name="tmp_s_reg_1022">1, 0, 1, 0</column>
<column name="worda_addr_5_reg_1032">9, 0, 9, 0</column>
<column name="worda_addr_6_reg_1037">9, 0, 9, 0</column>
<column name="worda_addr_7_reg_1043">6, 0, 9, 3</column>
<column name="worda_addr_9_reg_1113">9, 0, 9, 0</column>
<column name="worda_addr_reg_996">9, 0, 9, 0</column>
</table>
</item>
</section>
</item>
</section>

<section name = "Interface" level="0">
<item name = "Summary"><table name="" hasTotal="0">
<keys size="6">RTL Ports, Dir, Bits, Protocol, Source Object, C Type</keys>
<column name="ap_clk">in, 1, ap_ctrl_hs, KeySchedule, return value</column>
<column name="ap_rst">in, 1, ap_ctrl_hs, KeySchedule, return value</column>
<column name="ap_start">in, 1, ap_ctrl_hs, KeySchedule, return value</column>
<column name="ap_done">out, 1, ap_ctrl_hs, KeySchedule, return value</column>
<column name="ap_idle">out, 1, ap_ctrl_hs, KeySchedule, return value</column>
<column name="ap_ready">out, 1, ap_ctrl_hs, KeySchedule, return value</column>
<column name="key_address0">out, 5, ap_memory, key, array</column>
<column name="key_ce0">out, 1, ap_memory, key, array</column>
<column name="key_q0">in, 32, ap_memory, key, array</column>
<column name="worda_address0">out, 9, ap_memory, worda, array</column>
<column name="worda_ce0">out, 1, ap_memory, worda, array</column>
<column name="worda_we0">out, 1, ap_memory, worda, array</column>
<column name="worda_d0">out, 32, ap_memory, worda, array</column>
<column name="worda_q0">in, 32, ap_memory, worda, array</column>
<column name="worda_address1">out, 9, ap_memory, worda, array</column>
<column name="worda_ce1">out, 1, ap_memory, worda, array</column>
<column name="worda_q1">in, 32, ap_memory, worda, array</column>
</table>
</item>
</section>
</profile>
