<stg><name>MixColumn_AddRoundKe</name>


<trans_list>

<trans id="172" from="1" to="2">
<condition id="17">
<or_exp><and_exp></and_exp></or_exp>
</condition>
</trans>

<trans id="173" from="2" to="3">
<condition id="18">
<or_exp><and_exp><literal name="exitcond1" val="0"/>
</and_exp></or_exp>
</condition>
</trans>

<trans id="178" from="2" to="6">
<condition id="25">
<or_exp><and_exp><literal name="exitcond1" val="1"/>
</and_exp></or_exp>
</condition>
</trans>

<trans id="175" from="3" to="4">
<condition id="20">
<or_exp><and_exp></and_exp></or_exp>
</condition>
</trans>

<trans id="176" from="4" to="5">
<condition id="21">
<or_exp><and_exp></and_exp></or_exp>
</condition>
</trans>

<trans id="177" from="5" to="2">
<condition id="23">
<or_exp><and_exp></and_exp></or_exp>
</condition>
</trans>

<trans id="179" from="6" to="7">
<condition id="26">
<or_exp><and_exp><literal name="exitcond" val="0"/>
</and_exp></or_exp>
</condition>
</trans>

<trans id="181" from="7" to="8">
<condition id="28">
<or_exp><and_exp></and_exp></or_exp>
</condition>
</trans>

<trans id="182" from="8" to="6">
<condition id="30">
<or_exp><and_exp></and_exp></or_exp>
</condition>
</trans>
</trans_list>



<state_list>

<state id="1" st_id="1">

<operation id="9" st_id="1" stage="1" lat="1">
<core>NULL</core>
<MemPortIdVec></MemPortIdVec>
<condition id="0">
<or_exp><and_exp></and_exp></or_exp>
</condition>

<Node id="4" bw="4" op_0_bw="4" op_1_bw="4">
<![CDATA[
:0  %n_read = call i4 @_ssdm_op_Read.ap_auto.i4(i4 %n)

]]></Node>
<StgValue><ssdm name="n_read"/></StgValue>
</operation>

<operation id="10" st_id="1" stage="1" lat="1">
<core>RAM</core>
<MemPortIdVec></MemPortIdVec>
<condition id="0">
<or_exp><and_exp></and_exp></or_exp>
</condition>

<Node id="5" bw="32" op_0_bw="32">
<![CDATA[
:1  %ret = alloca [32 x i32], align 4

]]></Node>
<StgValue><ssdm name="ret"/><MemPortTyVec>2 2 </MemPortTyVec>
</StgValue>
</operation>

<operation id="11" st_id="1" stage="1" lat="1">
<core>NULL</core>
<MemPortIdVec></MemPortIdVec>
<condition id="0">
<or_exp><and_exp></and_exp></or_exp>
</condition>

<Node id="6" bw="6" op_0_bw="6" op_1_bw="4" op_2_bw="2">
<![CDATA[
:2  %tmp = call i6 @_ssdm_op_BitConcatenate.i6.i4.i2(i4 %n_read, i2 0)

]]></Node>
<StgValue><ssdm name="tmp"/></StgValue>
</operation>

<operation id="12" st_id="1" stage="1" lat="1">
<core>NULL</core>
<MemPortIdVec></MemPortIdVec>
<condition id="0">
<or_exp><and_exp></and_exp></or_exp>
</condition>

<Node id="7" bw="0" op_0_bw="0">
<![CDATA[
:3  br label %1

]]></Node>
<StgValue><ssdm name=""/></StgValue>
</operation>
</state>

<state id="2" st_id="2">

<operation id="13" st_id="2" stage="1" lat="1">
<core>NULL</core>
<MemPortIdVec></MemPortIdVec>
<condition id="1">
<or_exp><and_exp></and_exp></or_exp>
</condition>

<Node id="9" bw="3" op_0_bw="3" op_1_bw="0">
<![CDATA[
:0  %j = phi i3 [ 0, %0 ], [ %j_3, %._crit_edge_ifconv ]

]]></Node>
<StgValue><ssdm name="j"/></StgValue>
</operation>

<operation id="14" st_id="2" stage="1" lat="1">
<core>NULL</core>
<MemPortIdVec></MemPortIdVec>
<condition id="1">
<or_exp><and_exp></and_exp></or_exp>
</condition>

<Node id="10" bw="6" op_0_bw="3">
<![CDATA[
:1  %j_cast1 = zext i3 %j to i6

]]></Node>
<StgValue><ssdm name="j_cast1"/></StgValue>
</operation>

<operation id="15" st_id="2" stage="1" lat="1">
<core>Cmp</core>
<MemPortIdVec></MemPortIdVec>
<condition id="1">
<or_exp><and_exp></and_exp></or_exp>
</condition>

<Node id="11" bw="1" op_0_bw="3" op_1_bw="3">
<![CDATA[
:2  %exitcond1 = icmp eq i3 %j, -4

]]></Node>
<StgValue><ssdm name="exitcond1"/></StgValue>
</operation>

<operation id="16" st_id="2" stage="1" lat="1">
<core>NULL</core>
<MemPortIdVec></MemPortIdVec>
<condition id="1">
<or_exp><and_exp></and_exp></or_exp>
</condition>

<Node id="12" bw="32" op_0_bw="32" op_1_bw="64" op_2_bw="64" op_3_bw="64">
<![CDATA[
:3  %empty = call i32 (...)* @_ssdm_op_SpecLoopTripCount(i64 4, i64 4, i64 4)

]]></Node>
<StgValue><ssdm name="empty"/></StgValue>
</operation>

<operation id="17" st_id="2" stage="1" lat="1">
<core>AddSub</core>
<MemPortIdVec></MemPortIdVec>
<condition id="1">
<or_exp><and_exp></and_exp></or_exp>
</condition>

<Node id="13" bw="3" op_0_bw="3" op_1_bw="3">
<![CDATA[
:4  %j_3 = add i3 %j, 1

]]></Node>
<StgValue><ssdm name="j_3"/></StgValue>
</operation>

<operation id="18" st_id="2" stage="1" lat="1">
<core>NULL</core>
<MemPortIdVec></MemPortIdVec>
<condition id="1">
<or_exp><and_exp></and_exp></or_exp>
</condition>

<Node id="14" bw="0" op_0_bw="1" op_1_bw="0" op_2_bw="0">
<![CDATA[
:5  br i1 %exitcond1, label %.preheader.preheader, label %._crit_edge_ifconv

]]></Node>
<StgValue><ssdm name=""/></StgValue>
</operation>

<operation id="19" st_id="2" stage="1" lat="1">
<core>NULL</core>
<MemPortIdVec></MemPortIdVec>
<condition id="3">
<or_exp><and_exp><literal name="exitcond1" val="0"/>
</and_exp></or_exp>
</condition>

<Node id="16" bw="2" op_0_bw="3">
<![CDATA[
._crit_edge_ifconv:0  %tmp_6 = trunc i3 %j to i2

]]></Node>
<StgValue><ssdm name="tmp_6"/></StgValue>
</operation>

<operation id="20" st_id="2" stage="1" lat="1">
<core>NULL</core>
<MemPortIdVec></MemPortIdVec>
<condition id="3">
<or_exp><and_exp><literal name="exitcond1" val="0"/>
</and_exp></or_exp>
</condition>

<Node id="17" bw="4" op_0_bw="4" op_1_bw="2" op_2_bw="2">
<![CDATA[
._crit_edge_ifconv:1  %tmp_5 = call i4 @_ssdm_op_BitConcatenate.i4.i2.i2(i2 %tmp_6, i2 0)

]]></Node>
<StgValue><ssdm name="tmp_5"/></StgValue>
</operation>

<operation id="21" st_id="2" stage="1" lat="1">
<core>NULL</core>
<MemPortIdVec></MemPortIdVec>
<condition id="3">
<or_exp><and_exp><literal name="exitcond1" val="0"/>
</and_exp></or_exp>
</condition>

<Node id="18" bw="32" op_0_bw="4">
<![CDATA[
._crit_edge_ifconv:2  %tmp_5_cast = zext i4 %tmp_5 to i32

]]></Node>
<StgValue><ssdm name="tmp_5_cast"/></StgValue>
</operation>

<operation id="22" st_id="2" stage="1" lat="1">
<core>NULL</core>
<MemPortIdVec></MemPortIdVec>
<condition id="3">
<or_exp><and_exp><literal name="exitcond1" val="0"/>
</and_exp></or_exp>
</condition>

<Node id="19" bw="5" op_0_bw="32" op_1_bw="32" op_2_bw="32">
<![CDATA[
._crit_edge_ifconv:3  %statemt_addr = getelementptr [32 x i32]* %statemt, i32 0, i32 %tmp_5_cast

]]></Node>
<StgValue><ssdm name="statemt_addr"/></StgValue>
</operation>

<operation id="23" st_id="2" stage="2" lat="2">
<core>RAM</core>
<MemPortIdVec>0 </MemPortIdVec>
<condition id="3">
<or_exp><and_exp><literal name="exitcond1" val="0"/>
</and_exp></or_exp>
</condition>

<Node id="20" bw="32" op_0_bw="5">
<![CDATA[
._crit_edge_ifconv:4  %x_6 = load i32* %statemt_addr, align 4

]]></Node>
<StgValue><ssdm name="x_6"/></StgValue>
</operation>

<operation id="24" st_id="2" stage="1" lat="1">
<core>NULL</core>
<MemPortIdVec></MemPortIdVec>
<condition id="3">
<or_exp><and_exp><literal name="exitcond1" val="0"/>
</and_exp></or_exp>
</condition>

<Node id="28" bw="4" op_0_bw="4" op_1_bw="4">
<![CDATA[
._crit_edge_ifconv:12  %tmp_9 = or i4 %tmp_5, 1

]]></Node>
<StgValue><ssdm name="tmp_9"/></StgValue>
</operation>

<operation id="25" st_id="2" stage="1" lat="1">
<core>NULL</core>
<MemPortIdVec></MemPortIdVec>
<condition id="3">
<or_exp><and_exp><literal name="exitcond1" val="0"/>
</and_exp></or_exp>
</condition>

<Node id="29" bw="32" op_0_bw="4">
<![CDATA[
._crit_edge_ifconv:13  %tmp_9_cast = zext i4 %tmp_9 to i32

]]></Node>
<StgValue><ssdm name="tmp_9_cast"/></StgValue>
</operation>

<operation id="26" st_id="2" stage="1" lat="1">
<core>NULL</core>
<MemPortIdVec></MemPortIdVec>
<condition id="3">
<or_exp><and_exp><literal name="exitcond1" val="0"/>
</and_exp></or_exp>
</condition>

<Node id="30" bw="5" op_0_bw="32" op_1_bw="32" op_2_bw="32">
<![CDATA[
._crit_edge_ifconv:14  %statemt_addr_1 = getelementptr [32 x i32]* %statemt, i32 0, i32 %tmp_9_cast

]]></Node>
<StgValue><ssdm name="statemt_addr_1"/></StgValue>
</operation>

<operation id="27" st_id="2" stage="2" lat="2">
<core>RAM</core>
<MemPortIdVec>1 </MemPortIdVec>
<condition id="3">
<or_exp><and_exp><literal name="exitcond1" val="0"/>
</and_exp></or_exp>
</condition>

<Node id="31" bw="32" op_0_bw="5">
<![CDATA[
._crit_edge_ifconv:15  %x = load i32* %statemt_addr_1, align 4

]]></Node>
<StgValue><ssdm name="x"/></StgValue>
</operation>

<operation id="28" st_id="2" stage="1" lat="1">
<core>AddSub</core>
<MemPortIdVec></MemPortIdVec>
<condition id="3">
<or_exp><and_exp><literal name="exitcond1" val="0"/>
</and_exp></or_exp>
</condition>

<Node id="47" bw="6" op_0_bw="6" op_1_bw="6">
<![CDATA[
._crit_edge_ifconv:31  %tmp_14 = add i6 %tmp, %j_cast1

]]></Node>
<StgValue><ssdm name="tmp_14"/></StgValue>
</operation>

<operation id="29" st_id="2" stage="1" lat="1">
<core>NULL</core>
<MemPortIdVec></MemPortIdVec>
<condition id="3">
<or_exp><and_exp><literal name="exitcond1" val="0"/>
</and_exp></or_exp>
</condition>

<Node id="48" bw="32" op_0_bw="6">
<![CDATA[
._crit_edge_ifconv:32  %tmp_16_cast = zext i6 %tmp_14 to i32

]]></Node>
<StgValue><ssdm name="tmp_16_cast"/></StgValue>
</operation>

<operation id="30" st_id="2" stage="1" lat="1">
<core>NULL</core>
<MemPortIdVec></MemPortIdVec>
<condition id="3">
<or_exp><and_exp><literal name="exitcond1" val="0"/>
</and_exp></or_exp>
</condition>

<Node id="50" bw="8" op_0_bw="6">
<![CDATA[
._crit_edge_ifconv:34  %tmp_16_cast_cast = zext i6 %tmp_14 to i8

]]></Node>
<StgValue><ssdm name="tmp_16_cast_cast"/></StgValue>
</operation>

<operation id="31" st_id="2" stage="1" lat="1">
<core>NULL</core>
<MemPortIdVec></MemPortIdVec>
<condition id="3">
<or_exp><and_exp><literal name="exitcond1" val="0"/>
</and_exp></or_exp>
</condition>

<Node id="51" bw="9" op_0_bw="32" op_1_bw="32" op_2_bw="32">
<![CDATA[
._crit_edge_ifconv:35  %worda_addr = getelementptr [480 x i32]* @worda, i32 0, i32 %tmp_16_cast

]]></Node>
<StgValue><ssdm name="worda_addr"/></StgValue>
</operation>

<operation id="32" st_id="2" stage="1" lat="1">
<core>AddSub</core>
<MemPortIdVec></MemPortIdVec>
<condition id="3">
<or_exp><and_exp><literal name="exitcond1" val="0"/>
</and_exp></or_exp>
</condition>

<Node id="52" bw="8" op_0_bw="8" op_1_bw="8">
<![CDATA[
._crit_edge_ifconv:36  %tmp_34 = add i8 120, %tmp_16_cast_cast

]]></Node>
<StgValue><ssdm name="tmp_34"/></StgValue>
</operation>

<operation id="33" st_id="2" stage="1" lat="1">
<core>NULL</core>
<MemPortIdVec></MemPortIdVec>
<condition id="3">
<or_exp><and_exp><literal name="exitcond1" val="0"/>
</and_exp></or_exp>
</condition>

<Node id="53" bw="32" op_0_bw="8">
<![CDATA[
._crit_edge_ifconv:37  %tmp_38_cast = zext i8 %tmp_34 to i32

]]></Node>
<StgValue><ssdm name="tmp_38_cast"/></StgValue>
</operation>

<operation id="34" st_id="2" stage="1" lat="1">
<core>NULL</core>
<MemPortIdVec></MemPortIdVec>
<condition id="3">
<or_exp><and_exp><literal name="exitcond1" val="0"/>
</and_exp></or_exp>
</condition>

<Node id="54" bw="9" op_0_bw="32" op_1_bw="32" op_2_bw="32">
<![CDATA[
._crit_edge_ifconv:38  %worda_addr_1 = getelementptr [480 x i32]* @worda, i32 0, i32 %tmp_38_cast

]]></Node>
<StgValue><ssdm name="worda_addr_1"/></StgValue>
</operation>

<operation id="35" st_id="2" stage="2" lat="2">
<core>RAM</core>
<MemPortIdVec>0 </MemPortIdVec>
<condition id="3">
<or_exp><and_exp><literal name="exitcond1" val="0"/>
</and_exp></or_exp>
</condition>

<Node id="61" bw="32" op_0_bw="9">
<![CDATA[
._crit_edge_ifconv:45  %worda_load = load i32* %worda_addr, align 4

]]></Node>
<StgValue><ssdm name="worda_load"/></StgValue>
</operation>

<operation id="36" st_id="2" stage="2" lat="2">
<core>RAM</core>
<MemPortIdVec>1 </MemPortIdVec>
<condition id="3">
<or_exp><and_exp><literal name="exitcond1" val="0"/>
</and_exp></or_exp>
</condition>

<Node id="80" bw="32" op_0_bw="9">
<![CDATA[
._crit_edge_ifconv:64  %worda_load_1 = load i32* %worda_addr_1, align 4

]]></Node>
<StgValue><ssdm name="worda_load_1"/></StgValue>
</operation>

<operation id="37" st_id="2" stage="1" lat="1">
<core>NULL</core>
<MemPortIdVec></MemPortIdVec>
<condition id="5">
<or_exp><and_exp><literal name="exitcond1" val="1"/>
</and_exp></or_exp>
</condition>

<Node id="125" bw="0" op_0_bw="0">
<![CDATA[
.preheader.preheader:0  br label %.preheader

]]></Node>
<StgValue><ssdm name=""/></StgValue>
</operation>
</state>

<state id="3" st_id="3">

<operation id="38" st_id="3" stage="1" lat="2">
<core>RAM</core>
<MemPortIdVec>0 </MemPortIdVec>
<condition id="6">
<or_exp><and_exp></and_exp></or_exp>
</condition>

<Node id="20" bw="32" op_0_bw="5">
<![CDATA[
._crit_edge_ifconv:4  %x_6 = load i32* %statemt_addr, align 4

]]></Node>
<StgValue><ssdm name="x_6"/></StgValue>
</operation>

<operation id="39" st_id="3" stage="1" lat="1">
<core>NULL</core>
<MemPortIdVec></MemPortIdVec>
<condition id="6">
<or_exp><and_exp></and_exp></or_exp>
</condition>

<Node id="23" bw="24" op_0_bw="24" op_1_bw="32" op_2_bw="32" op_3_bw="32">
<![CDATA[
._crit_edge_ifconv:7  %tmp_s = call i24 @_ssdm_op_PartSelect.i24.i32.i32.i32(i32 %x_6, i32 7, i32 30)

]]></Node>
<StgValue><ssdm name="tmp_s"/></StgValue>
</operation>

<operation id="40" st_id="3" stage="1" lat="1">
<core>NULL</core>
<MemPortIdVec></MemPortIdVec>
<condition id="6">
<or_exp><and_exp></and_exp></or_exp>
</condition>

<Node id="24" bw="32" op_0_bw="32" op_1_bw="24" op_2_bw="8">
<![CDATA[
._crit_edge_ifconv:8  %p_mask = call i32 @_ssdm_op_BitConcatenate.i32.i24.i8(i24 %tmp_s, i8 0)

]]></Node>
<StgValue><ssdm name="p_mask"/></StgValue>
</operation>

<operation id="41" st_id="3" stage="1" lat="1">
<core>Cmp</core>
<MemPortIdVec></MemPortIdVec>
<condition id="6">
<or_exp><and_exp></and_exp></or_exp>
</condition>

<Node id="25" bw="1" op_0_bw="32" op_1_bw="32">
<![CDATA[
._crit_edge_ifconv:9  %tmp_7 = icmp eq i32 %p_mask, 256

]]></Node>
<StgValue><ssdm name="tmp_7"/></StgValue>
</operation>

<operation id="42" st_id="3" stage="1" lat="2">
<core>RAM</core>
<MemPortIdVec>1 </MemPortIdVec>
<condition id="6">
<or_exp><and_exp></and_exp></or_exp>
</condition>

<Node id="31" bw="32" op_0_bw="5">
<![CDATA[
._crit_edge_ifconv:15  %x = load i32* %statemt_addr_1, align 4

]]></Node>
<StgValue><ssdm name="x"/></StgValue>
</operation>

<operation id="43" st_id="3" stage="1" lat="1">
<core>NULL</core>
<MemPortIdVec></MemPortIdVec>
<condition id="6">
<or_exp><and_exp></and_exp></or_exp>
</condition>

<Node id="39" bw="4" op_0_bw="4" op_1_bw="4">
<![CDATA[
._crit_edge_ifconv:23  %tmp_10 = or i4 %tmp_5, 2

]]></Node>
<StgValue><ssdm name="tmp_10"/></StgValue>
</operation>

<operation id="44" st_id="3" stage="1" lat="1">
<core>NULL</core>
<MemPortIdVec></MemPortIdVec>
<condition id="6">
<or_exp><and_exp></and_exp></or_exp>
</condition>

<Node id="40" bw="32" op_0_bw="4">
<![CDATA[
._crit_edge_ifconv:24  %tmp_14_cast = zext i4 %tmp_10 to i32

]]></Node>
<StgValue><ssdm name="tmp_14_cast"/></StgValue>
</operation>

<operation id="45" st_id="3" stage="1" lat="1">
<core>NULL</core>
<MemPortIdVec></MemPortIdVec>
<condition id="6">
<or_exp><and_exp></and_exp></or_exp>
</condition>

<Node id="41" bw="5" op_0_bw="32" op_1_bw="32" op_2_bw="32">
<![CDATA[
._crit_edge_ifconv:25  %statemt_addr_6 = getelementptr [32 x i32]* %statemt, i32 0, i32 %tmp_14_cast

]]></Node>
<StgValue><ssdm name="statemt_addr_6"/></StgValue>
</operation>

<operation id="46" st_id="3" stage="2" lat="2">
<core>RAM</core>
<MemPortIdVec>0 </MemPortIdVec>
<condition id="6">
<or_exp><and_exp></and_exp></or_exp>
</condition>

<Node id="42" bw="32" op_0_bw="5">
<![CDATA[
._crit_edge_ifconv:26  %x_2 = load i32* %statemt_addr_6, align 4

]]></Node>
<StgValue><ssdm name="x_2"/></StgValue>
</operation>

<operation id="47" st_id="3" stage="1" lat="1">
<core>NULL</core>
<MemPortIdVec></MemPortIdVec>
<condition id="6">
<or_exp><and_exp></and_exp></or_exp>
</condition>

<Node id="43" bw="4" op_0_bw="4" op_1_bw="4">
<![CDATA[
._crit_edge_ifconv:27  %tmp_11 = or i4 %tmp_5, 3

]]></Node>
<StgValue><ssdm name="tmp_11"/></StgValue>
</operation>

<operation id="48" st_id="3" stage="1" lat="1">
<core>NULL</core>
<MemPortIdVec></MemPortIdVec>
<condition id="6">
<or_exp><and_exp></and_exp></or_exp>
</condition>

<Node id="44" bw="32" op_0_bw="4">
<![CDATA[
._crit_edge_ifconv:28  %tmp_15_cast = zext i4 %tmp_11 to i32

]]></Node>
<StgValue><ssdm name="tmp_15_cast"/></StgValue>
</operation>

<operation id="49" st_id="3" stage="1" lat="1">
<core>NULL</core>
<MemPortIdVec></MemPortIdVec>
<condition id="6">
<or_exp><and_exp></and_exp></or_exp>
</condition>

<Node id="45" bw="5" op_0_bw="32" op_1_bw="32" op_2_bw="32">
<![CDATA[
._crit_edge_ifconv:29  %statemt_addr_7 = getelementptr [32 x i32]* %statemt, i32 0, i32 %tmp_15_cast

]]></Node>
<StgValue><ssdm name="statemt_addr_7"/></StgValue>
</operation>

<operation id="50" st_id="3" stage="2" lat="2">
<core>RAM</core>
<MemPortIdVec>1 </MemPortIdVec>
<condition id="6">
<or_exp><and_exp></and_exp></or_exp>
</condition>

<Node id="46" bw="32" op_0_bw="5">
<![CDATA[
._crit_edge_ifconv:30  %x_4 = load i32* %statemt_addr_7, align 4

]]></Node>
<StgValue><ssdm name="x_4"/></StgValue>
</operation>

<operation id="51" st_id="3" stage="1" lat="1">
<core>NULL</core>
<MemPortIdVec></MemPortIdVec>
<condition id="6">
<or_exp><and_exp></and_exp></or_exp>
</condition>

<Node id="49" bw="9" op_0_bw="6">
<![CDATA[
._crit_edge_ifconv:33  %tmp_16_cast_cast1 = zext i6 %tmp_14 to i9

]]></Node>
<StgValue><ssdm name="tmp_16_cast_cast1"/></StgValue>
</operation>

<operation id="52" st_id="3" stage="1" lat="1">
<core>AddSub</core>
<MemPortIdVec></MemPortIdVec>
<condition id="6">
<or_exp><and_exp></and_exp></or_exp>
</condition>

<Node id="55" bw="9" op_0_bw="9" op_1_bw="9">
<![CDATA[
._crit_edge_ifconv:39  %tmp_35 = add i9 240, %tmp_16_cast_cast1

]]></Node>
<StgValue><ssdm name="tmp_35"/></StgValue>
</operation>

<operation id="53" st_id="3" stage="1" lat="1">
<core>NULL</core>
<MemPortIdVec></MemPortIdVec>
<condition id="6">
<or_exp><and_exp></and_exp></or_exp>
</condition>

<Node id="56" bw="32" op_0_bw="9">
<![CDATA[
._crit_edge_ifconv:40  %tmp_39_cast = zext i9 %tmp_35 to i32

]]></Node>
<StgValue><ssdm name="tmp_39_cast"/></StgValue>
</operation>

<operation id="54" st_id="3" stage="1" lat="1">
<core>NULL</core>
<MemPortIdVec></MemPortIdVec>
<condition id="6">
<or_exp><and_exp></and_exp></or_exp>
</condition>

<Node id="57" bw="9" op_0_bw="32" op_1_bw="32" op_2_bw="32">
<![CDATA[
._crit_edge_ifconv:41  %worda_addr_2 = getelementptr [480 x i32]* @worda, i32 0, i32 %tmp_39_cast

]]></Node>
<StgValue><ssdm name="worda_addr_2"/></StgValue>
</operation>

<operation id="55" st_id="3" stage="1" lat="1">
<core>AddSub</core>
<MemPortIdVec></MemPortIdVec>
<condition id="6">
<or_exp><and_exp></and_exp></or_exp>
</condition>

<Node id="58" bw="9" op_0_bw="9" op_1_bw="9">
<![CDATA[
._crit_edge_ifconv:42  %tmp_36 = add i9 -152, %tmp_16_cast_cast1

]]></Node>
<StgValue><ssdm name="tmp_36"/></StgValue>
</operation>

<operation id="56" st_id="3" stage="1" lat="1">
<core>NULL</core>
<MemPortIdVec></MemPortIdVec>
<condition id="6">
<or_exp><and_exp></and_exp></or_exp>
</condition>

<Node id="59" bw="32" op_0_bw="9">
<![CDATA[
._crit_edge_ifconv:43  %tmp_40_cast = zext i9 %tmp_36 to i32

]]></Node>
<StgValue><ssdm name="tmp_40_cast"/></StgValue>
</operation>

<operation id="57" st_id="3" stage="1" lat="1">
<core>NULL</core>
<MemPortIdVec></MemPortIdVec>
<condition id="6">
<or_exp><and_exp></and_exp></or_exp>
</condition>

<Node id="60" bw="9" op_0_bw="32" op_1_bw="32" op_2_bw="32">
<![CDATA[
._crit_edge_ifconv:44  %worda_addr_3 = getelementptr [480 x i32]* @worda, i32 0, i32 %tmp_40_cast

]]></Node>
<StgValue><ssdm name="worda_addr_3"/></StgValue>
</operation>

<operation id="58" st_id="3" stage="1" lat="2">
<core>RAM</core>
<MemPortIdVec>0 </MemPortIdVec>
<condition id="6">
<or_exp><and_exp></and_exp></or_exp>
</condition>

<Node id="61" bw="32" op_0_bw="9">
<![CDATA[
._crit_edge_ifconv:45  %worda_load = load i32* %worda_addr, align 4

]]></Node>
<StgValue><ssdm name="worda_load"/></StgValue>
</operation>

<operation id="59" st_id="3" stage="1" lat="1">
<core>NULL</core>
<MemPortIdVec></MemPortIdVec>
<condition id="6">
<or_exp><and_exp></and_exp></or_exp>
</condition>

<Node id="68" bw="24" op_0_bw="24" op_1_bw="32" op_2_bw="32" op_3_bw="32">
<![CDATA[
._crit_edge_ifconv:52  %tmp_37 = call i24 @_ssdm_op_PartSelect.i24.i32.i32.i32(i32 %x, i32 7, i32 30)

]]></Node>
<StgValue><ssdm name="tmp_37"/></StgValue>
</operation>

<operation id="60" st_id="3" stage="1" lat="1">
<core>NULL</core>
<MemPortIdVec></MemPortIdVec>
<condition id="6">
<or_exp><and_exp></and_exp></or_exp>
</condition>

<Node id="69" bw="32" op_0_bw="32" op_1_bw="24" op_2_bw="8">
<![CDATA[
._crit_edge_ifconv:53  %p_mask2 = call i32 @_ssdm_op_BitConcatenate.i32.i24.i8(i24 %tmp_37, i8 0)

]]></Node>
<StgValue><ssdm name="p_mask2"/></StgValue>
</operation>

<operation id="61" st_id="3" stage="1" lat="1">
<core>Cmp</core>
<MemPortIdVec></MemPortIdVec>
<condition id="6">
<or_exp><and_exp></and_exp></or_exp>
</condition>

<Node id="70" bw="1" op_0_bw="32" op_1_bw="32">
<![CDATA[
._crit_edge_ifconv:54  %tmp_16 = icmp eq i32 %p_mask2, 256

]]></Node>
<StgValue><ssdm name="tmp_16"/></StgValue>
</operation>

<operation id="62" st_id="3" stage="1" lat="2">
<core>RAM</core>
<MemPortIdVec>1 </MemPortIdVec>
<condition id="6">
<or_exp><and_exp></and_exp></or_exp>
</condition>

<Node id="80" bw="32" op_0_bw="9">
<![CDATA[
._crit_edge_ifconv:64  %worda_load_1 = load i32* %worda_addr_1, align 4

]]></Node>
<StgValue><ssdm name="worda_load_1"/></StgValue>
</operation>

<operation id="63" st_id="3" stage="2" lat="2">
<core>RAM</core>
<MemPortIdVec>0 </MemPortIdVec>
<condition id="6">
<or_exp><and_exp></and_exp></or_exp>
</condition>

<Node id="99" bw="32" op_0_bw="9">
<![CDATA[
._crit_edge_ifconv:83  %worda_load_2 = load i32* %worda_addr_2, align 4

]]></Node>
<StgValue><ssdm name="worda_load_2"/></StgValue>
</operation>

<operation id="64" st_id="3" stage="2" lat="2">
<core>RAM</core>
<MemPortIdVec>1 </MemPortIdVec>
<condition id="6">
<or_exp><and_exp></and_exp></or_exp>
</condition>

<Node id="117" bw="32" op_0_bw="9">
<![CDATA[
._crit_edge_ifconv:101  %worda_load_3 = load i32* %worda_addr_3, align 4

]]></Node>
<StgValue><ssdm name="worda_load_3"/></StgValue>
</operation>
</state>

<state id="4" st_id="4">

<operation id="65" st_id="4" stage="1" lat="1">
<core>NULL</core>
<MemPortIdVec></MemPortIdVec>
<condition id="7">
<or_exp><and_exp></and_exp></or_exp>
</condition>

<Node id="21" bw="32" op_0_bw="32" op_1_bw="32">
<![CDATA[
._crit_edge_ifconv:5  %tmp_18 = shl i32 %x_6, 1

]]></Node>
<StgValue><ssdm name="tmp_18"/></StgValue>
</operation>

<operation id="66" st_id="4" stage="1" lat="1">
<core>NULL</core>
<MemPortIdVec></MemPortIdVec>
<condition id="7">
<or_exp><and_exp></and_exp></or_exp>
</condition>

<Node id="22" bw="5" op_0_bw="32" op_1_bw="32" op_2_bw="32">
<![CDATA[
._crit_edge_ifconv:6  %ret_addr = getelementptr inbounds [32 x i32]* %ret, i32 0, i32 %tmp_5_cast

]]></Node>
<StgValue><ssdm name="ret_addr"/></StgValue>
</operation>

<operation id="67" st_id="4" stage="1" lat="1">
<core>LogicGate</core>
<MemPortIdVec></MemPortIdVec>
<condition id="32">
<or_exp><and_exp><literal name="tmp_7" val="1"/>
</and_exp></or_exp>
</condition>

<Node id="26" bw="32" op_0_bw="32" op_1_bw="32">
<![CDATA[
._crit_edge_ifconv:10  %tmp_8 = xor i32 %tmp_18, 283

]]></Node>
<StgValue><ssdm name="tmp_8"/></StgValue>
</operation>

<operation id="68" st_id="4" stage="1" lat="1">
<core>Sel</core>
<MemPortIdVec></MemPortIdVec>
<condition id="7">
<or_exp><and_exp></and_exp></or_exp>
</condition>

<Node id="27" bw="32" op_0_bw="1" op_1_bw="32" op_2_bw="32">
<![CDATA[
._crit_edge_ifconv:11  %ret_load_1 = select i1 %tmp_7, i32 %tmp_8, i32 %tmp_18

]]></Node>
<StgValue><ssdm name="ret_load_1"/></StgValue>
</operation>

<operation id="69" st_id="4" stage="1" lat="1">
<core>NULL</core>
<MemPortIdVec></MemPortIdVec>
<condition id="7">
<or_exp><and_exp></and_exp></or_exp>
</condition>

<Node id="32" bw="32" op_0_bw="32" op_1_bw="32">
<![CDATA[
._crit_edge_ifconv:16  %tmp_24 = shl i32 %x, 1

]]></Node>
<StgValue><ssdm name="tmp_24"/></StgValue>
</operation>

<operation id="70" st_id="4" stage="1" lat="1">
<core>LogicGate</core>
<MemPortIdVec></MemPortIdVec>
<condition id="7">
<or_exp><and_exp></and_exp></or_exp>
</condition>

<Node id="33" bw="32" op_0_bw="32" op_1_bw="32">
<![CDATA[
._crit_edge_ifconv:17  %x_1 = xor i32 %x, %tmp_24

]]></Node>
<StgValue><ssdm name="x_1"/></StgValue>
</operation>

<operation id="71" st_id="4" stage="1" lat="1">
<core>NULL</core>
<MemPortIdVec></MemPortIdVec>
<condition id="7">
<or_exp><and_exp></and_exp></or_exp>
</condition>

<Node id="34" bw="24" op_0_bw="24" op_1_bw="32" op_2_bw="32" op_3_bw="32">
<![CDATA[
._crit_edge_ifconv:18  %tmp_33 = call i24 @_ssdm_op_PartSelect.i24.i32.i32.i32(i32 %x_1, i32 8, i32 31)

]]></Node>
<StgValue><ssdm name="tmp_33"/></StgValue>
</operation>

<operation id="72" st_id="4" stage="1" lat="1">
<core>NULL</core>
<MemPortIdVec></MemPortIdVec>
<condition id="7">
<or_exp><and_exp></and_exp></or_exp>
</condition>

<Node id="35" bw="32" op_0_bw="32" op_1_bw="24" op_2_bw="8">
<![CDATA[
._crit_edge_ifconv:19  %p_mask1 = call i32 @_ssdm_op_BitConcatenate.i32.i24.i8(i24 %tmp_33, i8 0)

]]></Node>
<StgValue><ssdm name="p_mask1"/></StgValue>
</operation>

<operation id="73" st_id="4" stage="1" lat="1">
<core>Cmp</core>
<MemPortIdVec></MemPortIdVec>
<condition id="7">
<or_exp><and_exp></and_exp></or_exp>
</condition>

<Node id="36" bw="1" op_0_bw="32" op_1_bw="32">
<![CDATA[
._crit_edge_ifconv:20  %tmp_1 = icmp eq i32 %p_mask1, 256

]]></Node>
<StgValue><ssdm name="tmp_1"/></StgValue>
</operation>

<operation id="74" st_id="4" stage="1" lat="1">
<core>LogicGate</core>
<MemPortIdVec></MemPortIdVec>
<condition id="7">
<or_exp><and_exp></and_exp></or_exp>
</condition>

<Node id="37" bw="32" op_0_bw="32" op_1_bw="32">
<![CDATA[
._crit_edge_ifconv:21  %tmp_3 = xor i32 %x_1, 283

]]></Node>
<StgValue><ssdm name="tmp_3"/></StgValue>
</operation>

<operation id="75" st_id="4" stage="1" lat="1">
<core>Sel</core>
<MemPortIdVec></MemPortIdVec>
<condition id="7">
<or_exp><and_exp></and_exp></or_exp>
</condition>

<Node id="38" bw="32" op_0_bw="1" op_1_bw="32" op_2_bw="32">
<![CDATA[
._crit_edge_ifconv:22  %storemerge_v = select i1 %tmp_1, i32 %tmp_3, i32 %x_1

]]></Node>
<StgValue><ssdm name="storemerge_v"/></StgValue>
</operation>

<operation id="76" st_id="4" stage="1" lat="2">
<core>RAM</core>
<MemPortIdVec>0 </MemPortIdVec>
<condition id="7">
<or_exp><and_exp></and_exp></or_exp>
</condition>

<Node id="42" bw="32" op_0_bw="5">
<![CDATA[
._crit_edge_ifconv:26  %x_2 = load i32* %statemt_addr_6, align 4

]]></Node>
<StgValue><ssdm name="x_2"/></StgValue>
</operation>

<operation id="77" st_id="4" stage="1" lat="2">
<core>RAM</core>
<MemPortIdVec>1 </MemPortIdVec>
<condition id="7">
<or_exp><and_exp></and_exp></or_exp>
</condition>

<Node id="46" bw="32" op_0_bw="5">
<![CDATA[
._crit_edge_ifconv:30  %x_4 = load i32* %statemt_addr_7, align 4

]]></Node>
<StgValue><ssdm name="x_4"/></StgValue>
</operation>

<operation id="78" st_id="4" stage="1" lat="1">
<core>LogicGate</core>
<MemPortIdVec></MemPortIdVec>
<condition id="7">
<or_exp><and_exp></and_exp></or_exp>
</condition>

<Node id="62" bw="32" op_0_bw="32" op_1_bw="32">
<![CDATA[
._crit_edge_ifconv:46  %tmp1 = xor i32 %x_2, %x_4

]]></Node>
<StgValue><ssdm name="tmp1"/></StgValue>
</operation>

<operation id="79" st_id="4" stage="1" lat="1">
<core>LogicGate</core>
<MemPortIdVec></MemPortIdVec>
<condition id="7">
<or_exp><and_exp></and_exp></or_exp>
</condition>

<Node id="63" bw="32" op_0_bw="32" op_1_bw="32">
<![CDATA[
._crit_edge_ifconv:47  %tmp3 = xor i32 %ret_load_1, %storemerge_v

]]></Node>
<StgValue><ssdm name="tmp3"/></StgValue>
</operation>

<operation id="80" st_id="4" stage="1" lat="1">
<core>LogicGate</core>
<MemPortIdVec></MemPortIdVec>
<condition id="7">
<or_exp><and_exp></and_exp></or_exp>
</condition>

<Node id="64" bw="32" op_0_bw="32" op_1_bw="32">
<![CDATA[
._crit_edge_ifconv:48  %tmp2 = xor i32 %tmp3, %worda_load

]]></Node>
<StgValue><ssdm name="tmp2"/></StgValue>
</operation>

<operation id="81" st_id="4" stage="1" lat="1">
<core>LogicGate</core>
<MemPortIdVec></MemPortIdVec>
<condition id="7">
<or_exp><and_exp></and_exp></or_exp>
</condition>

<Node id="65" bw="32" op_0_bw="32" op_1_bw="32">
<![CDATA[
._crit_edge_ifconv:49  %tmp_15 = xor i32 %tmp2, %tmp1

]]></Node>
<StgValue><ssdm name="tmp_15"/></StgValue>
</operation>

<operation id="82" st_id="4" stage="1" lat="1">
<core>RAM</core>
<MemPortIdVec>0 </MemPortIdVec>
<condition id="7">
<or_exp><and_exp></and_exp></or_exp>
</condition>

<Node id="66" bw="0" op_0_bw="32" op_1_bw="5">
<![CDATA[
._crit_edge_ifconv:50  store i32 %tmp_15, i32* %ret_addr, align 4

]]></Node>
<StgValue><ssdm name=""/></StgValue>
</operation>

<operation id="83" st_id="4" stage="1" lat="1">
<core>NULL</core>
<MemPortIdVec></MemPortIdVec>
<condition id="7">
<or_exp><and_exp></and_exp></or_exp>
</condition>

<Node id="67" bw="5" op_0_bw="32" op_1_bw="32" op_2_bw="32">
<![CDATA[
._crit_edge_ifconv:51  %ret_addr_5 = getelementptr inbounds [32 x i32]* %ret, i32 0, i32 %tmp_9_cast

]]></Node>
<StgValue><ssdm name="ret_addr_5"/></StgValue>
</operation>

<operation id="84" st_id="4" stage="1" lat="1">
<core>LogicGate</core>
<MemPortIdVec></MemPortIdVec>
<condition id="34">
<or_exp><and_exp><literal name="tmp_16" val="1"/>
</and_exp></or_exp>
</condition>

<Node id="71" bw="32" op_0_bw="32" op_1_bw="32">
<![CDATA[
._crit_edge_ifconv:55  %tmp_17 = xor i32 %tmp_24, 283

]]></Node>
<StgValue><ssdm name="tmp_17"/></StgValue>
</operation>

<operation id="85" st_id="4" stage="1" lat="1">
<core>Sel</core>
<MemPortIdVec></MemPortIdVec>
<condition id="7">
<or_exp><and_exp></and_exp></or_exp>
</condition>

<Node id="72" bw="32" op_0_bw="1" op_1_bw="32" op_2_bw="32">
<![CDATA[
._crit_edge_ifconv:56  %tmp_23_tmp_s = select i1 %tmp_16, i32 %tmp_17, i32 %tmp_24

]]></Node>
<StgValue><ssdm name="tmp_23_tmp_s"/></StgValue>
</operation>

<operation id="86" st_id="4" stage="1" lat="1">
<core>NULL</core>
<MemPortIdVec></MemPortIdVec>
<condition id="7">
<or_exp><and_exp></and_exp></or_exp>
</condition>

<Node id="73" bw="32" op_0_bw="32" op_1_bw="32">
<![CDATA[
._crit_edge_ifconv:57  %tmp_38 = shl i32 %x_2, 1

]]></Node>
<StgValue><ssdm name="tmp_38"/></StgValue>
</operation>

<operation id="87" st_id="4" stage="1" lat="1">
<core>LogicGate</core>
<MemPortIdVec></MemPortIdVec>
<condition id="7">
<or_exp><and_exp></and_exp></or_exp>
</condition>

<Node id="74" bw="32" op_0_bw="32" op_1_bw="32">
<![CDATA[
._crit_edge_ifconv:58  %x_3 = xor i32 %x_2, %tmp_38

]]></Node>
<StgValue><ssdm name="x_3"/></StgValue>
</operation>

<operation id="88" st_id="4" stage="1" lat="1">
<core>NULL</core>
<MemPortIdVec></MemPortIdVec>
<condition id="7">
<or_exp><and_exp></and_exp></or_exp>
</condition>

<Node id="75" bw="24" op_0_bw="24" op_1_bw="32" op_2_bw="32" op_3_bw="32">
<![CDATA[
._crit_edge_ifconv:59  %tmp_39 = call i24 @_ssdm_op_PartSelect.i24.i32.i32.i32(i32 %x_3, i32 8, i32 31)

]]></Node>
<StgValue><ssdm name="tmp_39"/></StgValue>
</operation>

<operation id="89" st_id="4" stage="1" lat="1">
<core>NULL</core>
<MemPortIdVec></MemPortIdVec>
<condition id="7">
<or_exp><and_exp></and_exp></or_exp>
</condition>

<Node id="76" bw="32" op_0_bw="32" op_1_bw="24" op_2_bw="8">
<![CDATA[
._crit_edge_ifconv:60  %p_mask3 = call i32 @_ssdm_op_BitConcatenate.i32.i24.i8(i24 %tmp_39, i8 0)

]]></Node>
<StgValue><ssdm name="p_mask3"/></StgValue>
</operation>

<operation id="90" st_id="4" stage="1" lat="1">
<core>Cmp</core>
<MemPortIdVec></MemPortIdVec>
<condition id="7">
<or_exp><and_exp></and_exp></or_exp>
</condition>

<Node id="77" bw="1" op_0_bw="32" op_1_bw="32">
<![CDATA[
._crit_edge_ifconv:61  %tmp_19 = icmp eq i32 %p_mask3, 256

]]></Node>
<StgValue><ssdm name="tmp_19"/></StgValue>
</operation>

<operation id="91" st_id="4" stage="1" lat="1">
<core>LogicGate</core>
<MemPortIdVec></MemPortIdVec>
<condition id="7">
<or_exp><and_exp></and_exp></or_exp>
</condition>

<Node id="78" bw="32" op_0_bw="32" op_1_bw="32">
<![CDATA[
._crit_edge_ifconv:62  %tmp_20 = xor i32 %x_3, 283

]]></Node>
<StgValue><ssdm name="tmp_20"/></StgValue>
</operation>

<operation id="92" st_id="4" stage="1" lat="1">
<core>Sel</core>
<MemPortIdVec></MemPortIdVec>
<condition id="7">
<or_exp><and_exp></and_exp></or_exp>
</condition>

<Node id="79" bw="32" op_0_bw="1" op_1_bw="32" op_2_bw="32">
<![CDATA[
._crit_edge_ifconv:63  %storemerge8_v = select i1 %tmp_19, i32 %tmp_20, i32 %x_3

]]></Node>
<StgValue><ssdm name="storemerge8_v"/></StgValue>
</operation>

<operation id="93" st_id="4" stage="1" lat="1">
<core>LogicGate</core>
<MemPortIdVec></MemPortIdVec>
<condition id="7">
<or_exp><and_exp></and_exp></or_exp>
</condition>

<Node id="81" bw="32" op_0_bw="32" op_1_bw="32">
<![CDATA[
._crit_edge_ifconv:65  %tmp4 = xor i32 %x_4, %x_6

]]></Node>
<StgValue><ssdm name="tmp4"/></StgValue>
</operation>

<operation id="94" st_id="4" stage="1" lat="1">
<core>LogicGate</core>
<MemPortIdVec></MemPortIdVec>
<condition id="7">
<or_exp><and_exp></and_exp></or_exp>
</condition>

<Node id="82" bw="32" op_0_bw="32" op_1_bw="32">
<![CDATA[
._crit_edge_ifconv:66  %tmp6 = xor i32 %storemerge8_v, %tmp_23_tmp_s

]]></Node>
<StgValue><ssdm name="tmp6"/></StgValue>
</operation>

<operation id="95" st_id="4" stage="1" lat="1">
<core>LogicGate</core>
<MemPortIdVec></MemPortIdVec>
<condition id="7">
<or_exp><and_exp></and_exp></or_exp>
</condition>

<Node id="83" bw="32" op_0_bw="32" op_1_bw="32">
<![CDATA[
._crit_edge_ifconv:67  %tmp5 = xor i32 %tmp6, %worda_load_1

]]></Node>
<StgValue><ssdm name="tmp5"/></StgValue>
</operation>

<operation id="96" st_id="4" stage="1" lat="1">
<core>LogicGate</core>
<MemPortIdVec></MemPortIdVec>
<condition id="7">
<or_exp><and_exp></and_exp></or_exp>
</condition>

<Node id="84" bw="32" op_0_bw="32" op_1_bw="32">
<![CDATA[
._crit_edge_ifconv:68  %tmp_21 = xor i32 %tmp5, %tmp4

]]></Node>
<StgValue><ssdm name="tmp_21"/></StgValue>
</operation>

<operation id="97" st_id="4" stage="1" lat="1">
<core>RAM</core>
<MemPortIdVec>1 </MemPortIdVec>
<condition id="7">
<or_exp><and_exp></and_exp></or_exp>
</condition>

<Node id="85" bw="0" op_0_bw="32" op_1_bw="5">
<![CDATA[
._crit_edge_ifconv:69  store i32 %tmp_21, i32* %ret_addr_5, align 4

]]></Node>
<StgValue><ssdm name=""/></StgValue>
</operation>

<operation id="98" st_id="4" stage="1" lat="1">
<core>NULL</core>
<MemPortIdVec></MemPortIdVec>
<condition id="7">
<or_exp><and_exp></and_exp></or_exp>
</condition>

<Node id="87" bw="24" op_0_bw="24" op_1_bw="32" op_2_bw="32" op_3_bw="32">
<![CDATA[
._crit_edge_ifconv:71  %tmp_40 = call i24 @_ssdm_op_PartSelect.i24.i32.i32.i32(i32 %x_2, i32 7, i32 30)

]]></Node>
<StgValue><ssdm name="tmp_40"/></StgValue>
</operation>

<operation id="99" st_id="4" stage="1" lat="1">
<core>NULL</core>
<MemPortIdVec></MemPortIdVec>
<condition id="7">
<or_exp><and_exp></and_exp></or_exp>
</condition>

<Node id="88" bw="32" op_0_bw="32" op_1_bw="24" op_2_bw="8">
<![CDATA[
._crit_edge_ifconv:72  %p_mask4 = call i32 @_ssdm_op_BitConcatenate.i32.i24.i8(i24 %tmp_40, i8 0)

]]></Node>
<StgValue><ssdm name="p_mask4"/></StgValue>
</operation>

<operation id="100" st_id="4" stage="1" lat="1">
<core>Cmp</core>
<MemPortIdVec></MemPortIdVec>
<condition id="7">
<or_exp><and_exp></and_exp></or_exp>
</condition>

<Node id="89" bw="1" op_0_bw="32" op_1_bw="32">
<![CDATA[
._crit_edge_ifconv:73  %tmp_22 = icmp eq i32 %p_mask4, 256

]]></Node>
<StgValue><ssdm name="tmp_22"/></StgValue>
</operation>

<operation id="101" st_id="4" stage="1" lat="1">
<core>LogicGate</core>
<MemPortIdVec></MemPortIdVec>
<condition id="7">
<or_exp><and_exp></and_exp></or_exp>
</condition>

<Node id="90" bw="32" op_0_bw="32" op_1_bw="32">
<![CDATA[
._crit_edge_ifconv:74  %tmp_23 = xor i32 %tmp_38, 283

]]></Node>
<StgValue><ssdm name="tmp_23"/></StgValue>
</operation>

<operation id="102" st_id="4" stage="1" lat="1">
<core>Sel</core>
<MemPortIdVec></MemPortIdVec>
<condition id="7">
<or_exp><and_exp></and_exp></or_exp>
</condition>

<Node id="91" bw="32" op_0_bw="1" op_1_bw="32" op_2_bw="32">
<![CDATA[
._crit_edge_ifconv:75  %tmp_33_tmp_s = select i1 %tmp_22, i32 %tmp_23, i32 %tmp_38

]]></Node>
<StgValue><ssdm name="tmp_33_tmp_s"/></StgValue>
</operation>

<operation id="103" st_id="4" stage="1" lat="1">
<core>NULL</core>
<MemPortIdVec></MemPortIdVec>
<condition id="7">
<or_exp><and_exp></and_exp></or_exp>
</condition>

<Node id="92" bw="32" op_0_bw="32" op_1_bw="32">
<![CDATA[
._crit_edge_ifconv:76  %tmp_41 = shl i32 %x_4, 1

]]></Node>
<StgValue><ssdm name="tmp_41"/></StgValue>
</operation>

<operation id="104" st_id="4" stage="1" lat="1">
<core>LogicGate</core>
<MemPortIdVec></MemPortIdVec>
<condition id="7">
<or_exp><and_exp></and_exp></or_exp>
</condition>

<Node id="93" bw="32" op_0_bw="32" op_1_bw="32">
<![CDATA[
._crit_edge_ifconv:77  %x_5 = xor i32 %x_4, %tmp_41

]]></Node>
<StgValue><ssdm name="x_5"/></StgValue>
</operation>

<operation id="105" st_id="4" stage="1" lat="1">
<core>NULL</core>
<MemPortIdVec></MemPortIdVec>
<condition id="7">
<or_exp><and_exp></and_exp></or_exp>
</condition>

<Node id="94" bw="24" op_0_bw="24" op_1_bw="32" op_2_bw="32" op_3_bw="32">
<![CDATA[
._crit_edge_ifconv:78  %tmp_42 = call i24 @_ssdm_op_PartSelect.i24.i32.i32.i32(i32 %x_5, i32 8, i32 31)

]]></Node>
<StgValue><ssdm name="tmp_42"/></StgValue>
</operation>

<operation id="106" st_id="4" stage="1" lat="1">
<core>NULL</core>
<MemPortIdVec></MemPortIdVec>
<condition id="7">
<or_exp><and_exp></and_exp></or_exp>
</condition>

<Node id="95" bw="32" op_0_bw="32" op_1_bw="24" op_2_bw="8">
<![CDATA[
._crit_edge_ifconv:79  %p_mask5 = call i32 @_ssdm_op_BitConcatenate.i32.i24.i8(i24 %tmp_42, i8 0)

]]></Node>
<StgValue><ssdm name="p_mask5"/></StgValue>
</operation>

<operation id="107" st_id="4" stage="1" lat="1">
<core>Cmp</core>
<MemPortIdVec></MemPortIdVec>
<condition id="7">
<or_exp><and_exp></and_exp></or_exp>
</condition>

<Node id="96" bw="1" op_0_bw="32" op_1_bw="32">
<![CDATA[
._crit_edge_ifconv:80  %tmp_25 = icmp eq i32 %p_mask5, 256

]]></Node>
<StgValue><ssdm name="tmp_25"/></StgValue>
</operation>

<operation id="108" st_id="4" stage="1" lat="1">
<core>LogicGate</core>
<MemPortIdVec></MemPortIdVec>
<condition id="7">
<or_exp><and_exp></and_exp></or_exp>
</condition>

<Node id="97" bw="32" op_0_bw="32" op_1_bw="32">
<![CDATA[
._crit_edge_ifconv:81  %tmp_26 = xor i32 %x_5, 283

]]></Node>
<StgValue><ssdm name="tmp_26"/></StgValue>
</operation>

<operation id="109" st_id="4" stage="1" lat="1">
<core>Sel</core>
<MemPortIdVec></MemPortIdVec>
<condition id="7">
<or_exp><and_exp></and_exp></or_exp>
</condition>

<Node id="98" bw="32" op_0_bw="1" op_1_bw="32" op_2_bw="32">
<![CDATA[
._crit_edge_ifconv:82  %storemerge9_v = select i1 %tmp_25, i32 %tmp_26, i32 %x_5

]]></Node>
<StgValue><ssdm name="storemerge9_v"/></StgValue>
</operation>

<operation id="110" st_id="4" stage="1" lat="2">
<core>RAM</core>
<MemPortIdVec>0 </MemPortIdVec>
<condition id="7">
<or_exp><and_exp></and_exp></or_exp>
</condition>

<Node id="99" bw="32" op_0_bw="9">
<![CDATA[
._crit_edge_ifconv:83  %worda_load_2 = load i32* %worda_addr_2, align 4

]]></Node>
<StgValue><ssdm name="worda_load_2"/></StgValue>
</operation>

<operation id="111" st_id="4" stage="1" lat="1">
<core>LogicGate</core>
<MemPortIdVec></MemPortIdVec>
<condition id="7">
<or_exp><and_exp></and_exp></or_exp>
</condition>

<Node id="100" bw="32" op_0_bw="32" op_1_bw="32">
<![CDATA[
._crit_edge_ifconv:84  %tmp7 = xor i32 %x, %x_6

]]></Node>
<StgValue><ssdm name="tmp7"/></StgValue>
</operation>

<operation id="112" st_id="4" stage="1" lat="1">
<core>LogicGate</core>
<MemPortIdVec></MemPortIdVec>
<condition id="7">
<or_exp><and_exp></and_exp></or_exp>
</condition>

<Node id="101" bw="32" op_0_bw="32" op_1_bw="32">
<![CDATA[
._crit_edge_ifconv:85  %tmp9 = xor i32 %storemerge9_v, %tmp_33_tmp_s

]]></Node>
<StgValue><ssdm name="tmp9"/></StgValue>
</operation>

<operation id="113" st_id="4" stage="1" lat="1">
<core>LogicGate</core>
<MemPortIdVec></MemPortIdVec>
<condition id="7">
<or_exp><and_exp></and_exp></or_exp>
</condition>

<Node id="102" bw="32" op_0_bw="32" op_1_bw="32">
<![CDATA[
._crit_edge_ifconv:86  %tmp8 = xor i32 %tmp9, %worda_load_2

]]></Node>
<StgValue><ssdm name="tmp8"/></StgValue>
</operation>

<operation id="114" st_id="4" stage="1" lat="1">
<core>LogicGate</core>
<MemPortIdVec></MemPortIdVec>
<condition id="7">
<or_exp><and_exp></and_exp></or_exp>
</condition>

<Node id="103" bw="32" op_0_bw="32" op_1_bw="32">
<![CDATA[
._crit_edge_ifconv:87  %tmp_27 = xor i32 %tmp8, %tmp7

]]></Node>
<StgValue><ssdm name="tmp_27"/></StgValue>
</operation>

<operation id="115" st_id="4" stage="1" lat="1">
<core>NULL</core>
<MemPortIdVec></MemPortIdVec>
<condition id="7">
<or_exp><and_exp></and_exp></or_exp>
</condition>

<Node id="106" bw="24" op_0_bw="24" op_1_bw="32" op_2_bw="32" op_3_bw="32">
<![CDATA[
._crit_edge_ifconv:90  %tmp_43 = call i24 @_ssdm_op_PartSelect.i24.i32.i32.i32(i32 %x_4, i32 7, i32 30)

]]></Node>
<StgValue><ssdm name="tmp_43"/></StgValue>
</operation>

<operation id="116" st_id="4" stage="1" lat="1">
<core>NULL</core>
<MemPortIdVec></MemPortIdVec>
<condition id="7">
<or_exp><and_exp></and_exp></or_exp>
</condition>

<Node id="107" bw="32" op_0_bw="32" op_1_bw="24" op_2_bw="8">
<![CDATA[
._crit_edge_ifconv:91  %p_mask6 = call i32 @_ssdm_op_BitConcatenate.i32.i24.i8(i24 %tmp_43, i8 0)

]]></Node>
<StgValue><ssdm name="p_mask6"/></StgValue>
</operation>

<operation id="117" st_id="4" stage="1" lat="1">
<core>Cmp</core>
<MemPortIdVec></MemPortIdVec>
<condition id="7">
<or_exp><and_exp></and_exp></or_exp>
</condition>

<Node id="108" bw="1" op_0_bw="32" op_1_bw="32">
<![CDATA[
._crit_edge_ifconv:92  %tmp_28 = icmp eq i32 %p_mask6, 256

]]></Node>
<StgValue><ssdm name="tmp_28"/></StgValue>
</operation>

<operation id="118" st_id="4" stage="1" lat="1">
<core>LogicGate</core>
<MemPortIdVec></MemPortIdVec>
<condition id="7">
<or_exp><and_exp></and_exp></or_exp>
</condition>

<Node id="109" bw="32" op_0_bw="32" op_1_bw="32">
<![CDATA[
._crit_edge_ifconv:93  %tmp_29 = xor i32 %tmp_41, 283

]]></Node>
<StgValue><ssdm name="tmp_29"/></StgValue>
</operation>

<operation id="119" st_id="4" stage="1" lat="1">
<core>Sel</core>
<MemPortIdVec></MemPortIdVec>
<condition id="7">
<or_exp><and_exp></and_exp></or_exp>
</condition>

<Node id="110" bw="32" op_0_bw="1" op_1_bw="32" op_2_bw="32">
<![CDATA[
._crit_edge_ifconv:94  %tmp_43_tmp_s = select i1 %tmp_28, i32 %tmp_29, i32 %tmp_41

]]></Node>
<StgValue><ssdm name="tmp_43_tmp_s"/></StgValue>
</operation>

<operation id="120" st_id="4" stage="1" lat="1">
<core>LogicGate</core>
<MemPortIdVec></MemPortIdVec>
<condition id="7">
<or_exp><and_exp></and_exp></or_exp>
</condition>

<Node id="111" bw="32" op_0_bw="32" op_1_bw="32">
<![CDATA[
._crit_edge_ifconv:95  %x_7 = xor i32 %x_6, %tmp_18

]]></Node>
<StgValue><ssdm name="x_7"/></StgValue>
</operation>

<operation id="121" st_id="4" stage="1" lat="1">
<core>NULL</core>
<MemPortIdVec></MemPortIdVec>
<condition id="7">
<or_exp><and_exp></and_exp></or_exp>
</condition>

<Node id="112" bw="24" op_0_bw="24" op_1_bw="32" op_2_bw="32" op_3_bw="32">
<![CDATA[
._crit_edge_ifconv:96  %tmp_44 = call i24 @_ssdm_op_PartSelect.i24.i32.i32.i32(i32 %x_7, i32 8, i32 31)

]]></Node>
<StgValue><ssdm name="tmp_44"/></StgValue>
</operation>

<operation id="122" st_id="4" stage="1" lat="1">
<core>NULL</core>
<MemPortIdVec></MemPortIdVec>
<condition id="7">
<or_exp><and_exp></and_exp></or_exp>
</condition>

<Node id="113" bw="32" op_0_bw="32" op_1_bw="24" op_2_bw="8">
<![CDATA[
._crit_edge_ifconv:97  %p_mask7 = call i32 @_ssdm_op_BitConcatenate.i32.i24.i8(i24 %tmp_44, i8 0)

]]></Node>
<StgValue><ssdm name="p_mask7"/></StgValue>
</operation>

<operation id="123" st_id="4" stage="1" lat="1">
<core>Cmp</core>
<MemPortIdVec></MemPortIdVec>
<condition id="7">
<or_exp><and_exp></and_exp></or_exp>
</condition>

<Node id="114" bw="1" op_0_bw="32" op_1_bw="32">
<![CDATA[
._crit_edge_ifconv:98  %tmp_30 = icmp eq i32 %p_mask7, 256

]]></Node>
<StgValue><ssdm name="tmp_30"/></StgValue>
</operation>

<operation id="124" st_id="4" stage="1" lat="1">
<core>LogicGate</core>
<MemPortIdVec></MemPortIdVec>
<condition id="7">
<or_exp><and_exp></and_exp></or_exp>
</condition>

<Node id="115" bw="32" op_0_bw="32" op_1_bw="32">
<![CDATA[
._crit_edge_ifconv:99  %tmp_31 = xor i32 %x_7, 283

]]></Node>
<StgValue><ssdm name="tmp_31"/></StgValue>
</operation>

<operation id="125" st_id="4" stage="1" lat="1">
<core>Sel</core>
<MemPortIdVec></MemPortIdVec>
<condition id="7">
<or_exp><and_exp></and_exp></or_exp>
</condition>

<Node id="116" bw="32" op_0_bw="1" op_1_bw="32" op_2_bw="32">
<![CDATA[
._crit_edge_ifconv:100  %storemerge1_v = select i1 %tmp_30, i32 %tmp_31, i32 %x_7

]]></Node>
<StgValue><ssdm name="storemerge1_v"/></StgValue>
</operation>

<operation id="126" st_id="4" stage="1" lat="2">
<core>RAM</core>
<MemPortIdVec>1 </MemPortIdVec>
<condition id="7">
<or_exp><and_exp></and_exp></or_exp>
</condition>

<Node id="117" bw="32" op_0_bw="9">
<![CDATA[
._crit_edge_ifconv:101  %worda_load_3 = load i32* %worda_addr_3, align 4

]]></Node>
<StgValue><ssdm name="worda_load_3"/></StgValue>
</operation>

<operation id="127" st_id="4" stage="1" lat="1">
<core>LogicGate</core>
<MemPortIdVec></MemPortIdVec>
<condition id="7">
<or_exp><and_exp></and_exp></or_exp>
</condition>

<Node id="118" bw="32" op_0_bw="32" op_1_bw="32">
<![CDATA[
._crit_edge_ifconv:102  %tmp10 = xor i32 %x_2, %x

]]></Node>
<StgValue><ssdm name="tmp10"/></StgValue>
</operation>

<operation id="128" st_id="4" stage="1" lat="1">
<core>LogicGate</core>
<MemPortIdVec></MemPortIdVec>
<condition id="7">
<or_exp><and_exp></and_exp></or_exp>
</condition>

<Node id="119" bw="32" op_0_bw="32" op_1_bw="32">
<![CDATA[
._crit_edge_ifconv:103  %tmp12 = xor i32 %storemerge1_v, %tmp_43_tmp_s

]]></Node>
<StgValue><ssdm name="tmp12"/></StgValue>
</operation>

<operation id="129" st_id="4" stage="1" lat="1">
<core>LogicGate</core>
<MemPortIdVec></MemPortIdVec>
<condition id="7">
<or_exp><and_exp></and_exp></or_exp>
</condition>

<Node id="120" bw="32" op_0_bw="32" op_1_bw="32">
<![CDATA[
._crit_edge_ifconv:104  %tmp11 = xor i32 %tmp12, %worda_load_3

]]></Node>
<StgValue><ssdm name="tmp11"/></StgValue>
</operation>

<operation id="130" st_id="4" stage="1" lat="1">
<core>LogicGate</core>
<MemPortIdVec></MemPortIdVec>
<condition id="7">
<or_exp><and_exp></and_exp></or_exp>
</condition>

<Node id="121" bw="32" op_0_bw="32" op_1_bw="32">
<![CDATA[
._crit_edge_ifconv:105  %tmp_32 = xor i32 %tmp11, %tmp10

]]></Node>
<StgValue><ssdm name="tmp_32"/></StgValue>
</operation>
</state>

<state id="5" st_id="5">

<operation id="131" st_id="5" stage="1" lat="1">
<core>NULL</core>
<MemPortIdVec></MemPortIdVec>
<condition id="8">
<or_exp><and_exp></and_exp></or_exp>
</condition>

<Node id="86" bw="5" op_0_bw="32" op_1_bw="32" op_2_bw="32">
<![CDATA[
._crit_edge_ifconv:70  %ret_addr_6 = getelementptr inbounds [32 x i32]* %ret, i32 0, i32 %tmp_14_cast

]]></Node>
<StgValue><ssdm name="ret_addr_6"/></StgValue>
</operation>

<operation id="132" st_id="5" stage="1" lat="1">
<core>RAM</core>
<MemPortIdVec>0 </MemPortIdVec>
<condition id="8">
<or_exp><and_exp></and_exp></or_exp>
</condition>

<Node id="104" bw="0" op_0_bw="32" op_1_bw="5">
<![CDATA[
._crit_edge_ifconv:88  store i32 %tmp_27, i32* %ret_addr_6, align 4

]]></Node>
<StgValue><ssdm name=""/></StgValue>
</operation>

<operation id="133" st_id="5" stage="1" lat="1">
<core>NULL</core>
<MemPortIdVec></MemPortIdVec>
<condition id="8">
<or_exp><and_exp></and_exp></or_exp>
</condition>

<Node id="105" bw="5" op_0_bw="32" op_1_bw="32" op_2_bw="32">
<![CDATA[
._crit_edge_ifconv:89  %ret_addr_7 = getelementptr inbounds [32 x i32]* %ret, i32 0, i32 %tmp_15_cast

]]></Node>
<StgValue><ssdm name="ret_addr_7"/></StgValue>
</operation>

<operation id="134" st_id="5" stage="1" lat="1">
<core>RAM</core>
<MemPortIdVec>1 </MemPortIdVec>
<condition id="8">
<or_exp><and_exp></and_exp></or_exp>
</condition>

<Node id="122" bw="0" op_0_bw="32" op_1_bw="5">
<![CDATA[
._crit_edge_ifconv:106  store i32 %tmp_32, i32* %ret_addr_7, align 4

]]></Node>
<StgValue><ssdm name=""/></StgValue>
</operation>

<operation id="135" st_id="5" stage="1" lat="1">
<core>NULL</core>
<MemPortIdVec></MemPortIdVec>
<condition id="8">
<or_exp><and_exp></and_exp></or_exp>
</condition>

<Node id="123" bw="0" op_0_bw="0">
<![CDATA[
._crit_edge_ifconv:107  br label %1

]]></Node>
<StgValue><ssdm name=""/></StgValue>
</operation>
</state>

<state id="6" st_id="6">

<operation id="136" st_id="6" stage="1" lat="1">
<core>NULL</core>
<MemPortIdVec></MemPortIdVec>
<condition id="9">
<or_exp><and_exp></and_exp></or_exp>
</condition>

<Node id="127" bw="3" op_0_bw="3" op_1_bw="0">
<![CDATA[
.preheader:0  %j_1 = phi i3 [ %j_2, %2 ], [ 0, %.preheader.preheader ]

]]></Node>
<StgValue><ssdm name="j_1"/></StgValue>
</operation>

<operation id="137" st_id="6" stage="1" lat="1">
<core>Cmp</core>
<MemPortIdVec></MemPortIdVec>
<condition id="9">
<or_exp><and_exp></and_exp></or_exp>
</condition>

<Node id="128" bw="1" op_0_bw="3" op_1_bw="3">
<![CDATA[
.preheader:1  %exitcond = icmp eq i3 %j_1, -4

]]></Node>
<StgValue><ssdm name="exitcond"/></StgValue>
</operation>

<operation id="138" st_id="6" stage="1" lat="1">
<core>NULL</core>
<MemPortIdVec></MemPortIdVec>
<condition id="9">
<or_exp><and_exp></and_exp></or_exp>
</condition>

<Node id="129" bw="32" op_0_bw="32" op_1_bw="64" op_2_bw="64" op_3_bw="64">
<![CDATA[
.preheader:2  %empty_41 = call i32 (...)* @_ssdm_op_SpecLoopTripCount(i64 4, i64 4, i64 4)

]]></Node>
<StgValue><ssdm name="empty_41"/></StgValue>
</operation>

<operation id="139" st_id="6" stage="1" lat="1">
<core>AddSub</core>
<MemPortIdVec></MemPortIdVec>
<condition id="9">
<or_exp><and_exp></and_exp></or_exp>
</condition>

<Node id="130" bw="3" op_0_bw="3" op_1_bw="3">
<![CDATA[
.preheader:3  %j_2 = add i3 %j_1, 1

]]></Node>
<StgValue><ssdm name="j_2"/></StgValue>
</operation>

<operation id="140" st_id="6" stage="1" lat="1">
<core>NULL</core>
<MemPortIdVec></MemPortIdVec>
<condition id="9">
<or_exp><and_exp></and_exp></or_exp>
</condition>

<Node id="131" bw="0" op_0_bw="1" op_1_bw="0" op_2_bw="0">
<![CDATA[
.preheader:4  br i1 %exitcond, label %3, label %2

]]></Node>
<StgValue><ssdm name=""/></StgValue>
</operation>

<operation id="141" st_id="6" stage="1" lat="1">
<core>NULL</core>
<MemPortIdVec></MemPortIdVec>
<condition id="11">
<or_exp><and_exp><literal name="exitcond" val="0"/>
</and_exp></or_exp>
</condition>

<Node id="133" bw="2" op_0_bw="3">
<![CDATA[
:0  %tmp_45 = trunc i3 %j_1 to i2

]]></Node>
<StgValue><ssdm name="tmp_45"/></StgValue>
</operation>

<operation id="142" st_id="6" stage="1" lat="1">
<core>NULL</core>
<MemPortIdVec></MemPortIdVec>
<condition id="11">
<or_exp><and_exp><literal name="exitcond" val="0"/>
</and_exp></or_exp>
</condition>

<Node id="134" bw="4" op_0_bw="4" op_1_bw="2" op_2_bw="2">
<![CDATA[
:1  %tmp_2 = call i4 @_ssdm_op_BitConcatenate.i4.i2.i2(i2 %tmp_45, i2 0)

]]></Node>
<StgValue><ssdm name="tmp_2"/></StgValue>
</operation>

<operation id="143" st_id="6" stage="1" lat="1">
<core>NULL</core>
<MemPortIdVec></MemPortIdVec>
<condition id="11">
<or_exp><and_exp><literal name="exitcond" val="0"/>
</and_exp></or_exp>
</condition>

<Node id="135" bw="32" op_0_bw="4">
<![CDATA[
:2  %tmp_2_cast = zext i4 %tmp_2 to i32

]]></Node>
<StgValue><ssdm name="tmp_2_cast"/></StgValue>
</operation>

<operation id="144" st_id="6" stage="1" lat="1">
<core>NULL</core>
<MemPortIdVec></MemPortIdVec>
<condition id="11">
<or_exp><and_exp><literal name="exitcond" val="0"/>
</and_exp></or_exp>
</condition>

<Node id="136" bw="5" op_0_bw="32" op_1_bw="32" op_2_bw="32">
<![CDATA[
:3  %ret_addr_1 = getelementptr inbounds [32 x i32]* %ret, i32 0, i32 %tmp_2_cast

]]></Node>
<StgValue><ssdm name="ret_addr_1"/></StgValue>
</operation>

<operation id="145" st_id="6" stage="2" lat="2">
<core>RAM</core>
<MemPortIdVec>0 </MemPortIdVec>
<condition id="11">
<or_exp><and_exp><literal name="exitcond" val="0"/>
</and_exp></or_exp>
</condition>

<Node id="137" bw="32" op_0_bw="5">
<![CDATA[
:4  %ret_load = load i32* %ret_addr_1, align 4

]]></Node>
<StgValue><ssdm name="ret_load"/></StgValue>
</operation>

<operation id="146" st_id="6" stage="1" lat="1">
<core>NULL</core>
<MemPortIdVec></MemPortIdVec>
<condition id="11">
<or_exp><and_exp><literal name="exitcond" val="0"/>
</and_exp></or_exp>
</condition>

<Node id="140" bw="4" op_0_bw="4" op_1_bw="4">
<![CDATA[
:7  %tmp_4 = or i4 %tmp_2, 1

]]></Node>
<StgValue><ssdm name="tmp_4"/></StgValue>
</operation>

<operation id="147" st_id="6" stage="1" lat="1">
<core>NULL</core>
<MemPortIdVec></MemPortIdVec>
<condition id="11">
<or_exp><and_exp><literal name="exitcond" val="0"/>
</and_exp></or_exp>
</condition>

<Node id="141" bw="32" op_0_bw="4">
<![CDATA[
:8  %tmp_4_cast = zext i4 %tmp_4 to i32

]]></Node>
<StgValue><ssdm name="tmp_4_cast"/></StgValue>
</operation>

<operation id="148" st_id="6" stage="1" lat="1">
<core>NULL</core>
<MemPortIdVec></MemPortIdVec>
<condition id="11">
<or_exp><and_exp><literal name="exitcond" val="0"/>
</and_exp></or_exp>
</condition>

<Node id="142" bw="5" op_0_bw="32" op_1_bw="32" op_2_bw="32">
<![CDATA[
:9  %ret_addr_2 = getelementptr inbounds [32 x i32]* %ret, i32 0, i32 %tmp_4_cast

]]></Node>
<StgValue><ssdm name="ret_addr_2"/></StgValue>
</operation>

<operation id="149" st_id="6" stage="2" lat="2">
<core>RAM</core>
<MemPortIdVec>1 </MemPortIdVec>
<condition id="11">
<or_exp><and_exp><literal name="exitcond" val="0"/>
</and_exp></or_exp>
</condition>

<Node id="143" bw="32" op_0_bw="5">
<![CDATA[
:10  %ret_load_2 = load i32* %ret_addr_2, align 4

]]></Node>
<StgValue><ssdm name="ret_load_2"/></StgValue>
</operation>

<operation id="150" st_id="6" stage="1" lat="1">
<core>NULL</core>
<MemPortIdVec></MemPortIdVec>
<condition id="13">
<or_exp><and_exp><literal name="exitcond" val="1"/>
</and_exp></or_exp>
</condition>

<Node id="160" bw="0">
<![CDATA[
:0  ret void

]]></Node>
<StgValue><ssdm name=""/></StgValue>
</operation>
</state>

<state id="7" st_id="7">

<operation id="151" st_id="7" stage="1" lat="2">
<core>RAM</core>
<MemPortIdVec>0 </MemPortIdVec>
<condition id="14">
<or_exp><and_exp></and_exp></or_exp>
</condition>

<Node id="137" bw="32" op_0_bw="5">
<![CDATA[
:4  %ret_load = load i32* %ret_addr_1, align 4

]]></Node>
<StgValue><ssdm name="ret_load"/></StgValue>
</operation>

<operation id="152" st_id="7" stage="1" lat="1">
<core>NULL</core>
<MemPortIdVec></MemPortIdVec>
<condition id="14">
<or_exp><and_exp></and_exp></or_exp>
</condition>

<Node id="138" bw="5" op_0_bw="32" op_1_bw="32" op_2_bw="32">
<![CDATA[
:5  %statemt_addr_2 = getelementptr [32 x i32]* %statemt, i32 0, i32 %tmp_2_cast

]]></Node>
<StgValue><ssdm name="statemt_addr_2"/></StgValue>
</operation>

<operation id="153" st_id="7" stage="1" lat="1">
<core>RAM</core>
<MemPortIdVec>0 </MemPortIdVec>
<condition id="14">
<or_exp><and_exp></and_exp></or_exp>
</condition>

<Node id="139" bw="0" op_0_bw="32" op_1_bw="5">
<![CDATA[
:6  store i32 %ret_load, i32* %statemt_addr_2, align 4

]]></Node>
<StgValue><ssdm name=""/></StgValue>
</operation>

<operation id="154" st_id="7" stage="1" lat="2">
<core>RAM</core>
<MemPortIdVec>1 </MemPortIdVec>
<condition id="14">
<or_exp><and_exp></and_exp></or_exp>
</condition>

<Node id="143" bw="32" op_0_bw="5">
<![CDATA[
:10  %ret_load_2 = load i32* %ret_addr_2, align 4

]]></Node>
<StgValue><ssdm name="ret_load_2"/></StgValue>
</operation>

<operation id="155" st_id="7" stage="1" lat="1">
<core>NULL</core>
<MemPortIdVec></MemPortIdVec>
<condition id="14">
<or_exp><and_exp></and_exp></or_exp>
</condition>

<Node id="144" bw="5" op_0_bw="32" op_1_bw="32" op_2_bw="32">
<![CDATA[
:11  %statemt_addr_3 = getelementptr [32 x i32]* %statemt, i32 0, i32 %tmp_4_cast

]]></Node>
<StgValue><ssdm name="statemt_addr_3"/></StgValue>
</operation>

<operation id="156" st_id="7" stage="1" lat="1">
<core>RAM</core>
<MemPortIdVec>1 </MemPortIdVec>
<condition id="14">
<or_exp><and_exp></and_exp></or_exp>
</condition>

<Node id="145" bw="0" op_0_bw="32" op_1_bw="5">
<![CDATA[
:12  store i32 %ret_load_2, i32* %statemt_addr_3, align 4

]]></Node>
<StgValue><ssdm name=""/></StgValue>
</operation>

<operation id="157" st_id="7" stage="1" lat="1">
<core>NULL</core>
<MemPortIdVec></MemPortIdVec>
<condition id="14">
<or_exp><and_exp></and_exp></or_exp>
</condition>

<Node id="146" bw="4" op_0_bw="4" op_1_bw="4">
<![CDATA[
:13  %tmp_12 = or i4 %tmp_2, 2

]]></Node>
<StgValue><ssdm name="tmp_12"/></StgValue>
</operation>

<operation id="158" st_id="7" stage="1" lat="1">
<core>NULL</core>
<MemPortIdVec></MemPortIdVec>
<condition id="14">
<or_exp><and_exp></and_exp></or_exp>
</condition>

<Node id="147" bw="32" op_0_bw="4">
<![CDATA[
:14  %tmp_12_cast = zext i4 %tmp_12 to i32

]]></Node>
<StgValue><ssdm name="tmp_12_cast"/></StgValue>
</operation>

<operation id="159" st_id="7" stage="1" lat="1">
<core>NULL</core>
<MemPortIdVec></MemPortIdVec>
<condition id="14">
<or_exp><and_exp></and_exp></or_exp>
</condition>

<Node id="148" bw="5" op_0_bw="32" op_1_bw="32" op_2_bw="32">
<![CDATA[
:15  %ret_addr_3 = getelementptr inbounds [32 x i32]* %ret, i32 0, i32 %tmp_12_cast

]]></Node>
<StgValue><ssdm name="ret_addr_3"/></StgValue>
</operation>

<operation id="160" st_id="7" stage="2" lat="2">
<core>RAM</core>
<MemPortIdVec>0 </MemPortIdVec>
<condition id="14">
<or_exp><and_exp></and_exp></or_exp>
</condition>

<Node id="149" bw="32" op_0_bw="5">
<![CDATA[
:16  %ret_load_3 = load i32* %ret_addr_3, align 4

]]></Node>
<StgValue><ssdm name="ret_load_3"/></StgValue>
</operation>

<operation id="161" st_id="7" stage="1" lat="1">
<core>NULL</core>
<MemPortIdVec></MemPortIdVec>
<condition id="14">
<or_exp><and_exp></and_exp></or_exp>
</condition>

<Node id="152" bw="4" op_0_bw="4" op_1_bw="4">
<![CDATA[
:19  %tmp_13 = or i4 %tmp_2, 3

]]></Node>
<StgValue><ssdm name="tmp_13"/></StgValue>
</operation>

<operation id="162" st_id="7" stage="1" lat="1">
<core>NULL</core>
<MemPortIdVec></MemPortIdVec>
<condition id="14">
<or_exp><and_exp></and_exp></or_exp>
</condition>

<Node id="153" bw="32" op_0_bw="4">
<![CDATA[
:20  %tmp_13_cast = zext i4 %tmp_13 to i32

]]></Node>
<StgValue><ssdm name="tmp_13_cast"/></StgValue>
</operation>

<operation id="163" st_id="7" stage="1" lat="1">
<core>NULL</core>
<MemPortIdVec></MemPortIdVec>
<condition id="14">
<or_exp><and_exp></and_exp></or_exp>
</condition>

<Node id="154" bw="5" op_0_bw="32" op_1_bw="32" op_2_bw="32">
<![CDATA[
:21  %ret_addr_4 = getelementptr inbounds [32 x i32]* %ret, i32 0, i32 %tmp_13_cast

]]></Node>
<StgValue><ssdm name="ret_addr_4"/></StgValue>
</operation>

<operation id="164" st_id="7" stage="2" lat="2">
<core>RAM</core>
<MemPortIdVec>1 </MemPortIdVec>
<condition id="14">
<or_exp><and_exp></and_exp></or_exp>
</condition>

<Node id="155" bw="32" op_0_bw="5">
<![CDATA[
:22  %ret_load_4 = load i32* %ret_addr_4, align 4

]]></Node>
<StgValue><ssdm name="ret_load_4"/></StgValue>
</operation>
</state>

<state id="8" st_id="8">

<operation id="165" st_id="8" stage="1" lat="2">
<core>RAM</core>
<MemPortIdVec>0 </MemPortIdVec>
<condition id="15">
<or_exp><and_exp></and_exp></or_exp>
</condition>

<Node id="149" bw="32" op_0_bw="5">
<![CDATA[
:16  %ret_load_3 = load i32* %ret_addr_3, align 4

]]></Node>
<StgValue><ssdm name="ret_load_3"/></StgValue>
</operation>

<operation id="166" st_id="8" stage="1" lat="1">
<core>NULL</core>
<MemPortIdVec></MemPortIdVec>
<condition id="15">
<or_exp><and_exp></and_exp></or_exp>
</condition>

<Node id="150" bw="5" op_0_bw="32" op_1_bw="32" op_2_bw="32">
<![CDATA[
:17  %statemt_addr_4 = getelementptr [32 x i32]* %statemt, i32 0, i32 %tmp_12_cast

]]></Node>
<StgValue><ssdm name="statemt_addr_4"/></StgValue>
</operation>

<operation id="167" st_id="8" stage="1" lat="1">
<core>RAM</core>
<MemPortIdVec>0 </MemPortIdVec>
<condition id="15">
<or_exp><and_exp></and_exp></or_exp>
</condition>

<Node id="151" bw="0" op_0_bw="32" op_1_bw="5">
<![CDATA[
:18  store i32 %ret_load_3, i32* %statemt_addr_4, align 4

]]></Node>
<StgValue><ssdm name=""/></StgValue>
</operation>

<operation id="168" st_id="8" stage="1" lat="2">
<core>RAM</core>
<MemPortIdVec>1 </MemPortIdVec>
<condition id="15">
<or_exp><and_exp></and_exp></or_exp>
</condition>

<Node id="155" bw="32" op_0_bw="5">
<![CDATA[
:22  %ret_load_4 = load i32* %ret_addr_4, align 4

]]></Node>
<StgValue><ssdm name="ret_load_4"/></StgValue>
</operation>

<operation id="169" st_id="8" stage="1" lat="1">
<core>NULL</core>
<MemPortIdVec></MemPortIdVec>
<condition id="15">
<or_exp><and_exp></and_exp></or_exp>
</condition>

<Node id="156" bw="5" op_0_bw="32" op_1_bw="32" op_2_bw="32">
<![CDATA[
:23  %statemt_addr_5 = getelementptr [32 x i32]* %statemt, i32 0, i32 %tmp_13_cast

]]></Node>
<StgValue><ssdm name="statemt_addr_5"/></StgValue>
</operation>

<operation id="170" st_id="8" stage="1" lat="1">
<core>RAM</core>
<MemPortIdVec>1 </MemPortIdVec>
<condition id="15">
<or_exp><and_exp></and_exp></or_exp>
</condition>

<Node id="157" bw="0" op_0_bw="32" op_1_bw="5">
<![CDATA[
:24  store i32 %ret_load_4, i32* %statemt_addr_5, align 4

]]></Node>
<StgValue><ssdm name=""/></StgValue>
</operation>

<operation id="171" st_id="8" stage="1" lat="1">
<core>NULL</core>
<MemPortIdVec></MemPortIdVec>
<condition id="15">
<or_exp><and_exp></and_exp></or_exp>
</condition>

<Node id="158" bw="0" op_0_bw="0">
<![CDATA[
:25  br label %.preheader

]]></Node>
<StgValue><ssdm name=""/></StgValue>
</operation>
</state>
</state_list>


<ports>
<port id="183" name="statemt" dir="2" iftype="1">
<core>RAM</core><StgValue><ssdm name="statemt"/><MemPortTyVec>2 2 </MemPortTyVec>
</StgValue>
</port>
<port id="184" name="n" dir="0" iftype="0">
<core>NULL</core><StgValue><ssdm name="n"/></StgValue>
</port>
<port id="185" name="worda" dir="0" iftype="1">
<core>RAM</core><StgValue><ssdm name="worda"/><MemPortTyVec>1 1 </MemPortTyVec>
</StgValue>
</port>
</ports>


<dataflows>
<dataflow id="187" from="_ssdm_op_Read.ap_auto.i4" to="n_read" fromId="186" toId="9">
</dataflow>
<dataflow id="188" from="n" to="n_read" fromId="184" toId="9">
</dataflow>
<dataflow id="190" from="StgValue_189" to="ret" fromId="189" toId="10">
</dataflow>
<dataflow id="192" from="_ssdm_op_BitConcatenate.i6.i4.i2" to="tmp" fromId="191" toId="11">
</dataflow>
<dataflow id="193" from="n_read" to="tmp" fromId="9" toId="11">
</dataflow>
<dataflow id="195" from="StgValue_194" to="tmp" fromId="194" toId="11">
</dataflow>
<dataflow id="197" from="StgValue_196" to="j" fromId="196" toId="13">
<condition id="43">
<or_exp><and_exp></and_exp></or_exp>
</condition>
</dataflow>
<dataflow id="198" from="StgValue_12" to="j" fromId="12" toId="13">
</dataflow>
<dataflow id="199" from="j_3" to="j" fromId="17" toId="13">
<BackEdge/>
<condition id="44">
<or_exp><and_exp></and_exp></or_exp>
</condition>
</dataflow>
<dataflow id="200" from="StgValue_135" to="j" fromId="135" toId="13">
<BackEdge/>
</dataflow>
<dataflow id="201" from="j" to="j_cast1" fromId="13" toId="14">
</dataflow>
<dataflow id="202" from="j" to="exitcond1" fromId="13" toId="15">
</dataflow>
<dataflow id="204" from="StgValue_203" to="exitcond1" fromId="203" toId="15">
</dataflow>
<dataflow id="206" from="_ssdm_op_SpecLoopTripCount" to="empty" fromId="205" toId="16">
</dataflow>
<dataflow id="208" from="StgValue_207" to="empty" fromId="207" toId="16">
</dataflow>
<dataflow id="209" from="StgValue_207" to="empty" fromId="207" toId="16">
</dataflow>
<dataflow id="210" from="StgValue_207" to="empty" fromId="207" toId="16">
</dataflow>
<dataflow id="211" from="j" to="j_3" fromId="13" toId="17">
</dataflow>
<dataflow id="213" from="StgValue_212" to="j_3" fromId="212" toId="17">
</dataflow>
<dataflow id="214" from="exitcond1" to="StgValue_18" fromId="15" toId="18">
</dataflow>
<dataflow id="215" from="j" to="tmp_6" fromId="13" toId="19">
</dataflow>
<dataflow id="217" from="_ssdm_op_BitConcatenate.i4.i2.i2" to="tmp_5" fromId="216" toId="20">
</dataflow>
<dataflow id="218" from="tmp_6" to="tmp_5" fromId="19" toId="20">
</dataflow>
<dataflow id="219" from="StgValue_194" to="tmp_5" fromId="194" toId="20">
</dataflow>
<dataflow id="220" from="tmp_5" to="tmp_5_cast" fromId="20" toId="21">
</dataflow>
<dataflow id="221" from="statemt" to="statemt_addr" fromId="183" toId="22">
</dataflow>
<dataflow id="223" from="StgValue_222" to="statemt_addr" fromId="222" toId="22">
</dataflow>
<dataflow id="224" from="tmp_5_cast" to="statemt_addr" fromId="21" toId="22">
</dataflow>
<dataflow id="225" from="statemt_addr" to="x_6" fromId="22" toId="23">
</dataflow>
<dataflow id="226" from="tmp_5" to="tmp_9" fromId="20" toId="24">
</dataflow>
<dataflow id="228" from="StgValue_227" to="tmp_9" fromId="227" toId="24">
</dataflow>
<dataflow id="229" from="tmp_9" to="tmp_9_cast" fromId="24" toId="25">
</dataflow>
<dataflow id="230" from="statemt" to="statemt_addr_1" fromId="183" toId="26">
</dataflow>
<dataflow id="231" from="StgValue_222" to="statemt_addr_1" fromId="222" toId="26">
</dataflow>
<dataflow id="232" from="tmp_9_cast" to="statemt_addr_1" fromId="25" toId="26">
</dataflow>
<dataflow id="233" from="statemt_addr_1" to="x" fromId="26" toId="27">
</dataflow>
<dataflow id="234" from="tmp" to="tmp_14" fromId="11" toId="28">
</dataflow>
<dataflow id="235" from="j_cast1" to="tmp_14" fromId="14" toId="28">
</dataflow>
<dataflow id="236" from="tmp_14" to="tmp_16_cast" fromId="28" toId="29">
</dataflow>
<dataflow id="237" from="tmp_14" to="tmp_16_cast_cast" fromId="28" toId="30">
</dataflow>
<dataflow id="238" from="worda" to="worda_addr" fromId="185" toId="31">
</dataflow>
<dataflow id="239" from="StgValue_222" to="worda_addr" fromId="222" toId="31">
</dataflow>
<dataflow id="240" from="tmp_16_cast" to="worda_addr" fromId="29" toId="31">
</dataflow>
<dataflow id="242" from="StgValue_241" to="tmp_34" fromId="241" toId="32">
</dataflow>
<dataflow id="243" from="tmp_16_cast_cast" to="tmp_34" fromId="30" toId="32">
</dataflow>
<dataflow id="244" from="tmp_34" to="tmp_38_cast" fromId="32" toId="33">
</dataflow>
<dataflow id="245" from="worda" to="worda_addr_1" fromId="185" toId="34">
</dataflow>
<dataflow id="246" from="StgValue_222" to="worda_addr_1" fromId="222" toId="34">
</dataflow>
<dataflow id="247" from="tmp_38_cast" to="worda_addr_1" fromId="33" toId="34">
</dataflow>
<dataflow id="248" from="worda_addr" to="worda_load" fromId="31" toId="35">
</dataflow>
<dataflow id="249" from="worda_addr_1" to="worda_load_1" fromId="34" toId="36">
</dataflow>
<dataflow id="250" from="statemt_addr" to="x_6" fromId="22" toId="38">
</dataflow>
<dataflow id="252" from="_ssdm_op_PartSelect.i24.i32.i32.i32" to="tmp_s" fromId="251" toId="39">
</dataflow>
<dataflow id="253" from="x_6" to="tmp_s" fromId="38" toId="39">
</dataflow>
<dataflow id="255" from="StgValue_254" to="tmp_s" fromId="254" toId="39">
</dataflow>
<dataflow id="257" from="StgValue_256" to="tmp_s" fromId="256" toId="39">
</dataflow>
<dataflow id="259" from="_ssdm_op_BitConcatenate.i32.i24.i8" to="p_mask" fromId="258" toId="40">
</dataflow>
<dataflow id="260" from="tmp_s" to="p_mask" fromId="39" toId="40">
</dataflow>
<dataflow id="262" from="StgValue_261" to="p_mask" fromId="261" toId="40">
</dataflow>
<dataflow id="263" from="p_mask" to="tmp_7" fromId="40" toId="41">
</dataflow>
<dataflow id="265" from="StgValue_264" to="tmp_7" fromId="264" toId="41">
</dataflow>
<dataflow id="266" from="statemt_addr_1" to="x" fromId="26" toId="42">
</dataflow>
<dataflow id="267" from="tmp_5" to="tmp_10" fromId="20" toId="43">
</dataflow>
<dataflow id="269" from="StgValue_268" to="tmp_10" fromId="268" toId="43">
</dataflow>
<dataflow id="270" from="tmp_10" to="tmp_14_cast" fromId="43" toId="44">
</dataflow>
<dataflow id="271" from="statemt" to="statemt_addr_6" fromId="183" toId="45">
</dataflow>
<dataflow id="272" from="StgValue_222" to="statemt_addr_6" fromId="222" toId="45">
</dataflow>
<dataflow id="273" from="tmp_14_cast" to="statemt_addr_6" fromId="44" toId="45">
</dataflow>
<dataflow id="274" from="statemt_addr_6" to="x_2" fromId="45" toId="46">
</dataflow>
<dataflow id="275" from="tmp_5" to="tmp_11" fromId="20" toId="47">
</dataflow>
<dataflow id="277" from="StgValue_276" to="tmp_11" fromId="276" toId="47">
</dataflow>
<dataflow id="278" from="tmp_11" to="tmp_15_cast" fromId="47" toId="48">
</dataflow>
<dataflow id="279" from="statemt" to="statemt_addr_7" fromId="183" toId="49">
</dataflow>
<dataflow id="280" from="StgValue_222" to="statemt_addr_7" fromId="222" toId="49">
</dataflow>
<dataflow id="281" from="tmp_15_cast" to="statemt_addr_7" fromId="48" toId="49">
</dataflow>
<dataflow id="282" from="statemt_addr_7" to="x_4" fromId="49" toId="50">
</dataflow>
<dataflow id="283" from="tmp_14" to="tmp_16_cast_cast1" fromId="28" toId="51">
</dataflow>
<dataflow id="285" from="StgValue_284" to="tmp_35" fromId="284" toId="52">
</dataflow>
<dataflow id="286" from="tmp_16_cast_cast1" to="tmp_35" fromId="51" toId="52">
</dataflow>
<dataflow id="287" from="tmp_35" to="tmp_39_cast" fromId="52" toId="53">
</dataflow>
<dataflow id="288" from="worda" to="worda_addr_2" fromId="185" toId="54">
</dataflow>
<dataflow id="289" from="StgValue_222" to="worda_addr_2" fromId="222" toId="54">
</dataflow>
<dataflow id="290" from="tmp_39_cast" to="worda_addr_2" fromId="53" toId="54">
</dataflow>
<dataflow id="292" from="StgValue_291" to="tmp_36" fromId="291" toId="55">
</dataflow>
<dataflow id="293" from="tmp_16_cast_cast1" to="tmp_36" fromId="51" toId="55">
</dataflow>
<dataflow id="294" from="tmp_36" to="tmp_40_cast" fromId="55" toId="56">
</dataflow>
<dataflow id="295" from="worda" to="worda_addr_3" fromId="185" toId="57">
</dataflow>
<dataflow id="296" from="StgValue_222" to="worda_addr_3" fromId="222" toId="57">
</dataflow>
<dataflow id="297" from="tmp_40_cast" to="worda_addr_3" fromId="56" toId="57">
</dataflow>
<dataflow id="298" from="worda_addr" to="worda_load" fromId="31" toId="58">
</dataflow>
<dataflow id="299" from="_ssdm_op_PartSelect.i24.i32.i32.i32" to="tmp_37" fromId="251" toId="59">
</dataflow>
<dataflow id="300" from="x" to="tmp_37" fromId="42" toId="59">
</dataflow>
<dataflow id="301" from="StgValue_254" to="tmp_37" fromId="254" toId="59">
</dataflow>
<dataflow id="302" from="StgValue_256" to="tmp_37" fromId="256" toId="59">
</dataflow>
<dataflow id="303" from="_ssdm_op_BitConcatenate.i32.i24.i8" to="p_mask2" fromId="258" toId="60">
</dataflow>
<dataflow id="304" from="tmp_37" to="p_mask2" fromId="59" toId="60">
</dataflow>
<dataflow id="305" from="StgValue_261" to="p_mask2" fromId="261" toId="60">
</dataflow>
<dataflow id="306" from="p_mask2" to="tmp_16" fromId="60" toId="61">
</dataflow>
<dataflow id="307" from="StgValue_264" to="tmp_16" fromId="264" toId="61">
</dataflow>
<dataflow id="308" from="worda_addr_1" to="worda_load_1" fromId="34" toId="62">
</dataflow>
<dataflow id="309" from="worda_addr_2" to="worda_load_2" fromId="54" toId="63">
</dataflow>
<dataflow id="310" from="worda_addr_3" to="worda_load_3" fromId="57" toId="64">
</dataflow>
<dataflow id="311" from="x_6" to="tmp_18" fromId="38" toId="65">
</dataflow>
<dataflow id="312" from="StgValue_189" to="tmp_18" fromId="189" toId="65">
</dataflow>
<dataflow id="313" from="ret" to="ret_addr" fromId="10" toId="66">
</dataflow>
<dataflow id="314" from="StgValue_222" to="ret_addr" fromId="222" toId="66">
</dataflow>
<dataflow id="315" from="tmp_5_cast" to="ret_addr" fromId="21" toId="66">
</dataflow>
<dataflow id="316" from="tmp_18" to="tmp_8" fromId="65" toId="67">
</dataflow>
<dataflow id="318" from="StgValue_317" to="tmp_8" fromId="317" toId="67">
</dataflow>
<dataflow id="319" from="tmp_7" to="ret_load_1" fromId="41" toId="68">
</dataflow>
<dataflow id="320" from="tmp_8" to="ret_load_1" fromId="67" toId="68">
</dataflow>
<dataflow id="321" from="tmp_18" to="ret_load_1" fromId="65" toId="68">
</dataflow>
<dataflow id="322" from="x" to="tmp_24" fromId="42" toId="69">
</dataflow>
<dataflow id="323" from="StgValue_189" to="tmp_24" fromId="189" toId="69">
</dataflow>
<dataflow id="324" from="x" to="x_1" fromId="42" toId="70">
</dataflow>
<dataflow id="325" from="tmp_24" to="x_1" fromId="69" toId="70">
</dataflow>
<dataflow id="326" from="_ssdm_op_PartSelect.i24.i32.i32.i32" to="tmp_33" fromId="251" toId="71">
</dataflow>
<dataflow id="327" from="x_1" to="tmp_33" fromId="70" toId="71">
</dataflow>
<dataflow id="329" from="StgValue_328" to="tmp_33" fromId="328" toId="71">
</dataflow>
<dataflow id="331" from="StgValue_330" to="tmp_33" fromId="330" toId="71">
</dataflow>
<dataflow id="332" from="_ssdm_op_BitConcatenate.i32.i24.i8" to="p_mask1" fromId="258" toId="72">
</dataflow>
<dataflow id="333" from="tmp_33" to="p_mask1" fromId="71" toId="72">
</dataflow>
<dataflow id="334" from="StgValue_261" to="p_mask1" fromId="261" toId="72">
</dataflow>
<dataflow id="335" from="p_mask1" to="tmp_1" fromId="72" toId="73">
</dataflow>
<dataflow id="336" from="StgValue_264" to="tmp_1" fromId="264" toId="73">
</dataflow>
<dataflow id="337" from="x_1" to="tmp_3" fromId="70" toId="74">
</dataflow>
<dataflow id="338" from="StgValue_317" to="tmp_3" fromId="317" toId="74">
</dataflow>
<dataflow id="339" from="tmp_1" to="storemerge_v" fromId="73" toId="75">
</dataflow>
<dataflow id="340" from="tmp_3" to="storemerge_v" fromId="74" toId="75">
</dataflow>
<dataflow id="341" from="x_1" to="storemerge_v" fromId="70" toId="75">
</dataflow>
<dataflow id="342" from="statemt_addr_6" to="x_2" fromId="45" toId="76">
</dataflow>
<dataflow id="343" from="statemt_addr_7" to="x_4" fromId="49" toId="77">
</dataflow>
<dataflow id="344" from="x_2" to="tmp1" fromId="76" toId="78">
</dataflow>
<dataflow id="345" from="x_4" to="tmp1" fromId="77" toId="78">
</dataflow>
<dataflow id="346" from="ret_load_1" to="tmp3" fromId="68" toId="79">
</dataflow>
<dataflow id="347" from="storemerge_v" to="tmp3" fromId="75" toId="79">
</dataflow>
<dataflow id="348" from="tmp3" to="tmp2" fromId="79" toId="80">
</dataflow>
<dataflow id="349" from="worda_load" to="tmp2" fromId="58" toId="80">
</dataflow>
<dataflow id="350" from="tmp2" to="tmp_15" fromId="80" toId="81">
</dataflow>
<dataflow id="351" from="tmp1" to="tmp_15" fromId="78" toId="81">
</dataflow>
<dataflow id="352" from="tmp_15" to="StgValue_82" fromId="81" toId="82">
</dataflow>
<dataflow id="353" from="ret_addr" to="StgValue_82" fromId="66" toId="82">
</dataflow>
<dataflow id="354" from="ret" to="ret_addr_5" fromId="10" toId="83">
</dataflow>
<dataflow id="355" from="StgValue_222" to="ret_addr_5" fromId="222" toId="83">
</dataflow>
<dataflow id="356" from="tmp_9_cast" to="ret_addr_5" fromId="25" toId="83">
</dataflow>
<dataflow id="357" from="tmp_24" to="tmp_17" fromId="69" toId="84">
</dataflow>
<dataflow id="358" from="StgValue_317" to="tmp_17" fromId="317" toId="84">
</dataflow>
<dataflow id="359" from="tmp_16" to="tmp_23_tmp_s" fromId="61" toId="85">
</dataflow>
<dataflow id="360" from="tmp_17" to="tmp_23_tmp_s" fromId="84" toId="85">
</dataflow>
<dataflow id="361" from="tmp_24" to="tmp_23_tmp_s" fromId="69" toId="85">
</dataflow>
<dataflow id="362" from="x_2" to="tmp_38" fromId="76" toId="86">
</dataflow>
<dataflow id="363" from="StgValue_189" to="tmp_38" fromId="189" toId="86">
</dataflow>
<dataflow id="364" from="x_2" to="x_3" fromId="76" toId="87">
</dataflow>
<dataflow id="365" from="tmp_38" to="x_3" fromId="86" toId="87">
</dataflow>
<dataflow id="366" from="_ssdm_op_PartSelect.i24.i32.i32.i32" to="tmp_39" fromId="251" toId="88">
</dataflow>
<dataflow id="367" from="x_3" to="tmp_39" fromId="87" toId="88">
</dataflow>
<dataflow id="368" from="StgValue_328" to="tmp_39" fromId="328" toId="88">
</dataflow>
<dataflow id="369" from="StgValue_330" to="tmp_39" fromId="330" toId="88">
</dataflow>
<dataflow id="370" from="_ssdm_op_BitConcatenate.i32.i24.i8" to="p_mask3" fromId="258" toId="89">
</dataflow>
<dataflow id="371" from="tmp_39" to="p_mask3" fromId="88" toId="89">
</dataflow>
<dataflow id="372" from="StgValue_261" to="p_mask3" fromId="261" toId="89">
</dataflow>
<dataflow id="373" from="p_mask3" to="tmp_19" fromId="89" toId="90">
</dataflow>
<dataflow id="374" from="StgValue_264" to="tmp_19" fromId="264" toId="90">
</dataflow>
<dataflow id="375" from="x_3" to="tmp_20" fromId="87" toId="91">
</dataflow>
<dataflow id="376" from="StgValue_317" to="tmp_20" fromId="317" toId="91">
</dataflow>
<dataflow id="377" from="tmp_19" to="storemerge8_v" fromId="90" toId="92">
</dataflow>
<dataflow id="378" from="tmp_20" to="storemerge8_v" fromId="91" toId="92">
</dataflow>
<dataflow id="379" from="x_3" to="storemerge8_v" fromId="87" toId="92">
</dataflow>
<dataflow id="380" from="x_4" to="tmp4" fromId="77" toId="93">
</dataflow>
<dataflow id="381" from="x_6" to="tmp4" fromId="38" toId="93">
</dataflow>
<dataflow id="382" from="storemerge8_v" to="tmp6" fromId="92" toId="94">
</dataflow>
<dataflow id="383" from="tmp_23_tmp_s" to="tmp6" fromId="85" toId="94">
</dataflow>
<dataflow id="384" from="tmp6" to="tmp5" fromId="94" toId="95">
</dataflow>
<dataflow id="385" from="worda_load_1" to="tmp5" fromId="62" toId="95">
</dataflow>
<dataflow id="386" from="tmp5" to="tmp_21" fromId="95" toId="96">
</dataflow>
<dataflow id="387" from="tmp4" to="tmp_21" fromId="93" toId="96">
</dataflow>
<dataflow id="388" from="tmp_21" to="StgValue_97" fromId="96" toId="97">
</dataflow>
<dataflow id="389" from="ret_addr_5" to="StgValue_97" fromId="83" toId="97">
</dataflow>
<dataflow id="390" from="_ssdm_op_PartSelect.i24.i32.i32.i32" to="tmp_40" fromId="251" toId="98">
</dataflow>
<dataflow id="391" from="x_2" to="tmp_40" fromId="76" toId="98">
</dataflow>
<dataflow id="392" from="StgValue_254" to="tmp_40" fromId="254" toId="98">
</dataflow>
<dataflow id="393" from="StgValue_256" to="tmp_40" fromId="256" toId="98">
</dataflow>
<dataflow id="394" from="_ssdm_op_BitConcatenate.i32.i24.i8" to="p_mask4" fromId="258" toId="99">
</dataflow>
<dataflow id="395" from="tmp_40" to="p_mask4" fromId="98" toId="99">
</dataflow>
<dataflow id="396" from="StgValue_261" to="p_mask4" fromId="261" toId="99">
</dataflow>
<dataflow id="397" from="p_mask4" to="tmp_22" fromId="99" toId="100">
</dataflow>
<dataflow id="398" from="StgValue_264" to="tmp_22" fromId="264" toId="100">
</dataflow>
<dataflow id="399" from="tmp_38" to="tmp_23" fromId="86" toId="101">
</dataflow>
<dataflow id="400" from="StgValue_317" to="tmp_23" fromId="317" toId="101">
</dataflow>
<dataflow id="401" from="tmp_22" to="tmp_33_tmp_s" fromId="100" toId="102">
</dataflow>
<dataflow id="402" from="tmp_23" to="tmp_33_tmp_s" fromId="101" toId="102">
</dataflow>
<dataflow id="403" from="tmp_38" to="tmp_33_tmp_s" fromId="86" toId="102">
</dataflow>
<dataflow id="404" from="x_4" to="tmp_41" fromId="77" toId="103">
</dataflow>
<dataflow id="405" from="StgValue_189" to="tmp_41" fromId="189" toId="103">
</dataflow>
<dataflow id="406" from="x_4" to="x_5" fromId="77" toId="104">
</dataflow>
<dataflow id="407" from="tmp_41" to="x_5" fromId="103" toId="104">
</dataflow>
<dataflow id="408" from="_ssdm_op_PartSelect.i24.i32.i32.i32" to="tmp_42" fromId="251" toId="105">
</dataflow>
<dataflow id="409" from="x_5" to="tmp_42" fromId="104" toId="105">
</dataflow>
<dataflow id="410" from="StgValue_328" to="tmp_42" fromId="328" toId="105">
</dataflow>
<dataflow id="411" from="StgValue_330" to="tmp_42" fromId="330" toId="105">
</dataflow>
<dataflow id="412" from="_ssdm_op_BitConcatenate.i32.i24.i8" to="p_mask5" fromId="258" toId="106">
</dataflow>
<dataflow id="413" from="tmp_42" to="p_mask5" fromId="105" toId="106">
</dataflow>
<dataflow id="414" from="StgValue_261" to="p_mask5" fromId="261" toId="106">
</dataflow>
<dataflow id="415" from="p_mask5" to="tmp_25" fromId="106" toId="107">
</dataflow>
<dataflow id="416" from="StgValue_264" to="tmp_25" fromId="264" toId="107">
</dataflow>
<dataflow id="417" from="x_5" to="tmp_26" fromId="104" toId="108">
</dataflow>
<dataflow id="418" from="StgValue_317" to="tmp_26" fromId="317" toId="108">
</dataflow>
<dataflow id="419" from="tmp_25" to="storemerge9_v" fromId="107" toId="109">
</dataflow>
<dataflow id="420" from="tmp_26" to="storemerge9_v" fromId="108" toId="109">
</dataflow>
<dataflow id="421" from="x_5" to="storemerge9_v" fromId="104" toId="109">
</dataflow>
<dataflow id="422" from="worda_addr_2" to="worda_load_2" fromId="54" toId="110">
</dataflow>
<dataflow id="423" from="x" to="tmp7" fromId="42" toId="111">
</dataflow>
<dataflow id="424" from="x_6" to="tmp7" fromId="38" toId="111">
</dataflow>
<dataflow id="425" from="storemerge9_v" to="tmp9" fromId="109" toId="112">
</dataflow>
<dataflow id="426" from="tmp_33_tmp_s" to="tmp9" fromId="102" toId="112">
</dataflow>
<dataflow id="427" from="tmp9" to="tmp8" fromId="112" toId="113">
</dataflow>
<dataflow id="428" from="worda_load_2" to="tmp8" fromId="110" toId="113">
</dataflow>
<dataflow id="429" from="tmp8" to="tmp_27" fromId="113" toId="114">
</dataflow>
<dataflow id="430" from="tmp7" to="tmp_27" fromId="111" toId="114">
</dataflow>
<dataflow id="431" from="_ssdm_op_PartSelect.i24.i32.i32.i32" to="tmp_43" fromId="251" toId="115">
</dataflow>
<dataflow id="432" from="x_4" to="tmp_43" fromId="77" toId="115">
</dataflow>
<dataflow id="433" from="StgValue_254" to="tmp_43" fromId="254" toId="115">
</dataflow>
<dataflow id="434" from="StgValue_256" to="tmp_43" fromId="256" toId="115">
</dataflow>
<dataflow id="435" from="_ssdm_op_BitConcatenate.i32.i24.i8" to="p_mask6" fromId="258" toId="116">
</dataflow>
<dataflow id="436" from="tmp_43" to="p_mask6" fromId="115" toId="116">
</dataflow>
<dataflow id="437" from="StgValue_261" to="p_mask6" fromId="261" toId="116">
</dataflow>
<dataflow id="438" from="p_mask6" to="tmp_28" fromId="116" toId="117">
</dataflow>
<dataflow id="439" from="StgValue_264" to="tmp_28" fromId="264" toId="117">
</dataflow>
<dataflow id="440" from="tmp_41" to="tmp_29" fromId="103" toId="118">
</dataflow>
<dataflow id="441" from="StgValue_317" to="tmp_29" fromId="317" toId="118">
</dataflow>
<dataflow id="442" from="tmp_28" to="tmp_43_tmp_s" fromId="117" toId="119">
</dataflow>
<dataflow id="443" from="tmp_29" to="tmp_43_tmp_s" fromId="118" toId="119">
</dataflow>
<dataflow id="444" from="tmp_41" to="tmp_43_tmp_s" fromId="103" toId="119">
</dataflow>
<dataflow id="445" from="x_6" to="x_7" fromId="38" toId="120">
</dataflow>
<dataflow id="446" from="tmp_18" to="x_7" fromId="65" toId="120">
</dataflow>
<dataflow id="447" from="_ssdm_op_PartSelect.i24.i32.i32.i32" to="tmp_44" fromId="251" toId="121">
</dataflow>
<dataflow id="448" from="x_7" to="tmp_44" fromId="120" toId="121">
</dataflow>
<dataflow id="449" from="StgValue_328" to="tmp_44" fromId="328" toId="121">
</dataflow>
<dataflow id="450" from="StgValue_330" to="tmp_44" fromId="330" toId="121">
</dataflow>
<dataflow id="451" from="_ssdm_op_BitConcatenate.i32.i24.i8" to="p_mask7" fromId="258" toId="122">
</dataflow>
<dataflow id="452" from="tmp_44" to="p_mask7" fromId="121" toId="122">
</dataflow>
<dataflow id="453" from="StgValue_261" to="p_mask7" fromId="261" toId="122">
</dataflow>
<dataflow id="454" from="p_mask7" to="tmp_30" fromId="122" toId="123">
</dataflow>
<dataflow id="455" from="StgValue_264" to="tmp_30" fromId="264" toId="123">
</dataflow>
<dataflow id="456" from="x_7" to="tmp_31" fromId="120" toId="124">
</dataflow>
<dataflow id="457" from="StgValue_317" to="tmp_31" fromId="317" toId="124">
</dataflow>
<dataflow id="458" from="tmp_30" to="storemerge1_v" fromId="123" toId="125">
</dataflow>
<dataflow id="459" from="tmp_31" to="storemerge1_v" fromId="124" toId="125">
</dataflow>
<dataflow id="460" from="x_7" to="storemerge1_v" fromId="120" toId="125">
</dataflow>
<dataflow id="461" from="worda_addr_3" to="worda_load_3" fromId="57" toId="126">
</dataflow>
<dataflow id="462" from="x_2" to="tmp10" fromId="76" toId="127">
</dataflow>
<dataflow id="463" from="x" to="tmp10" fromId="42" toId="127">
</dataflow>
<dataflow id="464" from="storemerge1_v" to="tmp12" fromId="125" toId="128">
</dataflow>
<dataflow id="465" from="tmp_43_tmp_s" to="tmp12" fromId="119" toId="128">
</dataflow>
<dataflow id="466" from="tmp12" to="tmp11" fromId="128" toId="129">
</dataflow>
<dataflow id="467" from="worda_load_3" to="tmp11" fromId="126" toId="129">
</dataflow>
<dataflow id="468" from="tmp11" to="tmp_32" fromId="129" toId="130">
</dataflow>
<dataflow id="469" from="tmp10" to="tmp_32" fromId="127" toId="130">
</dataflow>
<dataflow id="470" from="ret" to="ret_addr_6" fromId="10" toId="131">
</dataflow>
<dataflow id="471" from="StgValue_222" to="ret_addr_6" fromId="222" toId="131">
</dataflow>
<dataflow id="472" from="tmp_14_cast" to="ret_addr_6" fromId="44" toId="131">
</dataflow>
<dataflow id="473" from="tmp_27" to="StgValue_132" fromId="114" toId="132">
</dataflow>
<dataflow id="474" from="ret_addr_6" to="StgValue_132" fromId="131" toId="132">
</dataflow>
<dataflow id="475" from="ret" to="ret_addr_7" fromId="10" toId="133">
</dataflow>
<dataflow id="476" from="StgValue_222" to="ret_addr_7" fromId="222" toId="133">
</dataflow>
<dataflow id="477" from="tmp_15_cast" to="ret_addr_7" fromId="48" toId="133">
</dataflow>
<dataflow id="478" from="tmp_32" to="StgValue_134" fromId="130" toId="134">
</dataflow>
<dataflow id="479" from="ret_addr_7" to="StgValue_134" fromId="133" toId="134">
</dataflow>
<dataflow id="480" from="j_2" to="j_1" fromId="139" toId="136">
<BackEdge/>
<condition id="45">
<or_exp><and_exp></and_exp></or_exp>
</condition>
</dataflow>
<dataflow id="481" from="StgValue_171" to="j_1" fromId="171" toId="136">
<BackEdge/>
</dataflow>
<dataflow id="482" from="StgValue_196" to="j_1" fromId="196" toId="136">
<condition id="46">
<or_exp><and_exp><literal name="exitcond1" val="1"/>
</and_exp></or_exp>
</condition>
</dataflow>
<dataflow id="483" from="StgValue_37" to="j_1" fromId="37" toId="136">
</dataflow>
<dataflow id="484" from="j_1" to="exitcond" fromId="136" toId="137">
</dataflow>
<dataflow id="485" from="StgValue_203" to="exitcond" fromId="203" toId="137">
</dataflow>
<dataflow id="486" from="_ssdm_op_SpecLoopTripCount" to="empty_41" fromId="205" toId="138">
</dataflow>
<dataflow id="487" from="StgValue_207" to="empty_41" fromId="207" toId="138">
</dataflow>
<dataflow id="488" from="StgValue_207" to="empty_41" fromId="207" toId="138">
</dataflow>
<dataflow id="489" from="StgValue_207" to="empty_41" fromId="207" toId="138">
</dataflow>
<dataflow id="490" from="j_1" to="j_2" fromId="136" toId="139">
</dataflow>
<dataflow id="491" from="StgValue_212" to="j_2" fromId="212" toId="139">
</dataflow>
<dataflow id="492" from="exitcond" to="StgValue_140" fromId="137" toId="140">
</dataflow>
<dataflow id="493" from="j_1" to="tmp_45" fromId="136" toId="141">
</dataflow>
<dataflow id="494" from="_ssdm_op_BitConcatenate.i4.i2.i2" to="tmp_2" fromId="216" toId="142">
</dataflow>
<dataflow id="495" from="tmp_45" to="tmp_2" fromId="141" toId="142">
</dataflow>
<dataflow id="496" from="StgValue_194" to="tmp_2" fromId="194" toId="142">
</dataflow>
<dataflow id="497" from="tmp_2" to="tmp_2_cast" fromId="142" toId="143">
</dataflow>
<dataflow id="498" from="ret" to="ret_addr_1" fromId="10" toId="144">
</dataflow>
<dataflow id="499" from="StgValue_222" to="ret_addr_1" fromId="222" toId="144">
</dataflow>
<dataflow id="500" from="tmp_2_cast" to="ret_addr_1" fromId="143" toId="144">
</dataflow>
<dataflow id="501" from="ret_addr_1" to="ret_load" fromId="144" toId="145">
</dataflow>
<dataflow id="502" from="tmp_2" to="tmp_4" fromId="142" toId="146">
</dataflow>
<dataflow id="503" from="StgValue_227" to="tmp_4" fromId="227" toId="146">
</dataflow>
<dataflow id="504" from="tmp_4" to="tmp_4_cast" fromId="146" toId="147">
</dataflow>
<dataflow id="505" from="ret" to="ret_addr_2" fromId="10" toId="148">
</dataflow>
<dataflow id="506" from="StgValue_222" to="ret_addr_2" fromId="222" toId="148">
</dataflow>
<dataflow id="507" from="tmp_4_cast" to="ret_addr_2" fromId="147" toId="148">
</dataflow>
<dataflow id="508" from="ret_addr_2" to="ret_load_2" fromId="148" toId="149">
</dataflow>
<dataflow id="509" from="ret_addr_1" to="ret_load" fromId="144" toId="151">
</dataflow>
<dataflow id="510" from="statemt" to="statemt_addr_2" fromId="183" toId="152">
</dataflow>
<dataflow id="511" from="StgValue_222" to="statemt_addr_2" fromId="222" toId="152">
</dataflow>
<dataflow id="512" from="tmp_2_cast" to="statemt_addr_2" fromId="143" toId="152">
</dataflow>
<dataflow id="513" from="ret_load" to="StgValue_153" fromId="151" toId="153">
</dataflow>
<dataflow id="514" from="statemt_addr_2" to="StgValue_153" fromId="152" toId="153">
</dataflow>
<dataflow id="515" from="ret_addr_2" to="ret_load_2" fromId="148" toId="154">
</dataflow>
<dataflow id="516" from="statemt" to="statemt_addr_3" fromId="183" toId="155">
</dataflow>
<dataflow id="517" from="StgValue_222" to="statemt_addr_3" fromId="222" toId="155">
</dataflow>
<dataflow id="518" from="tmp_4_cast" to="statemt_addr_3" fromId="147" toId="155">
</dataflow>
<dataflow id="519" from="ret_load_2" to="StgValue_156" fromId="154" toId="156">
</dataflow>
<dataflow id="520" from="statemt_addr_3" to="StgValue_156" fromId="155" toId="156">
</dataflow>
<dataflow id="521" from="tmp_2" to="tmp_12" fromId="142" toId="157">
</dataflow>
<dataflow id="522" from="StgValue_268" to="tmp_12" fromId="268" toId="157">
</dataflow>
<dataflow id="523" from="tmp_12" to="tmp_12_cast" fromId="157" toId="158">
</dataflow>
<dataflow id="524" from="ret" to="ret_addr_3" fromId="10" toId="159">
</dataflow>
<dataflow id="525" from="StgValue_222" to="ret_addr_3" fromId="222" toId="159">
</dataflow>
<dataflow id="526" from="tmp_12_cast" to="ret_addr_3" fromId="158" toId="159">
</dataflow>
<dataflow id="527" from="ret_addr_3" to="ret_load_3" fromId="159" toId="160">
</dataflow>
<dataflow id="528" from="tmp_2" to="tmp_13" fromId="142" toId="161">
</dataflow>
<dataflow id="529" from="StgValue_276" to="tmp_13" fromId="276" toId="161">
</dataflow>
<dataflow id="530" from="tmp_13" to="tmp_13_cast" fromId="161" toId="162">
</dataflow>
<dataflow id="531" from="ret" to="ret_addr_4" fromId="10" toId="163">
</dataflow>
<dataflow id="532" from="StgValue_222" to="ret_addr_4" fromId="222" toId="163">
</dataflow>
<dataflow id="533" from="tmp_13_cast" to="ret_addr_4" fromId="162" toId="163">
</dataflow>
<dataflow id="534" from="ret_addr_4" to="ret_load_4" fromId="163" toId="164">
</dataflow>
<dataflow id="535" from="ret_addr_3" to="ret_load_3" fromId="159" toId="165">
</dataflow>
<dataflow id="536" from="statemt" to="statemt_addr_4" fromId="183" toId="166">
</dataflow>
<dataflow id="537" from="StgValue_222" to="statemt_addr_4" fromId="222" toId="166">
</dataflow>
<dataflow id="538" from="tmp_12_cast" to="statemt_addr_4" fromId="158" toId="166">
</dataflow>
<dataflow id="539" from="ret_load_3" to="StgValue_167" fromId="165" toId="167">
</dataflow>
<dataflow id="540" from="statemt_addr_4" to="StgValue_167" fromId="166" toId="167">
</dataflow>
<dataflow id="541" from="ret_addr_4" to="ret_load_4" fromId="163" toId="168">
</dataflow>
<dataflow id="542" from="statemt" to="statemt_addr_5" fromId="183" toId="169">
</dataflow>
<dataflow id="543" from="StgValue_222" to="statemt_addr_5" fromId="222" toId="169">
</dataflow>
<dataflow id="544" from="tmp_13_cast" to="statemt_addr_5" fromId="162" toId="169">
</dataflow>
<dataflow id="545" from="ret_load_4" to="StgValue_170" fromId="168" toId="170">
</dataflow>
<dataflow id="546" from="statemt_addr_5" to="StgValue_170" fromId="169" toId="170">
</dataflow>
<dataflow id="547" from="exitcond1" to="StgValue_2" fromId="15" toId="2">
</dataflow>
<dataflow id="548" from="tmp_7" to="StgValue_4" fromId="41" toId="4">
</dataflow>
<dataflow id="549" from="tmp_16" to="StgValue_4" fromId="61" toId="4">
</dataflow>
<dataflow id="550" from="exitcond" to="StgValue_6" fromId="137" toId="6">
</dataflow>
</dataflows>


</stg>
