<profile>

<section name = "Vivado HLS Report for 'AddRoundKey'" level="0">
<item name = "Date">Thu Dec  7 12:29:19 2017
</item>
<item name = "Version">2017.2 (Build 1909853 on Thu Jun 15 18:55:24 MDT 2017)</item>
<item name = "Project">Third</item>
<item name = "Solution">solution1</item>
<item name = "Product family">zynquplus</item>
<item name = "Target device">xczu7eg-ffvf1517-1l-i</item>
</section>

<section name = "Performance Estimates" level="0">
<item name = "Timing (ns)">
<section name = "" level="1">
<item name = "Summary"><table name="" hasTotal="0">
<keys size="4">Clock, Target, Estimated, Uncertainty</keys>
<column name="ap_clk">10.00, 3.18, 1.25</column>
</table>
</item>
</section>
</item>
<item name = "Latency (clock cycles)">
<section name = "" level="1">
<item name = "Summary"><table name="" hasTotal="0">
<keys size="6">, min, max, min, max, Type</keys>
<column name="">17, 17, 17, 17, none</column>
</table>
</item>
<item name = "Detail">
<section name = "" level="1">
<item name = "Instance"><table name="" hasTotal="0">
<keys size="7">Instance, Module, min, max, min, max, Type</keys>
</table>
</item>
<item name = "Loop"><table name="" hasTotal="0">
<keys size="8">Loop Name, min, max, Latency, achieved, target, Count, Pipelined</keys>
<column name="- Loop 1">16, 16, 4, -, -, 4, no</column>
</table>
</item>
</section>
</item>
</section>
</item>
</section>

<section name = "Utilization Estimates" level="0">
<item name = "Summary"><table name="" hasTotal="1">
<keys size="6">Name, BRAM_18K, DSP48E, FF, LUT, URAM</keys>
<column name="DSP">-, -, -, -, -</column>
<column name="Expression">-, -, 130, 143, -</column>
<column name="FIFO">-, -, -, -, -</column>
<column name="Instance">-, -, -, -, -</column>
<column name="Memory">-, -, -, -, -</column>
<column name="Multiplexer">-, -, -, 126, -</column>
<column name="Register">-, -, 95, -, -</column>
<specialColumn name="Available">624, 1728, 460800, 230400, 96</specialColumn>
<specialColumn name="Utilization (%)">0, 0, ~0, ~0, 0</specialColumn>
</table>
</item>
<item name = "Detail">
<section name = "" level="1">
<item name = "Instance"><table name="" hasTotal="1">
<keys size="6">Instance, Module, BRAM_18K, DSP48E, FF, LUT</keys>
</table>
</item>
<item name = "DSP48"><table name="" hasTotal="0">
<keys size="3">Instance, Module, Expression</keys>
</table>
</item>
<item name = "Memory"><table name="" hasTotal="1">
<keys size="9">Memory, Module, BRAM_18K, FF, LUT, Words, Bits, Banks, W*Bits*Banks</keys>
</table>
</item>
<item name = "FIFO"><table name="" hasTotal="1">
<keys size="7">Name, BRAM_18K, FF, LUT, Depth, Bits, Size:D*B</keys>
</table>
</item>
<item name = "Expression"><table name="" hasTotal="1">
<keys size="7">Variable Name, Operation, DSP48E, FF, LUT, Bitwidth P0, Bitwidth P1</keys>
<column name="j_6_fu_171_p2">+, 0, 14, 9, 3, 1</column>
<column name="tmp_100_fu_244_p2">+, 0, 32, 15, 9, 9</column>
<column name="tmp_98_fu_191_p2">+, 0, 29, 14, 7, 8</column>
<column name="tmp_99_fu_233_p2">+, 0, 32, 15, 8, 9</column>
<column name="tmp_s_fu_177_p2">+, 0, 23, 12, 6, 6</column>
<column name="exitcond_fu_165_p2">icmp, 0, 0, 2, 3, 4</column>
<column name="tmp_39_fu_219_p2">or, 0, 0, 4, 4, 1</column>
<column name="tmp_41_fu_255_p2">or, 0, 0, 4, 4, 2</column>
<column name="tmp_43_fu_265_p2">or, 0, 0, 4, 4, 2</column>
<column name="grp_fu_133_p2">xor, 0, 0, 32, 32, 32</column>
<column name="grp_fu_139_p2">xor, 0, 0, 32, 32, 32</column>
</table>
</item>
<item name = "Multiplexer"><table name="" hasTotal="1">
<keys size="5">Name, LUT, Input Size, Bits, Total Bits</keys>
<column name="ap_NS_fsm">33, 6, 1, 6</column>
<column name="j_reg_122">9, 2, 3, 6</column>
<column name="statemt_address0">27, 5, 5, 25</column>
<column name="statemt_address1">27, 5, 5, 25</column>
<column name="word_address0">15, 3, 9, 27</column>
<column name="word_address1">15, 3, 9, 27</column>
</table>
</item>
<item name = "Register"><table name="" hasTotal="1">
<keys size="5">Name, FF, LUT, Bits, Const Bits</keys>
<column name="ap_CS_fsm">5, 0, 5, 0</column>
<column name="j_6_reg_283">3, 0, 3, 0</column>
<column name="j_reg_122">3, 0, 3, 0</column>
<column name="reg_145">32, 0, 32, 0</column>
<column name="reg_150">32, 0, 32, 0</column>
<column name="statemt_addr_23_reg_314">2, 0, 5, 3</column>
<column name="statemt_addr_24_reg_329">2, 0, 5, 3</column>
<column name="statemt_addr_25_reg_334">2, 0, 5, 3</column>
<column name="statemt_addr_reg_309">2, 0, 5, 3</column>
<column name="tmp_37_reg_303">2, 0, 4, 2</column>
<column name="tmp_reg_275">4, 0, 6, 2</column>
<column name="tmp_s_reg_288">6, 0, 6, 0</column>
</table>
</item>
</section>
</item>
</section>

<section name = "Interface" level="0">
<item name = "Summary"><table name="" hasTotal="0">
<keys size="6">RTL Ports, Dir, Bits, Protocol, Source Object, C Type</keys>
<column name="ap_clk">in, 1, ap_ctrl_hs, AddRoundKey, return value</column>
<column name="ap_rst">in, 1, ap_ctrl_hs, AddRoundKey, return value</column>
<column name="ap_start">in, 1, ap_ctrl_hs, AddRoundKey, return value</column>
<column name="ap_done">out, 1, ap_ctrl_hs, AddRoundKey, return value</column>
<column name="ap_idle">out, 1, ap_ctrl_hs, AddRoundKey, return value</column>
<column name="ap_ready">out, 1, ap_ctrl_hs, AddRoundKey, return value</column>
<column name="statemt_address0">out, 5, ap_memory, statemt, array</column>
<column name="statemt_ce0">out, 1, ap_memory, statemt, array</column>
<column name="statemt_we0">out, 1, ap_memory, statemt, array</column>
<column name="statemt_d0">out, 32, ap_memory, statemt, array</column>
<column name="statemt_q0">in, 32, ap_memory, statemt, array</column>
<column name="statemt_address1">out, 5, ap_memory, statemt, array</column>
<column name="statemt_ce1">out, 1, ap_memory, statemt, array</column>
<column name="statemt_we1">out, 1, ap_memory, statemt, array</column>
<column name="statemt_d1">out, 32, ap_memory, statemt, array</column>
<column name="statemt_q1">in, 32, ap_memory, statemt, array</column>
<column name="n">in, 6, ap_none, n, scalar</column>
<column name="word_address0">out, 9, ap_memory, word, array</column>
<column name="word_ce0">out, 1, ap_memory, word, array</column>
<column name="word_q0">in, 32, ap_memory, word, array</column>
<column name="word_address1">out, 9, ap_memory, word, array</column>
<column name="word_ce1">out, 1, ap_memory, word, array</column>
<column name="word_q1">in, 32, ap_memory, word, array</column>
</table>
</item>
</section>
</profile>
