<stg><name>ByteSub_ShiftRow</name>


<trans_list>

<trans id="146" from="1" to="2">
<condition id="16">
<or_exp><and_exp></and_exp></or_exp>
</condition>
</trans>

<trans id="147" from="2" to="3">
<condition id="17">
<or_exp><and_exp></and_exp></or_exp>
</condition>
</trans>

<trans id="148" from="3" to="4">
<condition id="18">
<or_exp><and_exp></and_exp></or_exp>
</condition>
</trans>

<trans id="149" from="4" to="5">
<condition id="19">
<or_exp><and_exp></and_exp></or_exp>
</condition>
</trans>

<trans id="150" from="5" to="6">
<condition id="20">
<or_exp><and_exp></and_exp></or_exp>
</condition>
</trans>

<trans id="151" from="6" to="7">
<condition id="21">
<or_exp><and_exp></and_exp></or_exp>
</condition>
</trans>

<trans id="152" from="7" to="8">
<condition id="22">
<or_exp><and_exp></and_exp></or_exp>
</condition>
</trans>

<trans id="153" from="8" to="9">
<condition id="23">
<or_exp><and_exp></and_exp></or_exp>
</condition>
</trans>

<trans id="154" from="9" to="10">
<condition id="24">
<or_exp><and_exp></and_exp></or_exp>
</condition>
</trans>

<trans id="155" from="10" to="11">
<condition id="25">
<or_exp><and_exp></and_exp></or_exp>
</condition>
</trans>

<trans id="156" from="11" to="12">
<condition id="26">
<or_exp><and_exp></and_exp></or_exp>
</condition>
</trans>

<trans id="157" from="12" to="13">
<condition id="27">
<or_exp><and_exp></and_exp></or_exp>
</condition>
</trans>

<trans id="158" from="13" to="14">
<condition id="28">
<or_exp><and_exp></and_exp></or_exp>
</condition>
</trans>

<trans id="159" from="14" to="15">
<condition id="29">
<or_exp><and_exp></and_exp></or_exp>
</condition>
</trans>

<trans id="160" from="15" to="16">
<condition id="30">
<or_exp><and_exp></and_exp></or_exp>
</condition>
</trans>
</trans_list>



<state_list>

<state id="1" st_id="1">

<operation id="17" st_id="1" stage="1" lat="1">
<core>NULL</core>
<MemPortIdVec></MemPortIdVec>
<condition id="0">
<or_exp><and_exp></and_exp></or_exp>
</condition>

<Node id="4" bw="5" op_0_bw="32" op_1_bw="32" op_2_bw="32">
<![CDATA[
._crit_edge:1  %statemt_addr_8 = getelementptr [32 x i32]* %statemt, i32 0, i32 1

]]></Node>
<StgValue><ssdm name="statemt_addr_8"/></StgValue>
</operation>

<operation id="18" st_id="1" stage="2" lat="2">
<core>RAM</core>
<MemPortIdVec>0 </MemPortIdVec>
<condition id="0">
<or_exp><and_exp></and_exp></or_exp>
</condition>

<Node id="5" bw="32" op_0_bw="5">
<![CDATA[
._crit_edge:2  %statemt_load = load i32* %statemt_addr_8, align 4

]]></Node>
<StgValue><ssdm name="statemt_load"/></StgValue>
</operation>

<operation id="19" st_id="1" stage="1" lat="1">
<core>NULL</core>
<MemPortIdVec></MemPortIdVec>
<condition id="0">
<or_exp><and_exp></and_exp></or_exp>
</condition>

<Node id="9" bw="5" op_0_bw="32" op_1_bw="32" op_2_bw="32">
<![CDATA[
._crit_edge:6  %statemt_addr_9 = getelementptr [32 x i32]* %statemt, i32 0, i32 5

]]></Node>
<StgValue><ssdm name="statemt_addr_9"/></StgValue>
</operation>

<operation id="20" st_id="1" stage="2" lat="2">
<core>RAM</core>
<MemPortIdVec>1 </MemPortIdVec>
<condition id="0">
<or_exp><and_exp></and_exp></or_exp>
</condition>

<Node id="10" bw="32" op_0_bw="5">
<![CDATA[
._crit_edge:7  %statemt_load_4 = load i32* %statemt_addr_9, align 4

]]></Node>
<StgValue><ssdm name="statemt_load_4"/></StgValue>
</operation>
</state>

<state id="2" st_id="2">

<operation id="21" st_id="2" stage="1" lat="2">
<core>RAM</core>
<MemPortIdVec>0 </MemPortIdVec>
<condition id="1">
<or_exp><and_exp></and_exp></or_exp>
</condition>

<Node id="5" bw="32" op_0_bw="5">
<![CDATA[
._crit_edge:2  %statemt_load = load i32* %statemt_addr_8, align 4

]]></Node>
<StgValue><ssdm name="statemt_load"/></StgValue>
</operation>

<operation id="22" st_id="2" stage="1" lat="1">
<core>NULL</core>
<MemPortIdVec></MemPortIdVec>
<condition id="1">
<or_exp><and_exp></and_exp></or_exp>
</condition>

<Node id="6" bw="8" op_0_bw="8" op_1_bw="32" op_2_bw="32">
<![CDATA[
._crit_edge:3  %Sbox_addr = getelementptr [256 x i8]* @Sbox, i32 0, i32 %statemt_load

]]></Node>
<StgValue><ssdm name="Sbox_addr"/></StgValue>
</operation>

<operation id="23" st_id="2" stage="2" lat="2">
<core>ROM_nP</core>
<MemPortIdVec>0 </MemPortIdVec>
<condition id="1">
<or_exp><and_exp></and_exp></or_exp>
</condition>

<Node id="7" bw="8" op_0_bw="8">
<![CDATA[
._crit_edge:4  %temp = load i8* %Sbox_addr, align 1

]]></Node>
<StgValue><ssdm name="temp"/></StgValue>
</operation>

<operation id="24" st_id="2" stage="1" lat="2">
<core>RAM</core>
<MemPortIdVec>1 </MemPortIdVec>
<condition id="1">
<or_exp><and_exp></and_exp></or_exp>
</condition>

<Node id="10" bw="32" op_0_bw="5">
<![CDATA[
._crit_edge:7  %statemt_load_4 = load i32* %statemt_addr_9, align 4

]]></Node>
<StgValue><ssdm name="statemt_load_4"/></StgValue>
</operation>

<operation id="25" st_id="2" stage="1" lat="1">
<core>NULL</core>
<MemPortIdVec></MemPortIdVec>
<condition id="1">
<or_exp><and_exp></and_exp></or_exp>
</condition>

<Node id="11" bw="8" op_0_bw="8" op_1_bw="32" op_2_bw="32">
<![CDATA[
._crit_edge:8  %Sbox_addr_1 = getelementptr [256 x i8]* @Sbox, i32 0, i32 %statemt_load_4

]]></Node>
<StgValue><ssdm name="Sbox_addr_1"/></StgValue>
</operation>

<operation id="26" st_id="2" stage="2" lat="2">
<core>ROM_nP</core>
<MemPortIdVec>1 </MemPortIdVec>
<condition id="1">
<or_exp><and_exp></and_exp></or_exp>
</condition>

<Node id="12" bw="8" op_0_bw="8">
<![CDATA[
._crit_edge:9  %Sbox_load = load i8* %Sbox_addr_1, align 1

]]></Node>
<StgValue><ssdm name="Sbox_load"/></StgValue>
</operation>

<operation id="27" st_id="2" stage="1" lat="1">
<core>NULL</core>
<MemPortIdVec></MemPortIdVec>
<condition id="1">
<or_exp><and_exp></and_exp></or_exp>
</condition>

<Node id="15" bw="5" op_0_bw="32" op_1_bw="32" op_2_bw="32">
<![CDATA[
._crit_edge:12  %statemt_addr_10 = getelementptr [32 x i32]* %statemt, i32 0, i32 9

]]></Node>
<StgValue><ssdm name="statemt_addr_10"/></StgValue>
</operation>

<operation id="28" st_id="2" stage="2" lat="2">
<core>RAM</core>
<MemPortIdVec>0 </MemPortIdVec>
<condition id="1">
<or_exp><and_exp></and_exp></or_exp>
</condition>

<Node id="16" bw="32" op_0_bw="5">
<![CDATA[
._crit_edge:13  %statemt_load_5 = load i32* %statemt_addr_10, align 4

]]></Node>
<StgValue><ssdm name="statemt_load_5"/></StgValue>
</operation>

<operation id="29" st_id="2" stage="1" lat="1">
<core>NULL</core>
<MemPortIdVec></MemPortIdVec>
<condition id="1">
<or_exp><and_exp></and_exp></or_exp>
</condition>

<Node id="21" bw="5" op_0_bw="32" op_1_bw="32" op_2_bw="32">
<![CDATA[
._crit_edge:18  %statemt_addr_11 = getelementptr [32 x i32]* %statemt, i32 0, i32 13

]]></Node>
<StgValue><ssdm name="statemt_addr_11"/></StgValue>
</operation>

<operation id="30" st_id="2" stage="2" lat="2">
<core>RAM</core>
<MemPortIdVec>1 </MemPortIdVec>
<condition id="1">
<or_exp><and_exp></and_exp></or_exp>
</condition>

<Node id="22" bw="32" op_0_bw="5">
<![CDATA[
._crit_edge:19  %statemt_load_6 = load i32* %statemt_addr_11, align 4

]]></Node>
<StgValue><ssdm name="statemt_load_6"/></StgValue>
</operation>
</state>

<state id="3" st_id="3">

<operation id="31" st_id="3" stage="1" lat="2">
<core>ROM_nP</core>
<MemPortIdVec>0 </MemPortIdVec>
<condition id="2">
<or_exp><and_exp></and_exp></or_exp>
</condition>

<Node id="7" bw="8" op_0_bw="8">
<![CDATA[
._crit_edge:4  %temp = load i8* %Sbox_addr, align 1

]]></Node>
<StgValue><ssdm name="temp"/></StgValue>
</operation>

<operation id="32" st_id="3" stage="1" lat="2">
<core>ROM_nP</core>
<MemPortIdVec>1 </MemPortIdVec>
<condition id="2">
<or_exp><and_exp></and_exp></or_exp>
</condition>

<Node id="12" bw="8" op_0_bw="8">
<![CDATA[
._crit_edge:9  %Sbox_load = load i8* %Sbox_addr_1, align 1

]]></Node>
<StgValue><ssdm name="Sbox_load"/></StgValue>
</operation>

<operation id="33" st_id="3" stage="1" lat="2">
<core>RAM</core>
<MemPortIdVec>0 </MemPortIdVec>
<condition id="2">
<or_exp><and_exp></and_exp></or_exp>
</condition>

<Node id="16" bw="32" op_0_bw="5">
<![CDATA[
._crit_edge:13  %statemt_load_5 = load i32* %statemt_addr_10, align 4

]]></Node>
<StgValue><ssdm name="statemt_load_5"/></StgValue>
</operation>

<operation id="34" st_id="3" stage="1" lat="1">
<core>NULL</core>
<MemPortIdVec></MemPortIdVec>
<condition id="2">
<or_exp><and_exp></and_exp></or_exp>
</condition>

<Node id="17" bw="8" op_0_bw="8" op_1_bw="32" op_2_bw="32">
<![CDATA[
._crit_edge:14  %Sbox_addr_2 = getelementptr [256 x i8]* @Sbox, i32 0, i32 %statemt_load_5

]]></Node>
<StgValue><ssdm name="Sbox_addr_2"/></StgValue>
</operation>

<operation id="35" st_id="3" stage="2" lat="2">
<core>ROM_nP</core>
<MemPortIdVec>0 </MemPortIdVec>
<condition id="2">
<or_exp><and_exp></and_exp></or_exp>
</condition>

<Node id="18" bw="8" op_0_bw="8">
<![CDATA[
._crit_edge:15  %Sbox_load_1 = load i8* %Sbox_addr_2, align 1

]]></Node>
<StgValue><ssdm name="Sbox_load_1"/></StgValue>
</operation>

<operation id="36" st_id="3" stage="1" lat="2">
<core>RAM</core>
<MemPortIdVec>1 </MemPortIdVec>
<condition id="2">
<or_exp><and_exp></and_exp></or_exp>
</condition>

<Node id="22" bw="32" op_0_bw="5">
<![CDATA[
._crit_edge:19  %statemt_load_6 = load i32* %statemt_addr_11, align 4

]]></Node>
<StgValue><ssdm name="statemt_load_6"/></StgValue>
</operation>

<operation id="37" st_id="3" stage="1" lat="1">
<core>NULL</core>
<MemPortIdVec></MemPortIdVec>
<condition id="2">
<or_exp><and_exp></and_exp></or_exp>
</condition>

<Node id="23" bw="8" op_0_bw="8" op_1_bw="32" op_2_bw="32">
<![CDATA[
._crit_edge:20  %Sbox_addr_3 = getelementptr [256 x i8]* @Sbox, i32 0, i32 %statemt_load_6

]]></Node>
<StgValue><ssdm name="Sbox_addr_3"/></StgValue>
</operation>

<operation id="38" st_id="3" stage="2" lat="2">
<core>ROM_nP</core>
<MemPortIdVec>1 </MemPortIdVec>
<condition id="2">
<or_exp><and_exp></and_exp></or_exp>
</condition>

<Node id="24" bw="8" op_0_bw="8">
<![CDATA[
._crit_edge:21  %Sbox_load_2 = load i8* %Sbox_addr_3, align 1

]]></Node>
<StgValue><ssdm name="Sbox_load_2"/></StgValue>
</operation>

<operation id="39" st_id="3" stage="1" lat="1">
<core>NULL</core>
<MemPortIdVec></MemPortIdVec>
<condition id="2">
<or_exp><and_exp></and_exp></or_exp>
</condition>

<Node id="28" bw="5" op_0_bw="32" op_1_bw="32" op_2_bw="32">
<![CDATA[
._crit_edge:25  %statemt_addr_12 = getelementptr [32 x i32]* %statemt, i32 0, i32 2

]]></Node>
<StgValue><ssdm name="statemt_addr_12"/></StgValue>
</operation>

<operation id="40" st_id="3" stage="2" lat="2">
<core>RAM</core>
<MemPortIdVec>0 </MemPortIdVec>
<condition id="2">
<or_exp><and_exp></and_exp></or_exp>
</condition>

<Node id="29" bw="32" op_0_bw="5">
<![CDATA[
._crit_edge:26  %statemt_load_7 = load i32* %statemt_addr_12, align 4

]]></Node>
<StgValue><ssdm name="statemt_load_7"/></StgValue>
</operation>

<operation id="41" st_id="3" stage="1" lat="1">
<core>NULL</core>
<MemPortIdVec></MemPortIdVec>
<condition id="2">
<or_exp><and_exp></and_exp></or_exp>
</condition>

<Node id="33" bw="5" op_0_bw="32" op_1_bw="32" op_2_bw="32">
<![CDATA[
._crit_edge:30  %statemt_addr_13 = getelementptr [32 x i32]* %statemt, i32 0, i32 10

]]></Node>
<StgValue><ssdm name="statemt_addr_13"/></StgValue>
</operation>

<operation id="42" st_id="3" stage="2" lat="2">
<core>RAM</core>
<MemPortIdVec>1 </MemPortIdVec>
<condition id="2">
<or_exp><and_exp></and_exp></or_exp>
</condition>

<Node id="34" bw="32" op_0_bw="5">
<![CDATA[
._crit_edge:31  %statemt_load_8 = load i32* %statemt_addr_13, align 4

]]></Node>
<StgValue><ssdm name="statemt_load_8"/></StgValue>
</operation>
</state>

<state id="4" st_id="4">

<operation id="43" st_id="4" stage="1" lat="2">
<core>ROM_nP</core>
<MemPortIdVec>0 </MemPortIdVec>
<condition id="3">
<or_exp><and_exp></and_exp></or_exp>
</condition>

<Node id="18" bw="8" op_0_bw="8">
<![CDATA[
._crit_edge:15  %Sbox_load_1 = load i8* %Sbox_addr_2, align 1

]]></Node>
<StgValue><ssdm name="Sbox_load_1"/></StgValue>
</operation>

<operation id="44" st_id="4" stage="1" lat="2">
<core>ROM_nP</core>
<MemPortIdVec>1 </MemPortIdVec>
<condition id="3">
<or_exp><and_exp></and_exp></or_exp>
</condition>

<Node id="24" bw="8" op_0_bw="8">
<![CDATA[
._crit_edge:21  %Sbox_load_2 = load i8* %Sbox_addr_3, align 1

]]></Node>
<StgValue><ssdm name="Sbox_load_2"/></StgValue>
</operation>

<operation id="45" st_id="4" stage="1" lat="2">
<core>RAM</core>
<MemPortIdVec>0 </MemPortIdVec>
<condition id="3">
<or_exp><and_exp></and_exp></or_exp>
</condition>

<Node id="29" bw="32" op_0_bw="5">
<![CDATA[
._crit_edge:26  %statemt_load_7 = load i32* %statemt_addr_12, align 4

]]></Node>
<StgValue><ssdm name="statemt_load_7"/></StgValue>
</operation>

<operation id="46" st_id="4" stage="1" lat="1">
<core>NULL</core>
<MemPortIdVec></MemPortIdVec>
<condition id="3">
<or_exp><and_exp></and_exp></or_exp>
</condition>

<Node id="30" bw="8" op_0_bw="8" op_1_bw="32" op_2_bw="32">
<![CDATA[
._crit_edge:27  %Sbox_addr_4 = getelementptr [256 x i8]* @Sbox, i32 0, i32 %statemt_load_7

]]></Node>
<StgValue><ssdm name="Sbox_addr_4"/></StgValue>
</operation>

<operation id="47" st_id="4" stage="2" lat="2">
<core>ROM_nP</core>
<MemPortIdVec>0 </MemPortIdVec>
<condition id="3">
<or_exp><and_exp></and_exp></or_exp>
</condition>

<Node id="31" bw="8" op_0_bw="8">
<![CDATA[
._crit_edge:28  %temp_1 = load i8* %Sbox_addr_4, align 1

]]></Node>
<StgValue><ssdm name="temp_1"/></StgValue>
</operation>

<operation id="48" st_id="4" stage="1" lat="2">
<core>RAM</core>
<MemPortIdVec>1 </MemPortIdVec>
<condition id="3">
<or_exp><and_exp></and_exp></or_exp>
</condition>

<Node id="34" bw="32" op_0_bw="5">
<![CDATA[
._crit_edge:31  %statemt_load_8 = load i32* %statemt_addr_13, align 4

]]></Node>
<StgValue><ssdm name="statemt_load_8"/></StgValue>
</operation>

<operation id="49" st_id="4" stage="1" lat="1">
<core>NULL</core>
<MemPortIdVec></MemPortIdVec>
<condition id="3">
<or_exp><and_exp></and_exp></or_exp>
</condition>

<Node id="35" bw="8" op_0_bw="8" op_1_bw="32" op_2_bw="32">
<![CDATA[
._crit_edge:32  %Sbox_addr_5 = getelementptr [256 x i8]* @Sbox, i32 0, i32 %statemt_load_8

]]></Node>
<StgValue><ssdm name="Sbox_addr_5"/></StgValue>
</operation>

<operation id="50" st_id="4" stage="2" lat="2">
<core>ROM_nP</core>
<MemPortIdVec>1 </MemPortIdVec>
<condition id="3">
<or_exp><and_exp></and_exp></or_exp>
</condition>

<Node id="36" bw="8" op_0_bw="8">
<![CDATA[
._crit_edge:33  %Sbox_load_4 = load i8* %Sbox_addr_5, align 1

]]></Node>
<StgValue><ssdm name="Sbox_load_4"/></StgValue>
</operation>

<operation id="51" st_id="4" stage="1" lat="1">
<core>NULL</core>
<MemPortIdVec></MemPortIdVec>
<condition id="3">
<or_exp><and_exp></and_exp></or_exp>
</condition>

<Node id="40" bw="5" op_0_bw="32" op_1_bw="32" op_2_bw="32">
<![CDATA[
._crit_edge:37  %statemt_addr_14 = getelementptr [32 x i32]* %statemt, i32 0, i32 6

]]></Node>
<StgValue><ssdm name="statemt_addr_14"/></StgValue>
</operation>

<operation id="52" st_id="4" stage="2" lat="2">
<core>RAM</core>
<MemPortIdVec>0 </MemPortIdVec>
<condition id="3">
<or_exp><and_exp></and_exp></or_exp>
</condition>

<Node id="41" bw="32" op_0_bw="5">
<![CDATA[
._crit_edge:38  %statemt_load_9 = load i32* %statemt_addr_14, align 4

]]></Node>
<StgValue><ssdm name="statemt_load_9"/></StgValue>
</operation>

<operation id="53" st_id="4" stage="1" lat="1">
<core>NULL</core>
<MemPortIdVec></MemPortIdVec>
<condition id="3">
<or_exp><and_exp></and_exp></or_exp>
</condition>

<Node id="45" bw="5" op_0_bw="32" op_1_bw="32" op_2_bw="32">
<![CDATA[
._crit_edge:42  %statemt_addr_15 = getelementptr [32 x i32]* %statemt, i32 0, i32 14

]]></Node>
<StgValue><ssdm name="statemt_addr_15"/></StgValue>
</operation>

<operation id="54" st_id="4" stage="2" lat="2">
<core>RAM</core>
<MemPortIdVec>1 </MemPortIdVec>
<condition id="3">
<or_exp><and_exp></and_exp></or_exp>
</condition>

<Node id="46" bw="32" op_0_bw="5">
<![CDATA[
._crit_edge:43  %statemt_load_10 = load i32* %statemt_addr_15, align 4

]]></Node>
<StgValue><ssdm name="statemt_load_10"/></StgValue>
</operation>
</state>

<state id="5" st_id="5">

<operation id="55" st_id="5" stage="1" lat="2">
<core>ROM_nP</core>
<MemPortIdVec>0 </MemPortIdVec>
<condition id="4">
<or_exp><and_exp></and_exp></or_exp>
</condition>

<Node id="31" bw="8" op_0_bw="8">
<![CDATA[
._crit_edge:28  %temp_1 = load i8* %Sbox_addr_4, align 1

]]></Node>
<StgValue><ssdm name="temp_1"/></StgValue>
</operation>

<operation id="56" st_id="5" stage="1" lat="2">
<core>ROM_nP</core>
<MemPortIdVec>1 </MemPortIdVec>
<condition id="4">
<or_exp><and_exp></and_exp></or_exp>
</condition>

<Node id="36" bw="8" op_0_bw="8">
<![CDATA[
._crit_edge:33  %Sbox_load_4 = load i8* %Sbox_addr_5, align 1

]]></Node>
<StgValue><ssdm name="Sbox_load_4"/></StgValue>
</operation>

<operation id="57" st_id="5" stage="1" lat="2">
<core>RAM</core>
<MemPortIdVec>0 </MemPortIdVec>
<condition id="4">
<or_exp><and_exp></and_exp></or_exp>
</condition>

<Node id="41" bw="32" op_0_bw="5">
<![CDATA[
._crit_edge:38  %statemt_load_9 = load i32* %statemt_addr_14, align 4

]]></Node>
<StgValue><ssdm name="statemt_load_9"/></StgValue>
</operation>

<operation id="58" st_id="5" stage="1" lat="1">
<core>NULL</core>
<MemPortIdVec></MemPortIdVec>
<condition id="4">
<or_exp><and_exp></and_exp></or_exp>
</condition>

<Node id="42" bw="8" op_0_bw="8" op_1_bw="32" op_2_bw="32">
<![CDATA[
._crit_edge:39  %Sbox_addr_6 = getelementptr [256 x i8]* @Sbox, i32 0, i32 %statemt_load_9

]]></Node>
<StgValue><ssdm name="Sbox_addr_6"/></StgValue>
</operation>

<operation id="59" st_id="5" stage="2" lat="2">
<core>ROM_nP</core>
<MemPortIdVec>0 </MemPortIdVec>
<condition id="4">
<or_exp><and_exp></and_exp></or_exp>
</condition>

<Node id="43" bw="8" op_0_bw="8">
<![CDATA[
._crit_edge:40  %temp_2 = load i8* %Sbox_addr_6, align 1

]]></Node>
<StgValue><ssdm name="temp_2"/></StgValue>
</operation>

<operation id="60" st_id="5" stage="1" lat="2">
<core>RAM</core>
<MemPortIdVec>1 </MemPortIdVec>
<condition id="4">
<or_exp><and_exp></and_exp></or_exp>
</condition>

<Node id="46" bw="32" op_0_bw="5">
<![CDATA[
._crit_edge:43  %statemt_load_10 = load i32* %statemt_addr_15, align 4

]]></Node>
<StgValue><ssdm name="statemt_load_10"/></StgValue>
</operation>

<operation id="61" st_id="5" stage="1" lat="1">
<core>NULL</core>
<MemPortIdVec></MemPortIdVec>
<condition id="4">
<or_exp><and_exp></and_exp></or_exp>
</condition>

<Node id="47" bw="8" op_0_bw="8" op_1_bw="32" op_2_bw="32">
<![CDATA[
._crit_edge:44  %Sbox_addr_7 = getelementptr [256 x i8]* @Sbox, i32 0, i32 %statemt_load_10

]]></Node>
<StgValue><ssdm name="Sbox_addr_7"/></StgValue>
</operation>

<operation id="62" st_id="5" stage="2" lat="2">
<core>ROM_nP</core>
<MemPortIdVec>1 </MemPortIdVec>
<condition id="4">
<or_exp><and_exp></and_exp></or_exp>
</condition>

<Node id="48" bw="8" op_0_bw="8">
<![CDATA[
._crit_edge:45  %Sbox_load_6 = load i8* %Sbox_addr_7, align 1

]]></Node>
<StgValue><ssdm name="Sbox_load_6"/></StgValue>
</operation>

<operation id="63" st_id="5" stage="1" lat="1">
<core>NULL</core>
<MemPortIdVec></MemPortIdVec>
<condition id="4">
<or_exp><and_exp></and_exp></or_exp>
</condition>

<Node id="52" bw="5" op_0_bw="32" op_1_bw="32" op_2_bw="32">
<![CDATA[
._crit_edge:49  %statemt_addr_16 = getelementptr [32 x i32]* %statemt, i32 0, i32 3

]]></Node>
<StgValue><ssdm name="statemt_addr_16"/></StgValue>
</operation>

<operation id="64" st_id="5" stage="2" lat="2">
<core>RAM</core>
<MemPortIdVec>0 </MemPortIdVec>
<condition id="4">
<or_exp><and_exp></and_exp></or_exp>
</condition>

<Node id="53" bw="32" op_0_bw="5">
<![CDATA[
._crit_edge:50  %statemt_load_11 = load i32* %statemt_addr_16, align 4

]]></Node>
<StgValue><ssdm name="statemt_load_11"/></StgValue>
</operation>

<operation id="65" st_id="5" stage="1" lat="1">
<core>NULL</core>
<MemPortIdVec></MemPortIdVec>
<condition id="4">
<or_exp><and_exp></and_exp></or_exp>
</condition>

<Node id="57" bw="5" op_0_bw="32" op_1_bw="32" op_2_bw="32">
<![CDATA[
._crit_edge:54  %statemt_addr_17 = getelementptr [32 x i32]* %statemt, i32 0, i32 15

]]></Node>
<StgValue><ssdm name="statemt_addr_17"/></StgValue>
</operation>

<operation id="66" st_id="5" stage="2" lat="2">
<core>RAM</core>
<MemPortIdVec>1 </MemPortIdVec>
<condition id="4">
<or_exp><and_exp></and_exp></or_exp>
</condition>

<Node id="58" bw="32" op_0_bw="5">
<![CDATA[
._crit_edge:55  %statemt_load_12 = load i32* %statemt_addr_17, align 4

]]></Node>
<StgValue><ssdm name="statemt_load_12"/></StgValue>
</operation>
</state>

<state id="6" st_id="6">

<operation id="67" st_id="6" stage="1" lat="2">
<core>ROM_nP</core>
<MemPortIdVec>0 </MemPortIdVec>
<condition id="5">
<or_exp><and_exp></and_exp></or_exp>
</condition>

<Node id="43" bw="8" op_0_bw="8">
<![CDATA[
._crit_edge:40  %temp_2 = load i8* %Sbox_addr_6, align 1

]]></Node>
<StgValue><ssdm name="temp_2"/></StgValue>
</operation>

<operation id="68" st_id="6" stage="1" lat="2">
<core>ROM_nP</core>
<MemPortIdVec>1 </MemPortIdVec>
<condition id="5">
<or_exp><and_exp></and_exp></or_exp>
</condition>

<Node id="48" bw="8" op_0_bw="8">
<![CDATA[
._crit_edge:45  %Sbox_load_6 = load i8* %Sbox_addr_7, align 1

]]></Node>
<StgValue><ssdm name="Sbox_load_6"/></StgValue>
</operation>

<operation id="69" st_id="6" stage="1" lat="2">
<core>RAM</core>
<MemPortIdVec>0 </MemPortIdVec>
<condition id="5">
<or_exp><and_exp></and_exp></or_exp>
</condition>

<Node id="53" bw="32" op_0_bw="5">
<![CDATA[
._crit_edge:50  %statemt_load_11 = load i32* %statemt_addr_16, align 4

]]></Node>
<StgValue><ssdm name="statemt_load_11"/></StgValue>
</operation>

<operation id="70" st_id="6" stage="1" lat="1">
<core>NULL</core>
<MemPortIdVec></MemPortIdVec>
<condition id="5">
<or_exp><and_exp></and_exp></or_exp>
</condition>

<Node id="54" bw="8" op_0_bw="8" op_1_bw="32" op_2_bw="32">
<![CDATA[
._crit_edge:51  %Sbox_addr_8 = getelementptr [256 x i8]* @Sbox, i32 0, i32 %statemt_load_11

]]></Node>
<StgValue><ssdm name="Sbox_addr_8"/></StgValue>
</operation>

<operation id="71" st_id="6" stage="2" lat="2">
<core>ROM_nP</core>
<MemPortIdVec>0 </MemPortIdVec>
<condition id="5">
<or_exp><and_exp></and_exp></or_exp>
</condition>

<Node id="55" bw="8" op_0_bw="8">
<![CDATA[
._crit_edge:52  %temp_3 = load i8* %Sbox_addr_8, align 1

]]></Node>
<StgValue><ssdm name="temp_3"/></StgValue>
</operation>

<operation id="72" st_id="6" stage="1" lat="2">
<core>RAM</core>
<MemPortIdVec>1 </MemPortIdVec>
<condition id="5">
<or_exp><and_exp></and_exp></or_exp>
</condition>

<Node id="58" bw="32" op_0_bw="5">
<![CDATA[
._crit_edge:55  %statemt_load_12 = load i32* %statemt_addr_17, align 4

]]></Node>
<StgValue><ssdm name="statemt_load_12"/></StgValue>
</operation>

<operation id="73" st_id="6" stage="1" lat="1">
<core>NULL</core>
<MemPortIdVec></MemPortIdVec>
<condition id="5">
<or_exp><and_exp></and_exp></or_exp>
</condition>

<Node id="59" bw="8" op_0_bw="8" op_1_bw="32" op_2_bw="32">
<![CDATA[
._crit_edge:56  %Sbox_addr_9 = getelementptr [256 x i8]* @Sbox, i32 0, i32 %statemt_load_12

]]></Node>
<StgValue><ssdm name="Sbox_addr_9"/></StgValue>
</operation>

<operation id="74" st_id="6" stage="2" lat="2">
<core>ROM_nP</core>
<MemPortIdVec>1 </MemPortIdVec>
<condition id="5">
<or_exp><and_exp></and_exp></or_exp>
</condition>

<Node id="60" bw="8" op_0_bw="8">
<![CDATA[
._crit_edge:57  %Sbox_load_8 = load i8* %Sbox_addr_9, align 1

]]></Node>
<StgValue><ssdm name="Sbox_load_8"/></StgValue>
</operation>

<operation id="75" st_id="6" stage="1" lat="1">
<core>NULL</core>
<MemPortIdVec></MemPortIdVec>
<condition id="5">
<or_exp><and_exp></and_exp></or_exp>
</condition>

<Node id="63" bw="5" op_0_bw="32" op_1_bw="32" op_2_bw="32">
<![CDATA[
._crit_edge:60  %statemt_addr_18 = getelementptr [32 x i32]* %statemt, i32 0, i32 11

]]></Node>
<StgValue><ssdm name="statemt_addr_18"/></StgValue>
</operation>

<operation id="76" st_id="6" stage="2" lat="2">
<core>RAM</core>
<MemPortIdVec>0 </MemPortIdVec>
<condition id="5">
<or_exp><and_exp></and_exp></or_exp>
</condition>

<Node id="64" bw="32" op_0_bw="5">
<![CDATA[
._crit_edge:61  %statemt_load_13 = load i32* %statemt_addr_18, align 4

]]></Node>
<StgValue><ssdm name="statemt_load_13"/></StgValue>
</operation>

<operation id="77" st_id="6" stage="1" lat="1">
<core>NULL</core>
<MemPortIdVec></MemPortIdVec>
<condition id="5">
<or_exp><and_exp></and_exp></or_exp>
</condition>

<Node id="69" bw="5" op_0_bw="32" op_1_bw="32" op_2_bw="32">
<![CDATA[
._crit_edge:66  %statemt_addr_19 = getelementptr [32 x i32]* %statemt, i32 0, i32 7

]]></Node>
<StgValue><ssdm name="statemt_addr_19"/></StgValue>
</operation>

<operation id="78" st_id="6" stage="2" lat="2">
<core>RAM</core>
<MemPortIdVec>1 </MemPortIdVec>
<condition id="5">
<or_exp><and_exp></and_exp></or_exp>
</condition>

<Node id="70" bw="32" op_0_bw="5">
<![CDATA[
._crit_edge:67  %statemt_load_14 = load i32* %statemt_addr_19, align 4

]]></Node>
<StgValue><ssdm name="statemt_load_14"/></StgValue>
</operation>
</state>

<state id="7" st_id="7">

<operation id="79" st_id="7" stage="1" lat="1">
<core>NULL</core>
<MemPortIdVec></MemPortIdVec>
<condition id="6">
<or_exp><and_exp></and_exp></or_exp>
</condition>

<Node id="3" bw="5" op_0_bw="32" op_1_bw="32" op_2_bw="32">
<![CDATA[
._crit_edge:0  %statemt_addr = getelementptr [32 x i32]* %statemt, i32 0, i32 0

]]></Node>
<StgValue><ssdm name="statemt_addr"/></StgValue>
</operation>

<operation id="80" st_id="7" stage="1" lat="2">
<core>ROM_nP</core>
<MemPortIdVec>0 </MemPortIdVec>
<condition id="6">
<or_exp><and_exp></and_exp></or_exp>
</condition>

<Node id="55" bw="8" op_0_bw="8">
<![CDATA[
._crit_edge:52  %temp_3 = load i8* %Sbox_addr_8, align 1

]]></Node>
<StgValue><ssdm name="temp_3"/></StgValue>
</operation>

<operation id="81" st_id="7" stage="1" lat="2">
<core>ROM_nP</core>
<MemPortIdVec>1 </MemPortIdVec>
<condition id="6">
<or_exp><and_exp></and_exp></or_exp>
</condition>

<Node id="60" bw="8" op_0_bw="8">
<![CDATA[
._crit_edge:57  %Sbox_load_8 = load i8* %Sbox_addr_9, align 1

]]></Node>
<StgValue><ssdm name="Sbox_load_8"/></StgValue>
</operation>

<operation id="82" st_id="7" stage="1" lat="2">
<core>RAM</core>
<MemPortIdVec>0 </MemPortIdVec>
<condition id="6">
<or_exp><and_exp></and_exp></or_exp>
</condition>

<Node id="64" bw="32" op_0_bw="5">
<![CDATA[
._crit_edge:61  %statemt_load_13 = load i32* %statemt_addr_18, align 4

]]></Node>
<StgValue><ssdm name="statemt_load_13"/></StgValue>
</operation>

<operation id="83" st_id="7" stage="1" lat="1">
<core>NULL</core>
<MemPortIdVec></MemPortIdVec>
<condition id="6">
<or_exp><and_exp></and_exp></or_exp>
</condition>

<Node id="65" bw="8" op_0_bw="8" op_1_bw="32" op_2_bw="32">
<![CDATA[
._crit_edge:62  %Sbox_addr_10 = getelementptr [256 x i8]* @Sbox, i32 0, i32 %statemt_load_13

]]></Node>
<StgValue><ssdm name="Sbox_addr_10"/></StgValue>
</operation>

<operation id="84" st_id="7" stage="2" lat="2">
<core>ROM_nP</core>
<MemPortIdVec>0 </MemPortIdVec>
<condition id="6">
<or_exp><and_exp></and_exp></or_exp>
</condition>

<Node id="66" bw="8" op_0_bw="8">
<![CDATA[
._crit_edge:63  %Sbox_load_9 = load i8* %Sbox_addr_10, align 1

]]></Node>
<StgValue><ssdm name="Sbox_load_9"/></StgValue>
</operation>

<operation id="85" st_id="7" stage="1" lat="2">
<core>RAM</core>
<MemPortIdVec>1 </MemPortIdVec>
<condition id="6">
<or_exp><and_exp></and_exp></or_exp>
</condition>

<Node id="70" bw="32" op_0_bw="5">
<![CDATA[
._crit_edge:67  %statemt_load_14 = load i32* %statemt_addr_19, align 4

]]></Node>
<StgValue><ssdm name="statemt_load_14"/></StgValue>
</operation>

<operation id="86" st_id="7" stage="1" lat="1">
<core>NULL</core>
<MemPortIdVec></MemPortIdVec>
<condition id="6">
<or_exp><and_exp></and_exp></or_exp>
</condition>

<Node id="71" bw="8" op_0_bw="8" op_1_bw="32" op_2_bw="32">
<![CDATA[
._crit_edge:68  %Sbox_addr_11 = getelementptr [256 x i8]* @Sbox, i32 0, i32 %statemt_load_14

]]></Node>
<StgValue><ssdm name="Sbox_addr_11"/></StgValue>
</operation>

<operation id="87" st_id="7" stage="2" lat="2">
<core>ROM_nP</core>
<MemPortIdVec>1 </MemPortIdVec>
<condition id="6">
<or_exp><and_exp></and_exp></or_exp>
</condition>

<Node id="72" bw="8" op_0_bw="8">
<![CDATA[
._crit_edge:69  %Sbox_load_10 = load i8* %Sbox_addr_11, align 1

]]></Node>
<StgValue><ssdm name="Sbox_load_10"/></StgValue>
</operation>

<operation id="88" st_id="7" stage="2" lat="2">
<core>RAM</core>
<MemPortIdVec>0 </MemPortIdVec>
<condition id="6">
<or_exp><and_exp></and_exp></or_exp>
</condition>

<Node id="76" bw="32" op_0_bw="5">
<![CDATA[
._crit_edge:73  %statemt_load_15 = load i32* %statemt_addr, align 4

]]></Node>
<StgValue><ssdm name="statemt_load_15"/></StgValue>
</operation>

<operation id="89" st_id="7" stage="1" lat="1">
<core>NULL</core>
<MemPortIdVec></MemPortIdVec>
<condition id="6">
<or_exp><and_exp></and_exp></or_exp>
</condition>

<Node id="81" bw="5" op_0_bw="32" op_1_bw="32" op_2_bw="32">
<![CDATA[
._crit_edge:78  %statemt_addr_20 = getelementptr [32 x i32]* %statemt, i32 0, i32 4

]]></Node>
<StgValue><ssdm name="statemt_addr_20"/></StgValue>
</operation>

<operation id="90" st_id="7" stage="2" lat="2">
<core>RAM</core>
<MemPortIdVec>1 </MemPortIdVec>
<condition id="6">
<or_exp><and_exp></and_exp></or_exp>
</condition>

<Node id="82" bw="32" op_0_bw="5">
<![CDATA[
._crit_edge:79  %statemt_load_16 = load i32* %statemt_addr_20, align 4

]]></Node>
<StgValue><ssdm name="statemt_load_16"/></StgValue>
</operation>
</state>

<state id="8" st_id="8">

<operation id="91" st_id="8" stage="1" lat="2">
<core>ROM_nP</core>
<MemPortIdVec>0 </MemPortIdVec>
<condition id="7">
<or_exp><and_exp></and_exp></or_exp>
</condition>

<Node id="66" bw="8" op_0_bw="8">
<![CDATA[
._crit_edge:63  %Sbox_load_9 = load i8* %Sbox_addr_10, align 1

]]></Node>
<StgValue><ssdm name="Sbox_load_9"/></StgValue>
</operation>

<operation id="92" st_id="8" stage="1" lat="2">
<core>ROM_nP</core>
<MemPortIdVec>1 </MemPortIdVec>
<condition id="7">
<or_exp><and_exp></and_exp></or_exp>
</condition>

<Node id="72" bw="8" op_0_bw="8">
<![CDATA[
._crit_edge:69  %Sbox_load_10 = load i8* %Sbox_addr_11, align 1

]]></Node>
<StgValue><ssdm name="Sbox_load_10"/></StgValue>
</operation>

<operation id="93" st_id="8" stage="1" lat="2">
<core>RAM</core>
<MemPortIdVec>0 </MemPortIdVec>
<condition id="7">
<or_exp><and_exp></and_exp></or_exp>
</condition>

<Node id="76" bw="32" op_0_bw="5">
<![CDATA[
._crit_edge:73  %statemt_load_15 = load i32* %statemt_addr, align 4

]]></Node>
<StgValue><ssdm name="statemt_load_15"/></StgValue>
</operation>

<operation id="94" st_id="8" stage="1" lat="1">
<core>NULL</core>
<MemPortIdVec></MemPortIdVec>
<condition id="7">
<or_exp><and_exp></and_exp></or_exp>
</condition>

<Node id="77" bw="8" op_0_bw="8" op_1_bw="32" op_2_bw="32">
<![CDATA[
._crit_edge:74  %Sbox_addr_12 = getelementptr [256 x i8]* @Sbox, i32 0, i32 %statemt_load_15

]]></Node>
<StgValue><ssdm name="Sbox_addr_12"/></StgValue>
</operation>

<operation id="95" st_id="8" stage="2" lat="2">
<core>ROM_nP</core>
<MemPortIdVec>0 </MemPortIdVec>
<condition id="7">
<or_exp><and_exp></and_exp></or_exp>
</condition>

<Node id="78" bw="8" op_0_bw="8">
<![CDATA[
._crit_edge:75  %Sbox_load_11 = load i8* %Sbox_addr_12, align 1

]]></Node>
<StgValue><ssdm name="Sbox_load_11"/></StgValue>
</operation>

<operation id="96" st_id="8" stage="1" lat="2">
<core>RAM</core>
<MemPortIdVec>1 </MemPortIdVec>
<condition id="7">
<or_exp><and_exp></and_exp></or_exp>
</condition>

<Node id="82" bw="32" op_0_bw="5">
<![CDATA[
._crit_edge:79  %statemt_load_16 = load i32* %statemt_addr_20, align 4

]]></Node>
<StgValue><ssdm name="statemt_load_16"/></StgValue>
</operation>

<operation id="97" st_id="8" stage="1" lat="1">
<core>NULL</core>
<MemPortIdVec></MemPortIdVec>
<condition id="7">
<or_exp><and_exp></and_exp></or_exp>
</condition>

<Node id="83" bw="8" op_0_bw="8" op_1_bw="32" op_2_bw="32">
<![CDATA[
._crit_edge:80  %Sbox_addr_13 = getelementptr [256 x i8]* @Sbox, i32 0, i32 %statemt_load_16

]]></Node>
<StgValue><ssdm name="Sbox_addr_13"/></StgValue>
</operation>

<operation id="98" st_id="8" stage="2" lat="2">
<core>ROM_nP</core>
<MemPortIdVec>1 </MemPortIdVec>
<condition id="7">
<or_exp><and_exp></and_exp></or_exp>
</condition>

<Node id="84" bw="8" op_0_bw="8">
<![CDATA[
._crit_edge:81  %Sbox_load_12 = load i8* %Sbox_addr_13, align 1

]]></Node>
<StgValue><ssdm name="Sbox_load_12"/></StgValue>
</operation>

<operation id="99" st_id="8" stage="1" lat="1">
<core>NULL</core>
<MemPortIdVec></MemPortIdVec>
<condition id="7">
<or_exp><and_exp></and_exp></or_exp>
</condition>

<Node id="87" bw="5" op_0_bw="32" op_1_bw="32" op_2_bw="32">
<![CDATA[
._crit_edge:84  %statemt_addr_21 = getelementptr [32 x i32]* %statemt, i32 0, i32 8

]]></Node>
<StgValue><ssdm name="statemt_addr_21"/></StgValue>
</operation>

<operation id="100" st_id="8" stage="2" lat="2">
<core>RAM</core>
<MemPortIdVec>0 </MemPortIdVec>
<condition id="7">
<or_exp><and_exp></and_exp></or_exp>
</condition>

<Node id="88" bw="32" op_0_bw="5">
<![CDATA[
._crit_edge:85  %statemt_load_17 = load i32* %statemt_addr_21, align 4

]]></Node>
<StgValue><ssdm name="statemt_load_17"/></StgValue>
</operation>

<operation id="101" st_id="8" stage="1" lat="1">
<core>NULL</core>
<MemPortIdVec></MemPortIdVec>
<condition id="7">
<or_exp><and_exp></and_exp></or_exp>
</condition>

<Node id="93" bw="5" op_0_bw="32" op_1_bw="32" op_2_bw="32">
<![CDATA[
._crit_edge:90  %statemt_addr_22 = getelementptr [32 x i32]* %statemt, i32 0, i32 12

]]></Node>
<StgValue><ssdm name="statemt_addr_22"/></StgValue>
</operation>

<operation id="102" st_id="8" stage="2" lat="2">
<core>RAM</core>
<MemPortIdVec>1 </MemPortIdVec>
<condition id="7">
<or_exp><and_exp></and_exp></or_exp>
</condition>

<Node id="94" bw="32" op_0_bw="5">
<![CDATA[
._crit_edge:91  %statemt_load_18 = load i32* %statemt_addr_22, align 4

]]></Node>
<StgValue><ssdm name="statemt_load_18"/></StgValue>
</operation>
</state>

<state id="9" st_id="9">

<operation id="103" st_id="9" stage="1" lat="1">
<core>NULL</core>
<MemPortIdVec></MemPortIdVec>
<condition id="8">
<or_exp><and_exp></and_exp></or_exp>
</condition>

<Node id="13" bw="32" op_0_bw="8">
<![CDATA[
._crit_edge:10  %Sbox_load_cast = zext i8 %Sbox_load to i32

]]></Node>
<StgValue><ssdm name="Sbox_load_cast"/></StgValue>
</operation>

<operation id="104" st_id="9" stage="1" lat="1">
<core>RAM</core>
<MemPortIdVec>0 </MemPortIdVec>
<condition id="8">
<or_exp><and_exp></and_exp></or_exp>
</condition>

<Node id="14" bw="0" op_0_bw="32" op_1_bw="5">
<![CDATA[
._crit_edge:11  store i32 %Sbox_load_cast, i32* %statemt_addr_8, align 4

]]></Node>
<StgValue><ssdm name=""/></StgValue>
</operation>

<operation id="105" st_id="9" stage="1" lat="1">
<core>NULL</core>
<MemPortIdVec></MemPortIdVec>
<condition id="8">
<or_exp><and_exp></and_exp></or_exp>
</condition>

<Node id="19" bw="32" op_0_bw="8">
<![CDATA[
._crit_edge:16  %Sbox_load_1_cast = zext i8 %Sbox_load_1 to i32

]]></Node>
<StgValue><ssdm name="Sbox_load_1_cast"/></StgValue>
</operation>

<operation id="106" st_id="9" stage="1" lat="1">
<core>RAM</core>
<MemPortIdVec>1 </MemPortIdVec>
<condition id="8">
<or_exp><and_exp></and_exp></or_exp>
</condition>

<Node id="20" bw="0" op_0_bw="32" op_1_bw="5">
<![CDATA[
._crit_edge:17  store i32 %Sbox_load_1_cast, i32* %statemt_addr_9, align 4

]]></Node>
<StgValue><ssdm name=""/></StgValue>
</operation>

<operation id="107" st_id="9" stage="1" lat="2">
<core>ROM_nP</core>
<MemPortIdVec>0 </MemPortIdVec>
<condition id="8">
<or_exp><and_exp></and_exp></or_exp>
</condition>

<Node id="78" bw="8" op_0_bw="8">
<![CDATA[
._crit_edge:75  %Sbox_load_11 = load i8* %Sbox_addr_12, align 1

]]></Node>
<StgValue><ssdm name="Sbox_load_11"/></StgValue>
</operation>

<operation id="108" st_id="9" stage="1" lat="2">
<core>ROM_nP</core>
<MemPortIdVec>1 </MemPortIdVec>
<condition id="8">
<or_exp><and_exp></and_exp></or_exp>
</condition>

<Node id="84" bw="8" op_0_bw="8">
<![CDATA[
._crit_edge:81  %Sbox_load_12 = load i8* %Sbox_addr_13, align 1

]]></Node>
<StgValue><ssdm name="Sbox_load_12"/></StgValue>
</operation>

<operation id="109" st_id="9" stage="1" lat="2">
<core>RAM</core>
<MemPortIdVec>0 </MemPortIdVec>
<condition id="8">
<or_exp><and_exp></and_exp></or_exp>
</condition>

<Node id="88" bw="32" op_0_bw="5">
<![CDATA[
._crit_edge:85  %statemt_load_17 = load i32* %statemt_addr_21, align 4

]]></Node>
<StgValue><ssdm name="statemt_load_17"/></StgValue>
</operation>

<operation id="110" st_id="9" stage="1" lat="1">
<core>NULL</core>
<MemPortIdVec></MemPortIdVec>
<condition id="8">
<or_exp><and_exp></and_exp></or_exp>
</condition>

<Node id="89" bw="8" op_0_bw="8" op_1_bw="32" op_2_bw="32">
<![CDATA[
._crit_edge:86  %Sbox_addr_14 = getelementptr [256 x i8]* @Sbox, i32 0, i32 %statemt_load_17

]]></Node>
<StgValue><ssdm name="Sbox_addr_14"/></StgValue>
</operation>

<operation id="111" st_id="9" stage="2" lat="2">
<core>ROM_nP</core>
<MemPortIdVec>0 </MemPortIdVec>
<condition id="8">
<or_exp><and_exp></and_exp></or_exp>
</condition>

<Node id="90" bw="8" op_0_bw="8">
<![CDATA[
._crit_edge:87  %Sbox_load_13 = load i8* %Sbox_addr_14, align 1

]]></Node>
<StgValue><ssdm name="Sbox_load_13"/></StgValue>
</operation>

<operation id="112" st_id="9" stage="1" lat="2">
<core>RAM</core>
<MemPortIdVec>1 </MemPortIdVec>
<condition id="8">
<or_exp><and_exp></and_exp></or_exp>
</condition>

<Node id="94" bw="32" op_0_bw="5">
<![CDATA[
._crit_edge:91  %statemt_load_18 = load i32* %statemt_addr_22, align 4

]]></Node>
<StgValue><ssdm name="statemt_load_18"/></StgValue>
</operation>

<operation id="113" st_id="9" stage="1" lat="1">
<core>NULL</core>
<MemPortIdVec></MemPortIdVec>
<condition id="8">
<or_exp><and_exp></and_exp></or_exp>
</condition>

<Node id="95" bw="8" op_0_bw="8" op_1_bw="32" op_2_bw="32">
<![CDATA[
._crit_edge:92  %Sbox_addr_15 = getelementptr [256 x i8]* @Sbox, i32 0, i32 %statemt_load_18

]]></Node>
<StgValue><ssdm name="Sbox_addr_15"/></StgValue>
</operation>

<operation id="114" st_id="9" stage="2" lat="2">
<core>ROM_nP</core>
<MemPortIdVec>1 </MemPortIdVec>
<condition id="8">
<or_exp><and_exp></and_exp></or_exp>
</condition>

<Node id="96" bw="8" op_0_bw="8">
<![CDATA[
._crit_edge:93  %Sbox_load_14 = load i8* %Sbox_addr_15, align 1

]]></Node>
<StgValue><ssdm name="Sbox_load_14"/></StgValue>
</operation>
</state>

<state id="10" st_id="10">

<operation id="115" st_id="10" stage="1" lat="1">
<core>NULL</core>
<MemPortIdVec></MemPortIdVec>
<condition id="9">
<or_exp><and_exp></and_exp></or_exp>
</condition>

<Node id="8" bw="32" op_0_bw="8">
<![CDATA[
._crit_edge:5  %temp_cast = zext i8 %temp to i32

]]></Node>
<StgValue><ssdm name="temp_cast"/></StgValue>
</operation>

<operation id="116" st_id="10" stage="1" lat="1">
<core>NULL</core>
<MemPortIdVec></MemPortIdVec>
<condition id="9">
<or_exp><and_exp></and_exp></or_exp>
</condition>

<Node id="25" bw="32" op_0_bw="8">
<![CDATA[
._crit_edge:22  %Sbox_load_2_cast = zext i8 %Sbox_load_2 to i32

]]></Node>
<StgValue><ssdm name="Sbox_load_2_cast"/></StgValue>
</operation>

<operation id="117" st_id="10" stage="1" lat="1">
<core>RAM</core>
<MemPortIdVec>0 </MemPortIdVec>
<condition id="9">
<or_exp><and_exp></and_exp></or_exp>
</condition>

<Node id="26" bw="0" op_0_bw="32" op_1_bw="5">
<![CDATA[
._crit_edge:23  store i32 %Sbox_load_2_cast, i32* %statemt_addr_10, align 4

]]></Node>
<StgValue><ssdm name=""/></StgValue>
</operation>

<operation id="118" st_id="10" stage="1" lat="1">
<core>RAM</core>
<MemPortIdVec>1 </MemPortIdVec>
<condition id="9">
<or_exp><and_exp></and_exp></or_exp>
</condition>

<Node id="27" bw="0" op_0_bw="32" op_1_bw="5">
<![CDATA[
._crit_edge:24  store i32 %temp_cast, i32* %statemt_addr_11, align 4

]]></Node>
<StgValue><ssdm name=""/></StgValue>
</operation>

<operation id="119" st_id="10" stage="1" lat="2">
<core>ROM_nP</core>
<MemPortIdVec>0 </MemPortIdVec>
<condition id="9">
<or_exp><and_exp></and_exp></or_exp>
</condition>

<Node id="90" bw="8" op_0_bw="8">
<![CDATA[
._crit_edge:87  %Sbox_load_13 = load i8* %Sbox_addr_14, align 1

]]></Node>
<StgValue><ssdm name="Sbox_load_13"/></StgValue>
</operation>

<operation id="120" st_id="10" stage="1" lat="2">
<core>ROM_nP</core>
<MemPortIdVec>1 </MemPortIdVec>
<condition id="9">
<or_exp><and_exp></and_exp></or_exp>
</condition>

<Node id="96" bw="8" op_0_bw="8">
<![CDATA[
._crit_edge:93  %Sbox_load_14 = load i8* %Sbox_addr_15, align 1

]]></Node>
<StgValue><ssdm name="Sbox_load_14"/></StgValue>
</operation>
</state>

<state id="11" st_id="11">

<operation id="121" st_id="11" stage="1" lat="1">
<core>NULL</core>
<MemPortIdVec></MemPortIdVec>
<condition id="10">
<or_exp><and_exp></and_exp></or_exp>
</condition>

<Node id="32" bw="32" op_0_bw="8">
<![CDATA[
._crit_edge:29  %temp_1_cast = zext i8 %temp_1 to i32

]]></Node>
<StgValue><ssdm name="temp_1_cast"/></StgValue>
</operation>

<operation id="122" st_id="11" stage="1" lat="1">
<core>NULL</core>
<MemPortIdVec></MemPortIdVec>
<condition id="10">
<or_exp><and_exp></and_exp></or_exp>
</condition>

<Node id="37" bw="32" op_0_bw="8">
<![CDATA[
._crit_edge:34  %Sbox_load_4_cast = zext i8 %Sbox_load_4 to i32

]]></Node>
<StgValue><ssdm name="Sbox_load_4_cast"/></StgValue>
</operation>

<operation id="123" st_id="11" stage="1" lat="1">
<core>RAM</core>
<MemPortIdVec>0 </MemPortIdVec>
<condition id="10">
<or_exp><and_exp></and_exp></or_exp>
</condition>

<Node id="38" bw="0" op_0_bw="32" op_1_bw="5">
<![CDATA[
._crit_edge:35  store i32 %Sbox_load_4_cast, i32* %statemt_addr_12, align 4

]]></Node>
<StgValue><ssdm name=""/></StgValue>
</operation>

<operation id="124" st_id="11" stage="1" lat="1">
<core>RAM</core>
<MemPortIdVec>1 </MemPortIdVec>
<condition id="10">
<or_exp><and_exp></and_exp></or_exp>
</condition>

<Node id="39" bw="0" op_0_bw="32" op_1_bw="5">
<![CDATA[
._crit_edge:36  store i32 %temp_1_cast, i32* %statemt_addr_13, align 4

]]></Node>
<StgValue><ssdm name=""/></StgValue>
</operation>
</state>

<state id="12" st_id="12">

<operation id="125" st_id="12" stage="1" lat="1">
<core>NULL</core>
<MemPortIdVec></MemPortIdVec>
<condition id="11">
<or_exp><and_exp></and_exp></or_exp>
</condition>

<Node id="44" bw="32" op_0_bw="8">
<![CDATA[
._crit_edge:41  %temp_2_cast = zext i8 %temp_2 to i32

]]></Node>
<StgValue><ssdm name="temp_2_cast"/></StgValue>
</operation>

<operation id="126" st_id="12" stage="1" lat="1">
<core>NULL</core>
<MemPortIdVec></MemPortIdVec>
<condition id="11">
<or_exp><and_exp></and_exp></or_exp>
</condition>

<Node id="49" bw="32" op_0_bw="8">
<![CDATA[
._crit_edge:46  %Sbox_load_6_cast = zext i8 %Sbox_load_6 to i32

]]></Node>
<StgValue><ssdm name="Sbox_load_6_cast"/></StgValue>
</operation>

<operation id="127" st_id="12" stage="1" lat="1">
<core>RAM</core>
<MemPortIdVec>0 </MemPortIdVec>
<condition id="11">
<or_exp><and_exp></and_exp></or_exp>
</condition>

<Node id="50" bw="0" op_0_bw="32" op_1_bw="5">
<![CDATA[
._crit_edge:47  store i32 %Sbox_load_6_cast, i32* %statemt_addr_14, align 4

]]></Node>
<StgValue><ssdm name=""/></StgValue>
</operation>

<operation id="128" st_id="12" stage="1" lat="1">
<core>RAM</core>
<MemPortIdVec>1 </MemPortIdVec>
<condition id="11">
<or_exp><and_exp></and_exp></or_exp>
</condition>

<Node id="51" bw="0" op_0_bw="32" op_1_bw="5">
<![CDATA[
._crit_edge:48  store i32 %temp_2_cast, i32* %statemt_addr_15, align 4

]]></Node>
<StgValue><ssdm name=""/></StgValue>
</operation>
</state>

<state id="13" st_id="13">

<operation id="129" st_id="13" stage="1" lat="1">
<core>NULL</core>
<MemPortIdVec></MemPortIdVec>
<condition id="12">
<or_exp><and_exp></and_exp></or_exp>
</condition>

<Node id="61" bw="32" op_0_bw="8">
<![CDATA[
._crit_edge:58  %Sbox_load_8_cast = zext i8 %Sbox_load_8 to i32

]]></Node>
<StgValue><ssdm name="Sbox_load_8_cast"/></StgValue>
</operation>

<operation id="130" st_id="13" stage="1" lat="1">
<core>RAM</core>
<MemPortIdVec>0 </MemPortIdVec>
<condition id="12">
<or_exp><and_exp></and_exp></or_exp>
</condition>

<Node id="62" bw="0" op_0_bw="32" op_1_bw="5">
<![CDATA[
._crit_edge:59  store i32 %Sbox_load_8_cast, i32* %statemt_addr_16, align 4

]]></Node>
<StgValue><ssdm name=""/></StgValue>
</operation>

<operation id="131" st_id="13" stage="1" lat="1">
<core>NULL</core>
<MemPortIdVec></MemPortIdVec>
<condition id="12">
<or_exp><and_exp></and_exp></or_exp>
</condition>

<Node id="67" bw="32" op_0_bw="8">
<![CDATA[
._crit_edge:64  %Sbox_load_9_cast = zext i8 %Sbox_load_9 to i32

]]></Node>
<StgValue><ssdm name="Sbox_load_9_cast"/></StgValue>
</operation>

<operation id="132" st_id="13" stage="1" lat="1">
<core>RAM</core>
<MemPortIdVec>1 </MemPortIdVec>
<condition id="12">
<or_exp><and_exp></and_exp></or_exp>
</condition>

<Node id="68" bw="0" op_0_bw="32" op_1_bw="5">
<![CDATA[
._crit_edge:65  store i32 %Sbox_load_9_cast, i32* %statemt_addr_17, align 4

]]></Node>
<StgValue><ssdm name=""/></StgValue>
</operation>
</state>

<state id="14" st_id="14">

<operation id="133" st_id="14" stage="1" lat="1">
<core>NULL</core>
<MemPortIdVec></MemPortIdVec>
<condition id="13">
<or_exp><and_exp></and_exp></or_exp>
</condition>

<Node id="56" bw="32" op_0_bw="8">
<![CDATA[
._crit_edge:53  %temp_3_cast = zext i8 %temp_3 to i32

]]></Node>
<StgValue><ssdm name="temp_3_cast"/></StgValue>
</operation>

<operation id="134" st_id="14" stage="1" lat="1">
<core>NULL</core>
<MemPortIdVec></MemPortIdVec>
<condition id="13">
<or_exp><and_exp></and_exp></or_exp>
</condition>

<Node id="73" bw="32" op_0_bw="8">
<![CDATA[
._crit_edge:70  %Sbox_load_10_cast = zext i8 %Sbox_load_10 to i32

]]></Node>
<StgValue><ssdm name="Sbox_load_10_cast"/></StgValue>
</operation>

<operation id="135" st_id="14" stage="1" lat="1">
<core>RAM</core>
<MemPortIdVec>0 </MemPortIdVec>
<condition id="13">
<or_exp><and_exp></and_exp></or_exp>
</condition>

<Node id="74" bw="0" op_0_bw="32" op_1_bw="5">
<![CDATA[
._crit_edge:71  store i32 %Sbox_load_10_cast, i32* %statemt_addr_18, align 4

]]></Node>
<StgValue><ssdm name=""/></StgValue>
</operation>

<operation id="136" st_id="14" stage="1" lat="1">
<core>RAM</core>
<MemPortIdVec>1 </MemPortIdVec>
<condition id="13">
<or_exp><and_exp></and_exp></or_exp>
</condition>

<Node id="75" bw="0" op_0_bw="32" op_1_bw="5">
<![CDATA[
._crit_edge:72  store i32 %temp_3_cast, i32* %statemt_addr_19, align 4

]]></Node>
<StgValue><ssdm name=""/></StgValue>
</operation>
</state>

<state id="15" st_id="15">

<operation id="137" st_id="15" stage="1" lat="1">
<core>NULL</core>
<MemPortIdVec></MemPortIdVec>
<condition id="14">
<or_exp><and_exp></and_exp></or_exp>
</condition>

<Node id="79" bw="32" op_0_bw="8">
<![CDATA[
._crit_edge:76  %Sbox_load_11_cast = zext i8 %Sbox_load_11 to i32

]]></Node>
<StgValue><ssdm name="Sbox_load_11_cast"/></StgValue>
</operation>

<operation id="138" st_id="15" stage="1" lat="1">
<core>RAM</core>
<MemPortIdVec>0 </MemPortIdVec>
<condition id="14">
<or_exp><and_exp></and_exp></or_exp>
</condition>

<Node id="80" bw="0" op_0_bw="32" op_1_bw="5">
<![CDATA[
._crit_edge:77  store i32 %Sbox_load_11_cast, i32* %statemt_addr, align 4

]]></Node>
<StgValue><ssdm name=""/></StgValue>
</operation>

<operation id="139" st_id="15" stage="1" lat="1">
<core>NULL</core>
<MemPortIdVec></MemPortIdVec>
<condition id="14">
<or_exp><and_exp></and_exp></or_exp>
</condition>

<Node id="85" bw="32" op_0_bw="8">
<![CDATA[
._crit_edge:82  %Sbox_load_12_cast = zext i8 %Sbox_load_12 to i32

]]></Node>
<StgValue><ssdm name="Sbox_load_12_cast"/></StgValue>
</operation>

<operation id="140" st_id="15" stage="1" lat="1">
<core>RAM</core>
<MemPortIdVec>1 </MemPortIdVec>
<condition id="14">
<or_exp><and_exp></and_exp></or_exp>
</condition>

<Node id="86" bw="0" op_0_bw="32" op_1_bw="5">
<![CDATA[
._crit_edge:83  store i32 %Sbox_load_12_cast, i32* %statemt_addr_20, align 4

]]></Node>
<StgValue><ssdm name=""/></StgValue>
</operation>
</state>

<state id="16" st_id="16">

<operation id="141" st_id="16" stage="1" lat="1">
<core>NULL</core>
<MemPortIdVec></MemPortIdVec>
<condition id="15">
<or_exp><and_exp></and_exp></or_exp>
</condition>

<Node id="91" bw="32" op_0_bw="8">
<![CDATA[
._crit_edge:88  %Sbox_load_13_cast = zext i8 %Sbox_load_13 to i32

]]></Node>
<StgValue><ssdm name="Sbox_load_13_cast"/></StgValue>
</operation>

<operation id="142" st_id="16" stage="1" lat="1">
<core>RAM</core>
<MemPortIdVec>0 </MemPortIdVec>
<condition id="15">
<or_exp><and_exp></and_exp></or_exp>
</condition>

<Node id="92" bw="0" op_0_bw="32" op_1_bw="5">
<![CDATA[
._crit_edge:89  store i32 %Sbox_load_13_cast, i32* %statemt_addr_21, align 4

]]></Node>
<StgValue><ssdm name=""/></StgValue>
</operation>

<operation id="143" st_id="16" stage="1" lat="1">
<core>NULL</core>
<MemPortIdVec></MemPortIdVec>
<condition id="15">
<or_exp><and_exp></and_exp></or_exp>
</condition>

<Node id="97" bw="32" op_0_bw="8">
<![CDATA[
._crit_edge:94  %Sbox_load_14_cast = zext i8 %Sbox_load_14 to i32

]]></Node>
<StgValue><ssdm name="Sbox_load_14_cast"/></StgValue>
</operation>

<operation id="144" st_id="16" stage="1" lat="1">
<core>RAM</core>
<MemPortIdVec>1 </MemPortIdVec>
<condition id="15">
<or_exp><and_exp></and_exp></or_exp>
</condition>

<Node id="98" bw="0" op_0_bw="32" op_1_bw="5">
<![CDATA[
._crit_edge:95  store i32 %Sbox_load_14_cast, i32* %statemt_addr_22, align 4

]]></Node>
<StgValue><ssdm name=""/></StgValue>
</operation>

<operation id="145" st_id="16" stage="1" lat="1">
<core>NULL</core>
<MemPortIdVec></MemPortIdVec>
<condition id="15">
<or_exp><and_exp></and_exp></or_exp>
</condition>

<Node id="99" bw="0">
<![CDATA[
._crit_edge:96  ret void

]]></Node>
<StgValue><ssdm name=""/></StgValue>
</operation>
</state>
</state_list>


<ports>
<port id="161" name="statemt" dir="2" iftype="1">
<core>RAM</core><StgValue><ssdm name="statemt"/><MemPortTyVec>2 2 </MemPortTyVec>
</StgValue>
</port>
<port id="162" name="Sbox" dir="0" iftype="1">
<core>ROM_nP</core><StgValue><ssdm name="Sbox"/><MemPortTyVec>1 1 </MemPortTyVec>
</StgValue>
</port>
</ports>


<dataflows>
<dataflow id="163" from="statemt" to="statemt_addr_8" fromId="161" toId="17">
</dataflow>
<dataflow id="165" from="StgValue_164" to="statemt_addr_8" fromId="164" toId="17">
</dataflow>
<dataflow id="167" from="StgValue_166" to="statemt_addr_8" fromId="166" toId="17">
</dataflow>
<dataflow id="168" from="statemt_addr_8" to="statemt_load" fromId="17" toId="18">
</dataflow>
<dataflow id="169" from="statemt" to="statemt_addr_9" fromId="161" toId="19">
</dataflow>
<dataflow id="170" from="StgValue_164" to="statemt_addr_9" fromId="164" toId="19">
</dataflow>
<dataflow id="172" from="StgValue_171" to="statemt_addr_9" fromId="171" toId="19">
</dataflow>
<dataflow id="173" from="statemt_addr_9" to="statemt_load_4" fromId="19" toId="20">
</dataflow>
<dataflow id="174" from="statemt_addr_8" to="statemt_load" fromId="17" toId="21">
</dataflow>
<dataflow id="175" from="Sbox" to="Sbox_addr" fromId="162" toId="22">
</dataflow>
<dataflow id="176" from="StgValue_164" to="Sbox_addr" fromId="164" toId="22">
</dataflow>
<dataflow id="177" from="statemt_load" to="Sbox_addr" fromId="21" toId="22">
</dataflow>
<dataflow id="178" from="Sbox_addr" to="temp" fromId="22" toId="23">
</dataflow>
<dataflow id="179" from="statemt_addr_9" to="statemt_load_4" fromId="19" toId="24">
</dataflow>
<dataflow id="180" from="Sbox" to="Sbox_addr_1" fromId="162" toId="25">
</dataflow>
<dataflow id="181" from="StgValue_164" to="Sbox_addr_1" fromId="164" toId="25">
</dataflow>
<dataflow id="182" from="statemt_load_4" to="Sbox_addr_1" fromId="24" toId="25">
</dataflow>
<dataflow id="183" from="Sbox_addr_1" to="Sbox_load" fromId="25" toId="26">
</dataflow>
<dataflow id="184" from="statemt" to="statemt_addr_10" fromId="161" toId="27">
</dataflow>
<dataflow id="185" from="StgValue_164" to="statemt_addr_10" fromId="164" toId="27">
</dataflow>
<dataflow id="187" from="StgValue_186" to="statemt_addr_10" fromId="186" toId="27">
</dataflow>
<dataflow id="188" from="statemt_addr_10" to="statemt_load_5" fromId="27" toId="28">
</dataflow>
<dataflow id="189" from="statemt" to="statemt_addr_11" fromId="161" toId="29">
</dataflow>
<dataflow id="190" from="StgValue_164" to="statemt_addr_11" fromId="164" toId="29">
</dataflow>
<dataflow id="192" from="StgValue_191" to="statemt_addr_11" fromId="191" toId="29">
</dataflow>
<dataflow id="193" from="statemt_addr_11" to="statemt_load_6" fromId="29" toId="30">
</dataflow>
<dataflow id="194" from="Sbox_addr" to="temp" fromId="22" toId="31">
</dataflow>
<dataflow id="195" from="Sbox_addr_1" to="Sbox_load" fromId="25" toId="32">
</dataflow>
<dataflow id="196" from="statemt_addr_10" to="statemt_load_5" fromId="27" toId="33">
</dataflow>
<dataflow id="197" from="Sbox" to="Sbox_addr_2" fromId="162" toId="34">
</dataflow>
<dataflow id="198" from="StgValue_164" to="Sbox_addr_2" fromId="164" toId="34">
</dataflow>
<dataflow id="199" from="statemt_load_5" to="Sbox_addr_2" fromId="33" toId="34">
</dataflow>
<dataflow id="200" from="Sbox_addr_2" to="Sbox_load_1" fromId="34" toId="35">
</dataflow>
<dataflow id="201" from="statemt_addr_11" to="statemt_load_6" fromId="29" toId="36">
</dataflow>
<dataflow id="202" from="Sbox" to="Sbox_addr_3" fromId="162" toId="37">
</dataflow>
<dataflow id="203" from="StgValue_164" to="Sbox_addr_3" fromId="164" toId="37">
</dataflow>
<dataflow id="204" from="statemt_load_6" to="Sbox_addr_3" fromId="36" toId="37">
</dataflow>
<dataflow id="205" from="Sbox_addr_3" to="Sbox_load_2" fromId="37" toId="38">
</dataflow>
<dataflow id="206" from="statemt" to="statemt_addr_12" fromId="161" toId="39">
</dataflow>
<dataflow id="207" from="StgValue_164" to="statemt_addr_12" fromId="164" toId="39">
</dataflow>
<dataflow id="209" from="StgValue_208" to="statemt_addr_12" fromId="208" toId="39">
</dataflow>
<dataflow id="210" from="statemt_addr_12" to="statemt_load_7" fromId="39" toId="40">
</dataflow>
<dataflow id="211" from="statemt" to="statemt_addr_13" fromId="161" toId="41">
</dataflow>
<dataflow id="212" from="StgValue_164" to="statemt_addr_13" fromId="164" toId="41">
</dataflow>
<dataflow id="214" from="StgValue_213" to="statemt_addr_13" fromId="213" toId="41">
</dataflow>
<dataflow id="215" from="statemt_addr_13" to="statemt_load_8" fromId="41" toId="42">
</dataflow>
<dataflow id="216" from="Sbox_addr_2" to="Sbox_load_1" fromId="34" toId="43">
</dataflow>
<dataflow id="217" from="Sbox_addr_3" to="Sbox_load_2" fromId="37" toId="44">
</dataflow>
<dataflow id="218" from="statemt_addr_12" to="statemt_load_7" fromId="39" toId="45">
</dataflow>
<dataflow id="219" from="Sbox" to="Sbox_addr_4" fromId="162" toId="46">
</dataflow>
<dataflow id="220" from="StgValue_164" to="Sbox_addr_4" fromId="164" toId="46">
</dataflow>
<dataflow id="221" from="statemt_load_7" to="Sbox_addr_4" fromId="45" toId="46">
</dataflow>
<dataflow id="222" from="Sbox_addr_4" to="temp_1" fromId="46" toId="47">
</dataflow>
<dataflow id="223" from="statemt_addr_13" to="statemt_load_8" fromId="41" toId="48">
</dataflow>
<dataflow id="224" from="Sbox" to="Sbox_addr_5" fromId="162" toId="49">
</dataflow>
<dataflow id="225" from="StgValue_164" to="Sbox_addr_5" fromId="164" toId="49">
</dataflow>
<dataflow id="226" from="statemt_load_8" to="Sbox_addr_5" fromId="48" toId="49">
</dataflow>
<dataflow id="227" from="Sbox_addr_5" to="Sbox_load_4" fromId="49" toId="50">
</dataflow>
<dataflow id="228" from="statemt" to="statemt_addr_14" fromId="161" toId="51">
</dataflow>
<dataflow id="229" from="StgValue_164" to="statemt_addr_14" fromId="164" toId="51">
</dataflow>
<dataflow id="231" from="StgValue_230" to="statemt_addr_14" fromId="230" toId="51">
</dataflow>
<dataflow id="232" from="statemt_addr_14" to="statemt_load_9" fromId="51" toId="52">
</dataflow>
<dataflow id="233" from="statemt" to="statemt_addr_15" fromId="161" toId="53">
</dataflow>
<dataflow id="234" from="StgValue_164" to="statemt_addr_15" fromId="164" toId="53">
</dataflow>
<dataflow id="236" from="StgValue_235" to="statemt_addr_15" fromId="235" toId="53">
</dataflow>
<dataflow id="237" from="statemt_addr_15" to="statemt_load_10" fromId="53" toId="54">
</dataflow>
<dataflow id="238" from="Sbox_addr_4" to="temp_1" fromId="46" toId="55">
</dataflow>
<dataflow id="239" from="Sbox_addr_5" to="Sbox_load_4" fromId="49" toId="56">
</dataflow>
<dataflow id="240" from="statemt_addr_14" to="statemt_load_9" fromId="51" toId="57">
</dataflow>
<dataflow id="241" from="Sbox" to="Sbox_addr_6" fromId="162" toId="58">
</dataflow>
<dataflow id="242" from="StgValue_164" to="Sbox_addr_6" fromId="164" toId="58">
</dataflow>
<dataflow id="243" from="statemt_load_9" to="Sbox_addr_6" fromId="57" toId="58">
</dataflow>
<dataflow id="244" from="Sbox_addr_6" to="temp_2" fromId="58" toId="59">
</dataflow>
<dataflow id="245" from="statemt_addr_15" to="statemt_load_10" fromId="53" toId="60">
</dataflow>
<dataflow id="246" from="Sbox" to="Sbox_addr_7" fromId="162" toId="61">
</dataflow>
<dataflow id="247" from="StgValue_164" to="Sbox_addr_7" fromId="164" toId="61">
</dataflow>
<dataflow id="248" from="statemt_load_10" to="Sbox_addr_7" fromId="60" toId="61">
</dataflow>
<dataflow id="249" from="Sbox_addr_7" to="Sbox_load_6" fromId="61" toId="62">
</dataflow>
<dataflow id="250" from="statemt" to="statemt_addr_16" fromId="161" toId="63">
</dataflow>
<dataflow id="251" from="StgValue_164" to="statemt_addr_16" fromId="164" toId="63">
</dataflow>
<dataflow id="253" from="StgValue_252" to="statemt_addr_16" fromId="252" toId="63">
</dataflow>
<dataflow id="254" from="statemt_addr_16" to="statemt_load_11" fromId="63" toId="64">
</dataflow>
<dataflow id="255" from="statemt" to="statemt_addr_17" fromId="161" toId="65">
</dataflow>
<dataflow id="256" from="StgValue_164" to="statemt_addr_17" fromId="164" toId="65">
</dataflow>
<dataflow id="258" from="StgValue_257" to="statemt_addr_17" fromId="257" toId="65">
</dataflow>
<dataflow id="259" from="statemt_addr_17" to="statemt_load_12" fromId="65" toId="66">
</dataflow>
<dataflow id="260" from="Sbox_addr_6" to="temp_2" fromId="58" toId="67">
</dataflow>
<dataflow id="261" from="Sbox_addr_7" to="Sbox_load_6" fromId="61" toId="68">
</dataflow>
<dataflow id="262" from="statemt_addr_16" to="statemt_load_11" fromId="63" toId="69">
</dataflow>
<dataflow id="263" from="Sbox" to="Sbox_addr_8" fromId="162" toId="70">
</dataflow>
<dataflow id="264" from="StgValue_164" to="Sbox_addr_8" fromId="164" toId="70">
</dataflow>
<dataflow id="265" from="statemt_load_11" to="Sbox_addr_8" fromId="69" toId="70">
</dataflow>
<dataflow id="266" from="Sbox_addr_8" to="temp_3" fromId="70" toId="71">
</dataflow>
<dataflow id="267" from="statemt_addr_17" to="statemt_load_12" fromId="65" toId="72">
</dataflow>
<dataflow id="268" from="Sbox" to="Sbox_addr_9" fromId="162" toId="73">
</dataflow>
<dataflow id="269" from="StgValue_164" to="Sbox_addr_9" fromId="164" toId="73">
</dataflow>
<dataflow id="270" from="statemt_load_12" to="Sbox_addr_9" fromId="72" toId="73">
</dataflow>
<dataflow id="271" from="Sbox_addr_9" to="Sbox_load_8" fromId="73" toId="74">
</dataflow>
<dataflow id="272" from="statemt" to="statemt_addr_18" fromId="161" toId="75">
</dataflow>
<dataflow id="273" from="StgValue_164" to="statemt_addr_18" fromId="164" toId="75">
</dataflow>
<dataflow id="275" from="StgValue_274" to="statemt_addr_18" fromId="274" toId="75">
</dataflow>
<dataflow id="276" from="statemt_addr_18" to="statemt_load_13" fromId="75" toId="76">
</dataflow>
<dataflow id="277" from="statemt" to="statemt_addr_19" fromId="161" toId="77">
</dataflow>
<dataflow id="278" from="StgValue_164" to="statemt_addr_19" fromId="164" toId="77">
</dataflow>
<dataflow id="280" from="StgValue_279" to="statemt_addr_19" fromId="279" toId="77">
</dataflow>
<dataflow id="281" from="statemt_addr_19" to="statemt_load_14" fromId="77" toId="78">
</dataflow>
<dataflow id="282" from="statemt" to="statemt_addr" fromId="161" toId="79">
</dataflow>
<dataflow id="283" from="StgValue_164" to="statemt_addr" fromId="164" toId="79">
</dataflow>
<dataflow id="284" from="StgValue_164" to="statemt_addr" fromId="164" toId="79">
</dataflow>
<dataflow id="285" from="Sbox_addr_8" to="temp_3" fromId="70" toId="80">
</dataflow>
<dataflow id="286" from="Sbox_addr_9" to="Sbox_load_8" fromId="73" toId="81">
</dataflow>
<dataflow id="287" from="statemt_addr_18" to="statemt_load_13" fromId="75" toId="82">
</dataflow>
<dataflow id="288" from="Sbox" to="Sbox_addr_10" fromId="162" toId="83">
</dataflow>
<dataflow id="289" from="StgValue_164" to="Sbox_addr_10" fromId="164" toId="83">
</dataflow>
<dataflow id="290" from="statemt_load_13" to="Sbox_addr_10" fromId="82" toId="83">
</dataflow>
<dataflow id="291" from="Sbox_addr_10" to="Sbox_load_9" fromId="83" toId="84">
</dataflow>
<dataflow id="292" from="statemt_addr_19" to="statemt_load_14" fromId="77" toId="85">
</dataflow>
<dataflow id="293" from="Sbox" to="Sbox_addr_11" fromId="162" toId="86">
</dataflow>
<dataflow id="294" from="StgValue_164" to="Sbox_addr_11" fromId="164" toId="86">
</dataflow>
<dataflow id="295" from="statemt_load_14" to="Sbox_addr_11" fromId="85" toId="86">
</dataflow>
<dataflow id="296" from="Sbox_addr_11" to="Sbox_load_10" fromId="86" toId="87">
</dataflow>
<dataflow id="297" from="statemt_addr" to="statemt_load_15" fromId="79" toId="88">
</dataflow>
<dataflow id="298" from="statemt" to="statemt_addr_20" fromId="161" toId="89">
</dataflow>
<dataflow id="299" from="StgValue_164" to="statemt_addr_20" fromId="164" toId="89">
</dataflow>
<dataflow id="301" from="StgValue_300" to="statemt_addr_20" fromId="300" toId="89">
</dataflow>
<dataflow id="302" from="statemt_addr_20" to="statemt_load_16" fromId="89" toId="90">
</dataflow>
<dataflow id="303" from="Sbox_addr_10" to="Sbox_load_9" fromId="83" toId="91">
</dataflow>
<dataflow id="304" from="Sbox_addr_11" to="Sbox_load_10" fromId="86" toId="92">
</dataflow>
<dataflow id="305" from="statemt_addr" to="statemt_load_15" fromId="79" toId="93">
</dataflow>
<dataflow id="306" from="Sbox" to="Sbox_addr_12" fromId="162" toId="94">
</dataflow>
<dataflow id="307" from="StgValue_164" to="Sbox_addr_12" fromId="164" toId="94">
</dataflow>
<dataflow id="308" from="statemt_load_15" to="Sbox_addr_12" fromId="93" toId="94">
</dataflow>
<dataflow id="309" from="Sbox_addr_12" to="Sbox_load_11" fromId="94" toId="95">
</dataflow>
<dataflow id="310" from="statemt_addr_20" to="statemt_load_16" fromId="89" toId="96">
</dataflow>
<dataflow id="311" from="Sbox" to="Sbox_addr_13" fromId="162" toId="97">
</dataflow>
<dataflow id="312" from="StgValue_164" to="Sbox_addr_13" fromId="164" toId="97">
</dataflow>
<dataflow id="313" from="statemt_load_16" to="Sbox_addr_13" fromId="96" toId="97">
</dataflow>
<dataflow id="314" from="Sbox_addr_13" to="Sbox_load_12" fromId="97" toId="98">
</dataflow>
<dataflow id="315" from="statemt" to="statemt_addr_21" fromId="161" toId="99">
</dataflow>
<dataflow id="316" from="StgValue_164" to="statemt_addr_21" fromId="164" toId="99">
</dataflow>
<dataflow id="318" from="StgValue_317" to="statemt_addr_21" fromId="317" toId="99">
</dataflow>
<dataflow id="319" from="statemt_addr_21" to="statemt_load_17" fromId="99" toId="100">
</dataflow>
<dataflow id="320" from="statemt" to="statemt_addr_22" fromId="161" toId="101">
</dataflow>
<dataflow id="321" from="StgValue_164" to="statemt_addr_22" fromId="164" toId="101">
</dataflow>
<dataflow id="323" from="StgValue_322" to="statemt_addr_22" fromId="322" toId="101">
</dataflow>
<dataflow id="324" from="statemt_addr_22" to="statemt_load_18" fromId="101" toId="102">
</dataflow>
<dataflow id="325" from="Sbox_load" to="Sbox_load_cast" fromId="32" toId="103">
</dataflow>
<dataflow id="326" from="Sbox_load_cast" to="StgValue_104" fromId="103" toId="104">
</dataflow>
<dataflow id="327" from="statemt_addr_8" to="StgValue_104" fromId="17" toId="104">
</dataflow>
<dataflow id="328" from="Sbox_load_1" to="Sbox_load_1_cast" fromId="43" toId="105">
</dataflow>
<dataflow id="329" from="Sbox_load_1_cast" to="StgValue_106" fromId="105" toId="106">
</dataflow>
<dataflow id="330" from="statemt_addr_9" to="StgValue_106" fromId="19" toId="106">
</dataflow>
<dataflow id="331" from="Sbox_addr_12" to="Sbox_load_11" fromId="94" toId="107">
</dataflow>
<dataflow id="332" from="Sbox_addr_13" to="Sbox_load_12" fromId="97" toId="108">
</dataflow>
<dataflow id="333" from="statemt_addr_21" to="statemt_load_17" fromId="99" toId="109">
</dataflow>
<dataflow id="334" from="Sbox" to="Sbox_addr_14" fromId="162" toId="110">
</dataflow>
<dataflow id="335" from="StgValue_164" to="Sbox_addr_14" fromId="164" toId="110">
</dataflow>
<dataflow id="336" from="statemt_load_17" to="Sbox_addr_14" fromId="109" toId="110">
</dataflow>
<dataflow id="337" from="Sbox_addr_14" to="Sbox_load_13" fromId="110" toId="111">
</dataflow>
<dataflow id="338" from="statemt_addr_22" to="statemt_load_18" fromId="101" toId="112">
</dataflow>
<dataflow id="339" from="Sbox" to="Sbox_addr_15" fromId="162" toId="113">
</dataflow>
<dataflow id="340" from="StgValue_164" to="Sbox_addr_15" fromId="164" toId="113">
</dataflow>
<dataflow id="341" from="statemt_load_18" to="Sbox_addr_15" fromId="112" toId="113">
</dataflow>
<dataflow id="342" from="Sbox_addr_15" to="Sbox_load_14" fromId="113" toId="114">
</dataflow>
<dataflow id="343" from="temp" to="temp_cast" fromId="31" toId="115">
</dataflow>
<dataflow id="344" from="Sbox_load_2" to="Sbox_load_2_cast" fromId="44" toId="116">
</dataflow>
<dataflow id="345" from="Sbox_load_2_cast" to="StgValue_117" fromId="116" toId="117">
</dataflow>
<dataflow id="346" from="statemt_addr_10" to="StgValue_117" fromId="27" toId="117">
</dataflow>
<dataflow id="347" from="temp_cast" to="StgValue_118" fromId="115" toId="118">
</dataflow>
<dataflow id="348" from="statemt_addr_11" to="StgValue_118" fromId="29" toId="118">
</dataflow>
<dataflow id="349" from="Sbox_addr_14" to="Sbox_load_13" fromId="110" toId="119">
</dataflow>
<dataflow id="350" from="Sbox_addr_15" to="Sbox_load_14" fromId="113" toId="120">
</dataflow>
<dataflow id="351" from="temp_1" to="temp_1_cast" fromId="55" toId="121">
</dataflow>
<dataflow id="352" from="Sbox_load_4" to="Sbox_load_4_cast" fromId="56" toId="122">
</dataflow>
<dataflow id="353" from="Sbox_load_4_cast" to="StgValue_123" fromId="122" toId="123">
</dataflow>
<dataflow id="354" from="statemt_addr_12" to="StgValue_123" fromId="39" toId="123">
</dataflow>
<dataflow id="355" from="temp_1_cast" to="StgValue_124" fromId="121" toId="124">
</dataflow>
<dataflow id="356" from="statemt_addr_13" to="StgValue_124" fromId="41" toId="124">
</dataflow>
<dataflow id="357" from="temp_2" to="temp_2_cast" fromId="67" toId="125">
</dataflow>
<dataflow id="358" from="Sbox_load_6" to="Sbox_load_6_cast" fromId="68" toId="126">
</dataflow>
<dataflow id="359" from="Sbox_load_6_cast" to="StgValue_127" fromId="126" toId="127">
</dataflow>
<dataflow id="360" from="statemt_addr_14" to="StgValue_127" fromId="51" toId="127">
</dataflow>
<dataflow id="361" from="temp_2_cast" to="StgValue_128" fromId="125" toId="128">
</dataflow>
<dataflow id="362" from="statemt_addr_15" to="StgValue_128" fromId="53" toId="128">
</dataflow>
<dataflow id="363" from="Sbox_load_8" to="Sbox_load_8_cast" fromId="81" toId="129">
</dataflow>
<dataflow id="364" from="Sbox_load_8_cast" to="StgValue_130" fromId="129" toId="130">
</dataflow>
<dataflow id="365" from="statemt_addr_16" to="StgValue_130" fromId="63" toId="130">
</dataflow>
<dataflow id="366" from="Sbox_load_9" to="Sbox_load_9_cast" fromId="91" toId="131">
</dataflow>
<dataflow id="367" from="Sbox_load_9_cast" to="StgValue_132" fromId="131" toId="132">
</dataflow>
<dataflow id="368" from="statemt_addr_17" to="StgValue_132" fromId="65" toId="132">
</dataflow>
<dataflow id="369" from="temp_3" to="temp_3_cast" fromId="80" toId="133">
</dataflow>
<dataflow id="370" from="Sbox_load_10" to="Sbox_load_10_cast" fromId="92" toId="134">
</dataflow>
<dataflow id="371" from="Sbox_load_10_cast" to="StgValue_135" fromId="134" toId="135">
</dataflow>
<dataflow id="372" from="statemt_addr_18" to="StgValue_135" fromId="75" toId="135">
</dataflow>
<dataflow id="373" from="temp_3_cast" to="StgValue_136" fromId="133" toId="136">
</dataflow>
<dataflow id="374" from="statemt_addr_19" to="StgValue_136" fromId="77" toId="136">
</dataflow>
<dataflow id="375" from="Sbox_load_11" to="Sbox_load_11_cast" fromId="107" toId="137">
</dataflow>
<dataflow id="376" from="Sbox_load_11_cast" to="StgValue_138" fromId="137" toId="138">
</dataflow>
<dataflow id="377" from="statemt_addr" to="StgValue_138" fromId="79" toId="138">
</dataflow>
<dataflow id="378" from="Sbox_load_12" to="Sbox_load_12_cast" fromId="108" toId="139">
</dataflow>
<dataflow id="379" from="Sbox_load_12_cast" to="StgValue_140" fromId="139" toId="140">
</dataflow>
<dataflow id="380" from="statemt_addr_20" to="StgValue_140" fromId="89" toId="140">
</dataflow>
<dataflow id="381" from="Sbox_load_13" to="Sbox_load_13_cast" fromId="119" toId="141">
</dataflow>
<dataflow id="382" from="Sbox_load_13_cast" to="StgValue_142" fromId="141" toId="142">
</dataflow>
<dataflow id="383" from="statemt_addr_21" to="StgValue_142" fromId="99" toId="142">
</dataflow>
<dataflow id="384" from="Sbox_load_14" to="Sbox_load_14_cast" fromId="120" toId="143">
</dataflow>
<dataflow id="385" from="Sbox_load_14_cast" to="StgValue_144" fromId="143" toId="144">
</dataflow>
<dataflow id="386" from="statemt_addr_22" to="StgValue_144" fromId="101" toId="144">
</dataflow>
</dataflows>


</stg>
