<stg><name>MixColumn_AddRoundKe</name>


<trans_list>

<trans id="172" from="1" to="2">
<condition id="17">
<or_exp><and_exp></and_exp></or_exp>
</condition>
</trans>

<trans id="173" from="2" to="3">
<condition id="18">
<or_exp><and_exp><literal name="exitcond1" val="0"/>
</and_exp></or_exp>
</condition>
</trans>

<trans id="178" from="2" to="6">
<condition id="25">
<or_exp><and_exp><literal name="exitcond1" val="1"/>
</and_exp></or_exp>
</condition>
</trans>

<trans id="175" from="3" to="4">
<condition id="20">
<or_exp><and_exp></and_exp></or_exp>
</condition>
</trans>

<trans id="176" from="4" to="5">
<condition id="21">
<or_exp><and_exp></and_exp></or_exp>
</condition>
</trans>

<trans id="177" from="5" to="2">
<condition id="23">
<or_exp><and_exp></and_exp></or_exp>
</condition>
</trans>

<trans id="179" from="6" to="7">
<condition id="26">
<or_exp><and_exp><literal name="exitcond" val="0"/>
</and_exp></or_exp>
</condition>
</trans>

<trans id="181" from="7" to="8">
<condition id="28">
<or_exp><and_exp></and_exp></or_exp>
</condition>
</trans>

<trans id="182" from="8" to="6">
<condition id="30">
<or_exp><and_exp></and_exp></or_exp>
</condition>
</trans>
</trans_list>



<state_list>

<state id="1" st_id="1">

<operation id="9" st_id="1" stage="1" lat="1">
<core>NULL</core>
<MemPortIdVec></MemPortIdVec>
<condition id="0">
<or_exp><and_exp></and_exp></or_exp>
</condition>

<Node id="4" bw="4" op_0_bw="4" op_1_bw="4">
<![CDATA[
:0  %n_read = call i4 @_ssdm_op_Read.ap_auto.i4(i4 %n)

]]></Node>
<StgValue><ssdm name="n_read"/></StgValue>
</operation>

<operation id="10" st_id="1" stage="1" lat="1">
<core>RAM</core>
<MemPortIdVec></MemPortIdVec>
<condition id="0">
<or_exp><and_exp></and_exp></or_exp>
</condition>

<Node id="5" bw="32" op_0_bw="32">
<![CDATA[
:1  %ret = alloca [32 x i32], align 4

]]></Node>
<StgValue><ssdm name="ret"/></StgValue>
</operation>

<operation id="11" st_id="1" stage="1" lat="1">
<core>NULL</core>
<MemPortIdVec></MemPortIdVec>
<condition id="0">
<or_exp><and_exp></and_exp></or_exp>
</condition>

<Node id="6" bw="6" op_0_bw="6" op_1_bw="4" op_2_bw="2">
<![CDATA[
:2  %tmp = call i6 @_ssdm_op_BitConcatenate.i6.i4.i2(i4 %n_read, i2 0)

]]></Node>
<StgValue><ssdm name="tmp"/></StgValue>
</operation>

<operation id="12" st_id="1" stage="1" lat="1">
<core>NULL</core>
<MemPortIdVec></MemPortIdVec>
<condition id="0">
<or_exp><and_exp></and_exp></or_exp>
</condition>

<Node id="7" bw="0" op_0_bw="0">
<![CDATA[
:3  br label %1

]]></Node>
<StgValue><ssdm name=""/></StgValue>
</operation>
</state>

<state id="2" st_id="2">

<operation id="13" st_id="2" stage="1" lat="1">
<core>NULL</core>
<MemPortIdVec></MemPortIdVec>
<condition id="1">
<or_exp><and_exp></and_exp></or_exp>
</condition>

<Node id="9" bw="3" op_0_bw="3" op_1_bw="0">
<![CDATA[
:0  %j = phi i3 [ 0, %0 ], [ %j_3, %._crit_edge_ifconv ]

]]></Node>
<StgValue><ssdm name="j"/></StgValue>
</operation>

<operation id="14" st_id="2" stage="1" lat="1">
<core>NULL</core>
<MemPortIdVec></MemPortIdVec>
<condition id="1">
<or_exp><and_exp></and_exp></or_exp>
</condition>

<Node id="10" bw="6" op_0_bw="3">
<![CDATA[
:1  %j_cast1 = zext i3 %j to i6

]]></Node>
<StgValue><ssdm name="j_cast1"/></StgValue>
</operation>

<operation id="15" st_id="2" stage="1" lat="1">
<core>Cmp</core>
<MemPortIdVec></MemPortIdVec>
<condition id="1">
<or_exp><and_exp></and_exp></or_exp>
</condition>

<Node id="11" bw="1" op_0_bw="3" op_1_bw="3">
<![CDATA[
:2  %exitcond1 = icmp eq i3 %j, -4

]]></Node>
<StgValue><ssdm name="exitcond1"/></StgValue>
</operation>

<operation id="16" st_id="2" stage="1" lat="1">
<core>NULL</core>
<MemPortIdVec></MemPortIdVec>
<condition id="1">
<or_exp><and_exp></and_exp></or_exp>
</condition>

<Node id="12" bw="32" op_0_bw="32" op_1_bw="64" op_2_bw="64" op_3_bw="64">
<![CDATA[
:3  %empty = call i32 (...)* @_ssdm_op_SpecLoopTripCount(i64 4, i64 4, i64 4)

]]></Node>
<StgValue><ssdm name="empty"/></StgValue>
</operation>

<operation id="17" st_id="2" stage="1" lat="1">
<core>AddSub</core>
<MemPortIdVec></MemPortIdVec>
<condition id="1">
<or_exp><and_exp></and_exp></or_exp>
</condition>

<Node id="13" bw="3" op_0_bw="3" op_1_bw="3">
<![CDATA[
:4  %j_3 = add i3 %j, 1

]]></Node>
<StgValue><ssdm name="j_3"/></StgValue>
</operation>

<operation id="18" st_id="2" stage="1" lat="1">
<core>NULL</core>
<MemPortIdVec></MemPortIdVec>
<condition id="1">
<or_exp><and_exp></and_exp></or_exp>
</condition>

<Node id="14" bw="0" op_0_bw="1" op_1_bw="0" op_2_bw="0">
<![CDATA[
:5  br i1 %exitcond1, label %.preheader.preheader, label %._crit_edge_ifconv

]]></Node>
<StgValue><ssdm name=""/></StgValue>
</operation>

<operation id="19" st_id="2" stage="1" lat="1">
<core>NULL</core>
<MemPortIdVec></MemPortIdVec>
<condition id="3">
<or_exp><and_exp><literal name="exitcond1" val="0"/>
</and_exp></or_exp>
</condition>

<Node id="16" bw="2" op_0_bw="3">
<![CDATA[
._crit_edge_ifconv:0  %tmp_6 = trunc i3 %j to i2

]]></Node>
<StgValue><ssdm name="tmp_6"/></StgValue>
</operation>

<operation id="20" st_id="2" stage="1" lat="1">
<core>NULL</core>
<MemPortIdVec></MemPortIdVec>
<condition id="3">
<or_exp><and_exp><literal name="exitcond1" val="0"/>
</and_exp></or_exp>
</condition>

<Node id="17" bw="4" op_0_bw="4" op_1_bw="2" op_2_bw="2">
<![CDATA[
._crit_edge_ifconv:1  %tmp_5 = call i4 @_ssdm_op_BitConcatenate.i4.i2.i2(i2 %tmp_6, i2 0)

]]></Node>
<StgValue><ssdm name="tmp_5"/></StgValue>
</operation>

<operation id="21" st_id="2" stage="1" lat="1">
<core>NULL</core>
<MemPortIdVec></MemPortIdVec>
<condition id="3">
<or_exp><and_exp><literal name="exitcond1" val="0"/>
</and_exp></or_exp>
</condition>

<Node id="18" bw="32" op_0_bw="4">
<![CDATA[
._crit_edge_ifconv:2  %tmp_5_cast = zext i4 %tmp_5 to i32

]]></Node>
<StgValue><ssdm name="tmp_5_cast"/></StgValue>
</operation>

<operation id="22" st_id="2" stage="1" lat="1">
<core>NULL</core>
<MemPortIdVec></MemPortIdVec>
<condition id="3">
<or_exp><and_exp><literal name="exitcond1" val="0"/>
</and_exp></or_exp>
</condition>

<Node id="19" bw="5" op_0_bw="32" op_1_bw="32" op_2_bw="32">
<![CDATA[
._crit_edge_ifconv:3  %statemt_addr = getelementptr [32 x i32]* %statemt, i32 0, i32 %tmp_5_cast

]]></Node>
<StgValue><ssdm name="statemt_addr"/></StgValue>
</operation>

<operation id="23" st_id="2" stage="2" lat="2">
<core>RAM</core>
<MemPortIdVec></MemPortIdVec>
<condition id="3">
<or_exp><and_exp><literal name="exitcond1" val="0"/>
</and_exp></or_exp>
</condition>

<Node id="20" bw="32" op_0_bw="5">
<![CDATA[
._crit_edge_ifconv:4  %x_6 = load i32* %statemt_addr, align 4

]]></Node>
<StgValue><ssdm name="x_6"/></StgValue>
</operation>

<operation id="24" st_id="2" stage="1" lat="1">
<core>NULL</core>
<MemPortIdVec></MemPortIdVec>
<condition id="3">
<or_exp><and_exp><literal name="exitcond1" val="0"/>
</and_exp></or_exp>
</condition>

<Node id="28" bw="4" op_0_bw="4" op_1_bw="4">
<![CDATA[
._crit_edge_ifconv:12  %tmp_9 = or i4 %tmp_5, 1

]]></Node>
<StgValue><ssdm name="tmp_9"/></StgValue>
</operation>

<operation id="25" st_id="2" stage="1" lat="1">
<core>NULL</core>
<MemPortIdVec></MemPortIdVec>
<condition id="3">
<or_exp><and_exp><literal name="exitcond1" val="0"/>
</and_exp></or_exp>
</condition>

<Node id="29" bw="32" op_0_bw="4">
<![CDATA[
._crit_edge_ifconv:13  %tmp_9_cast = zext i4 %tmp_9 to i32

]]></Node>
<StgValue><ssdm name="tmp_9_cast"/></StgValue>
</operation>

<operation id="26" st_id="2" stage="1" lat="1">
<core>NULL</core>
<MemPortIdVec></MemPortIdVec>
<condition id="3">
<or_exp><and_exp><literal name="exitcond1" val="0"/>
</and_exp></or_exp>
</condition>

<Node id="30" bw="5" op_0_bw="32" op_1_bw="32" op_2_bw="32">
<![CDATA[
._crit_edge_ifconv:14  %statemt_addr_1 = getelementptr [32 x i32]* %statemt, i32 0, i32 %tmp_9_cast

]]></Node>
<StgValue><ssdm name="statemt_addr_1"/></StgValue>
</operation>

<operation id="27" st_id="2" stage="2" lat="2">
<core>RAM</core>
<MemPortIdVec></MemPortIdVec>
<condition id="3">
<or_exp><and_exp><literal name="exitcond1" val="0"/>
</and_exp></or_exp>
</condition>

<Node id="31" bw="32" op_0_bw="5">
<![CDATA[
._crit_edge_ifconv:15  %x = load i32* %statemt_addr_1, align 4

]]></Node>
<StgValue><ssdm name="x"/></StgValue>
</operation>

<operation id="28" st_id="2" stage="1" lat="1">
<core>AddSub</core>
<MemPortIdVec></MemPortIdVec>
<condition id="3">
<or_exp><and_exp><literal name="exitcond1" val="0"/>
</and_exp></or_exp>
</condition>

<Node id="47" bw="6" op_0_bw="6" op_1_bw="6">
<![CDATA[
._crit_edge_ifconv:31  %tmp_14 = add i6 %tmp, %j_cast1

]]></Node>
<StgValue><ssdm name="tmp_14"/></StgValue>
</operation>

<operation id="29" st_id="2" stage="1" lat="1">
<core>NULL</core>
<MemPortIdVec></MemPortIdVec>
<condition id="3">
<or_exp><and_exp><literal name="exitcond1" val="0"/>
</and_exp></or_exp>
</condition>

<Node id="48" bw="32" op_0_bw="6">
<![CDATA[
._crit_edge_ifconv:32  %tmp_16_cast = zext i6 %tmp_14 to i32

]]></Node>
<StgValue><ssdm name="tmp_16_cast"/></StgValue>
</operation>

<operation id="30" st_id="2" stage="1" lat="1">
<core>NULL</core>
<MemPortIdVec></MemPortIdVec>
<condition id="3">
<or_exp><and_exp><literal name="exitcond1" val="0"/>
</and_exp></or_exp>
</condition>

<Node id="50" bw="8" op_0_bw="6">
<![CDATA[
._crit_edge_ifconv:34  %tmp_16_cast_cast = zext i6 %tmp_14 to i8

]]></Node>
<StgValue><ssdm name="tmp_16_cast_cast"/></StgValue>
</operation>

<operation id="31" st_id="2" stage="1" lat="1">
<core>NULL</core>
<MemPortIdVec></MemPortIdVec>
<condition id="3">
<or_exp><and_exp><literal name="exitcond1" val="0"/>
</and_exp></or_exp>
</condition>

<Node id="51" bw="9" op_0_bw="32" op_1_bw="32" op_2_bw="32">
<![CDATA[
._crit_edge_ifconv:35  %word_addr = getelementptr [480 x i32]* @word, i32 0, i32 %tmp_16_cast

]]></Node>
<StgValue><ssdm name="word_addr"/></StgValue>
</operation>

<operation id="32" st_id="2" stage="1" lat="1">
<core>AddSub</core>
<MemPortIdVec></MemPortIdVec>
<condition id="3">
<or_exp><and_exp><literal name="exitcond1" val="0"/>
</and_exp></or_exp>
</condition>

<Node id="52" bw="8" op_0_bw="8" op_1_bw="8">
<![CDATA[
._crit_edge_ifconv:36  %tmp_34 = add i8 120, %tmp_16_cast_cast

]]></Node>
<StgValue><ssdm name="tmp_34"/></StgValue>
</operation>

<operation id="33" st_id="2" stage="1" lat="1">
<core>NULL</core>
<MemPortIdVec></MemPortIdVec>
<condition id="3">
<or_exp><and_exp><literal name="exitcond1" val="0"/>
</and_exp></or_exp>
</condition>

<Node id="53" bw="32" op_0_bw="8">
<![CDATA[
._crit_edge_ifconv:37  %tmp_38_cast = zext i8 %tmp_34 to i32

]]></Node>
<StgValue><ssdm name="tmp_38_cast"/></StgValue>
</operation>

<operation id="34" st_id="2" stage="1" lat="1">
<core>NULL</core>
<MemPortIdVec></MemPortIdVec>
<condition id="3">
<or_exp><and_exp><literal name="exitcond1" val="0"/>
</and_exp></or_exp>
</condition>

<Node id="54" bw="9" op_0_bw="32" op_1_bw="32" op_2_bw="32">
<![CDATA[
._crit_edge_ifconv:38  %word_addr_1 = getelementptr [480 x i32]* @word, i32 0, i32 %tmp_38_cast

]]></Node>
<StgValue><ssdm name="word_addr_1"/></StgValue>
</operation>

<operation id="35" st_id="2" stage="2" lat="2">
<core>RAM</core>
<MemPortIdVec></MemPortIdVec>
<condition id="3">
<or_exp><and_exp><literal name="exitcond1" val="0"/>
</and_exp></or_exp>
</condition>

<Node id="61" bw="32" op_0_bw="9">
<![CDATA[
._crit_edge_ifconv:45  %word_load = load i32* %word_addr, align 4

]]></Node>
<StgValue><ssdm name="word_load"/></StgValue>
</operation>

<operation id="36" st_id="2" stage="2" lat="2">
<core>RAM</core>
<MemPortIdVec></MemPortIdVec>
<condition id="3">
<or_exp><and_exp><literal name="exitcond1" val="0"/>
</and_exp></or_exp>
</condition>

<Node id="80" bw="32" op_0_bw="9">
<![CDATA[
._crit_edge_ifconv:64  %word_load_1 = load i32* %word_addr_1, align 4

]]></Node>
<StgValue><ssdm name="word_load_1"/></StgValue>
</operation>

<operation id="37" st_id="2" stage="1" lat="1">
<core>NULL</core>
<MemPortIdVec></MemPortIdVec>
<condition id="5">
<or_exp><and_exp><literal name="exitcond1" val="1"/>
</and_exp></or_exp>
</condition>

<Node id="125" bw="0" op_0_bw="0">
<![CDATA[
.preheader.preheader:0  br label %.preheader

]]></Node>
<StgValue><ssdm name=""/></StgValue>
</operation>
</state>

<state id="3" st_id="3">

<operation id="38" st_id="3" stage="1" lat="2">
<core>RAM</core>
<MemPortIdVec></MemPortIdVec>
<condition id="6">
<or_exp><and_exp></and_exp></or_exp>
</condition>

<Node id="20" bw="32" op_0_bw="5">
<![CDATA[
._crit_edge_ifconv:4  %x_6 = load i32* %statemt_addr, align 4

]]></Node>
<StgValue><ssdm name="x_6"/></StgValue>
</operation>

<operation id="39" st_id="3" stage="1" lat="1">
<core>NULL</core>
<MemPortIdVec></MemPortIdVec>
<condition id="6">
<or_exp><and_exp></and_exp></or_exp>
</condition>

<Node id="23" bw="24" op_0_bw="24" op_1_bw="32" op_2_bw="32" op_3_bw="32">
<![CDATA[
._crit_edge_ifconv:7  %tmp_s = call i24 @_ssdm_op_PartSelect.i24.i32.i32.i32(i32 %x_6, i32 7, i32 30)

]]></Node>
<StgValue><ssdm name="tmp_s"/></StgValue>
</operation>

<operation id="40" st_id="3" stage="1" lat="1">
<core>NULL</core>
<MemPortIdVec></MemPortIdVec>
<condition id="6">
<or_exp><and_exp></and_exp></or_exp>
</condition>

<Node id="24" bw="32" op_0_bw="32" op_1_bw="24" op_2_bw="8">
<![CDATA[
._crit_edge_ifconv:8  %p_mask = call i32 @_ssdm_op_BitConcatenate.i32.i24.i8(i24 %tmp_s, i8 0)

]]></Node>
<StgValue><ssdm name="p_mask"/></StgValue>
</operation>

<operation id="41" st_id="3" stage="1" lat="1">
<core>Cmp</core>
<MemPortIdVec></MemPortIdVec>
<condition id="6">
<or_exp><and_exp></and_exp></or_exp>
</condition>

<Node id="25" bw="1" op_0_bw="32" op_1_bw="32">
<![CDATA[
._crit_edge_ifconv:9  %tmp_7 = icmp eq i32 %p_mask, 256

]]></Node>
<StgValue><ssdm name="tmp_7"/></StgValue>
</operation>

<operation id="42" st_id="3" stage="1" lat="2">
<core>RAM</core>
<MemPortIdVec></MemPortIdVec>
<condition id="6">
<or_exp><and_exp></and_exp></or_exp>
</condition>

<Node id="31" bw="32" op_0_bw="5">
<![CDATA[
._crit_edge_ifconv:15  %x = load i32* %statemt_addr_1, align 4

]]></Node>
<StgValue><ssdm name="x"/></StgValue>
</operation>

<operation id="43" st_id="3" stage="1" lat="1">
<core>NULL</core>
<MemPortIdVec></MemPortIdVec>
<condition id="6">
<or_exp><and_exp></and_exp></or_exp>
</condition>

<Node id="39" bw="4" op_0_bw="4" op_1_bw="4">
<![CDATA[
._crit_edge_ifconv:23  %tmp_10 = or i4 %tmp_5, 2

]]></Node>
<StgValue><ssdm name="tmp_10"/></StgValue>
</operation>

<operation id="44" st_id="3" stage="1" lat="1">
<core>NULL</core>
<MemPortIdVec></MemPortIdVec>
<condition id="6">
<or_exp><and_exp></and_exp></or_exp>
</condition>

<Node id="40" bw="32" op_0_bw="4">
<![CDATA[
._crit_edge_ifconv:24  %tmp_14_cast = zext i4 %tmp_10 to i32

]]></Node>
<StgValue><ssdm name="tmp_14_cast"/></StgValue>
</operation>

<operation id="45" st_id="3" stage="1" lat="1">
<core>NULL</core>
<MemPortIdVec></MemPortIdVec>
<condition id="6">
<or_exp><and_exp></and_exp></or_exp>
</condition>

<Node id="41" bw="5" op_0_bw="32" op_1_bw="32" op_2_bw="32">
<![CDATA[
._crit_edge_ifconv:25  %statemt_addr_6 = getelementptr [32 x i32]* %statemt, i32 0, i32 %tmp_14_cast

]]></Node>
<StgValue><ssdm name="statemt_addr_6"/></StgValue>
</operation>

<operation id="46" st_id="3" stage="2" lat="2">
<core>RAM</core>
<MemPortIdVec></MemPortIdVec>
<condition id="6">
<or_exp><and_exp></and_exp></or_exp>
</condition>

<Node id="42" bw="32" op_0_bw="5">
<![CDATA[
._crit_edge_ifconv:26  %x_2 = load i32* %statemt_addr_6, align 4

]]></Node>
<StgValue><ssdm name="x_2"/></StgValue>
</operation>

<operation id="47" st_id="3" stage="1" lat="1">
<core>NULL</core>
<MemPortIdVec></MemPortIdVec>
<condition id="6">
<or_exp><and_exp></and_exp></or_exp>
</condition>

<Node id="43" bw="4" op_0_bw="4" op_1_bw="4">
<![CDATA[
._crit_edge_ifconv:27  %tmp_11 = or i4 %tmp_5, 3

]]></Node>
<StgValue><ssdm name="tmp_11"/></StgValue>
</operation>

<operation id="48" st_id="3" stage="1" lat="1">
<core>NULL</core>
<MemPortIdVec></MemPortIdVec>
<condition id="6">
<or_exp><and_exp></and_exp></or_exp>
</condition>

<Node id="44" bw="32" op_0_bw="4">
<![CDATA[
._crit_edge_ifconv:28  %tmp_15_cast = zext i4 %tmp_11 to i32

]]></Node>
<StgValue><ssdm name="tmp_15_cast"/></StgValue>
</operation>

<operation id="49" st_id="3" stage="1" lat="1">
<core>NULL</core>
<MemPortIdVec></MemPortIdVec>
<condition id="6">
<or_exp><and_exp></and_exp></or_exp>
</condition>

<Node id="45" bw="5" op_0_bw="32" op_1_bw="32" op_2_bw="32">
<![CDATA[
._crit_edge_ifconv:29  %statemt_addr_7 = getelementptr [32 x i32]* %statemt, i32 0, i32 %tmp_15_cast

]]></Node>
<StgValue><ssdm name="statemt_addr_7"/></StgValue>
</operation>

<operation id="50" st_id="3" stage="2" lat="2">
<core>RAM</core>
<MemPortIdVec></MemPortIdVec>
<condition id="6">
<or_exp><and_exp></and_exp></or_exp>
</condition>

<Node id="46" bw="32" op_0_bw="5">
<![CDATA[
._crit_edge_ifconv:30  %x_4 = load i32* %statemt_addr_7, align 4

]]></Node>
<StgValue><ssdm name="x_4"/></StgValue>
</operation>

<operation id="51" st_id="3" stage="1" lat="1">
<core>NULL</core>
<MemPortIdVec></MemPortIdVec>
<condition id="6">
<or_exp><and_exp></and_exp></or_exp>
</condition>

<Node id="49" bw="9" op_0_bw="6">
<![CDATA[
._crit_edge_ifconv:33  %tmp_16_cast_cast1 = zext i6 %tmp_14 to i9

]]></Node>
<StgValue><ssdm name="tmp_16_cast_cast1"/></StgValue>
</operation>

<operation id="52" st_id="3" stage="1" lat="1">
<core>AddSub</core>
<MemPortIdVec></MemPortIdVec>
<condition id="6">
<or_exp><and_exp></and_exp></or_exp>
</condition>

<Node id="55" bw="9" op_0_bw="9" op_1_bw="9">
<![CDATA[
._crit_edge_ifconv:39  %tmp_35 = add i9 240, %tmp_16_cast_cast1

]]></Node>
<StgValue><ssdm name="tmp_35"/></StgValue>
</operation>

<operation id="53" st_id="3" stage="1" lat="1">
<core>NULL</core>
<MemPortIdVec></MemPortIdVec>
<condition id="6">
<or_exp><and_exp></and_exp></or_exp>
</condition>

<Node id="56" bw="32" op_0_bw="9">
<![CDATA[
._crit_edge_ifconv:40  %tmp_39_cast = zext i9 %tmp_35 to i32

]]></Node>
<StgValue><ssdm name="tmp_39_cast"/></StgValue>
</operation>

<operation id="54" st_id="3" stage="1" lat="1">
<core>NULL</core>
<MemPortIdVec></MemPortIdVec>
<condition id="6">
<or_exp><and_exp></and_exp></or_exp>
</condition>

<Node id="57" bw="9" op_0_bw="32" op_1_bw="32" op_2_bw="32">
<![CDATA[
._crit_edge_ifconv:41  %word_addr_2 = getelementptr [480 x i32]* @word, i32 0, i32 %tmp_39_cast

]]></Node>
<StgValue><ssdm name="word_addr_2"/></StgValue>
</operation>

<operation id="55" st_id="3" stage="1" lat="1">
<core>AddSub</core>
<MemPortIdVec></MemPortIdVec>
<condition id="6">
<or_exp><and_exp></and_exp></or_exp>
</condition>

<Node id="58" bw="9" op_0_bw="9" op_1_bw="9">
<![CDATA[
._crit_edge_ifconv:42  %tmp_36 = add i9 -152, %tmp_16_cast_cast1

]]></Node>
<StgValue><ssdm name="tmp_36"/></StgValue>
</operation>

<operation id="56" st_id="3" stage="1" lat="1">
<core>NULL</core>
<MemPortIdVec></MemPortIdVec>
<condition id="6">
<or_exp><and_exp></and_exp></or_exp>
</condition>

<Node id="59" bw="32" op_0_bw="9">
<![CDATA[
._crit_edge_ifconv:43  %tmp_40_cast = zext i9 %tmp_36 to i32

]]></Node>
<StgValue><ssdm name="tmp_40_cast"/></StgValue>
</operation>

<operation id="57" st_id="3" stage="1" lat="1">
<core>NULL</core>
<MemPortIdVec></MemPortIdVec>
<condition id="6">
<or_exp><and_exp></and_exp></or_exp>
</condition>

<Node id="60" bw="9" op_0_bw="32" op_1_bw="32" op_2_bw="32">
<![CDATA[
._crit_edge_ifconv:44  %word_addr_3 = getelementptr [480 x i32]* @word, i32 0, i32 %tmp_40_cast

]]></Node>
<StgValue><ssdm name="word_addr_3"/></StgValue>
</operation>

<operation id="58" st_id="3" stage="1" lat="2">
<core>RAM</core>
<MemPortIdVec></MemPortIdVec>
<condition id="6">
<or_exp><and_exp></and_exp></or_exp>
</condition>

<Node id="61" bw="32" op_0_bw="9">
<![CDATA[
._crit_edge_ifconv:45  %word_load = load i32* %word_addr, align 4

]]></Node>
<StgValue><ssdm name="word_load"/></StgValue>
</operation>

<operation id="59" st_id="3" stage="1" lat="1">
<core>NULL</core>
<MemPortIdVec></MemPortIdVec>
<condition id="6">
<or_exp><and_exp></and_exp></or_exp>
</condition>

<Node id="68" bw="24" op_0_bw="24" op_1_bw="32" op_2_bw="32" op_3_bw="32">
<![CDATA[
._crit_edge_ifconv:52  %tmp_37 = call i24 @_ssdm_op_PartSelect.i24.i32.i32.i32(i32 %x, i32 7, i32 30)

]]></Node>
<StgValue><ssdm name="tmp_37"/></StgValue>
</operation>

<operation id="60" st_id="3" stage="1" lat="1">
<core>NULL</core>
<MemPortIdVec></MemPortIdVec>
<condition id="6">
<or_exp><and_exp></and_exp></or_exp>
</condition>

<Node id="69" bw="32" op_0_bw="32" op_1_bw="24" op_2_bw="8">
<![CDATA[
._crit_edge_ifconv:53  %p_mask2 = call i32 @_ssdm_op_BitConcatenate.i32.i24.i8(i24 %tmp_37, i8 0)

]]></Node>
<StgValue><ssdm name="p_mask2"/></StgValue>
</operation>

<operation id="61" st_id="3" stage="1" lat="1">
<core>Cmp</core>
<MemPortIdVec></MemPortIdVec>
<condition id="6">
<or_exp><and_exp></and_exp></or_exp>
</condition>

<Node id="70" bw="1" op_0_bw="32" op_1_bw="32">
<![CDATA[
._crit_edge_ifconv:54  %tmp_16 = icmp eq i32 %p_mask2, 256

]]></Node>
<StgValue><ssdm name="tmp_16"/></StgValue>
</operation>

<operation id="62" st_id="3" stage="1" lat="2">
<core>RAM</core>
<MemPortIdVec></MemPortIdVec>
<condition id="6">
<or_exp><and_exp></and_exp></or_exp>
</condition>

<Node id="80" bw="32" op_0_bw="9">
<![CDATA[
._crit_edge_ifconv:64  %word_load_1 = load i32* %word_addr_1, align 4

]]></Node>
<StgValue><ssdm name="word_load_1"/></StgValue>
</operation>

<operation id="63" st_id="3" stage="2" lat="2">
<core>RAM</core>
<MemPortIdVec></MemPortIdVec>
<condition id="6">
<or_exp><and_exp></and_exp></or_exp>
</condition>

<Node id="99" bw="32" op_0_bw="9">
<![CDATA[
._crit_edge_ifconv:83  %word_load_2 = load i32* %word_addr_2, align 4

]]></Node>
<StgValue><ssdm name="word_load_2"/></StgValue>
</operation>

<operation id="64" st_id="3" stage="2" lat="2">
<core>RAM</core>
<MemPortIdVec></MemPortIdVec>
<condition id="6">
<or_exp><and_exp></and_exp></or_exp>
</condition>

<Node id="117" bw="32" op_0_bw="9">
<![CDATA[
._crit_edge_ifconv:101  %word_load_3 = load i32* %word_addr_3, align 4

]]></Node>
<StgValue><ssdm name="word_load_3"/></StgValue>
</operation>
</state>

<state id="4" st_id="4">

<operation id="65" st_id="4" stage="1" lat="1">
<core>NULL</core>
<MemPortIdVec></MemPortIdVec>
<condition id="7">
<or_exp><and_exp></and_exp></or_exp>
</condition>

<Node id="21" bw="32" op_0_bw="32" op_1_bw="32">
<![CDATA[
._crit_edge_ifconv:5  %tmp_18 = shl i32 %x_6, 1

]]></Node>
<StgValue><ssdm name="tmp_18"/></StgValue>
</operation>

<operation id="66" st_id="4" stage="1" lat="1">
<core>NULL</core>
<MemPortIdVec></MemPortIdVec>
<condition id="7">
<or_exp><and_exp></and_exp></or_exp>
</condition>

<Node id="22" bw="5" op_0_bw="32" op_1_bw="32" op_2_bw="32">
<![CDATA[
._crit_edge_ifconv:6  %ret_addr = getelementptr inbounds [32 x i32]* %ret, i32 0, i32 %tmp_5_cast

]]></Node>
<StgValue><ssdm name="ret_addr"/></StgValue>
</operation>

<operation id="67" st_id="4" stage="1" lat="1">
<core>LogicGate</core>
<MemPortIdVec></MemPortIdVec>
<condition id="32">
<or_exp><and_exp><literal name="tmp_7" val="1"/>
</and_exp></or_exp>
</condition>

<Node id="26" bw="32" op_0_bw="32" op_1_bw="32">
<![CDATA[
._crit_edge_ifconv:10  %tmp_8 = xor i32 %tmp_18, 283

]]></Node>
<StgValue><ssdm name="tmp_8"/></StgValue>
</operation>

<operation id="68" st_id="4" stage="1" lat="1">
<core>Sel</core>
<MemPortIdVec></MemPortIdVec>
<condition id="7">
<or_exp><and_exp></and_exp></or_exp>
</condition>

<Node id="27" bw="32" op_0_bw="1" op_1_bw="32" op_2_bw="32">
<![CDATA[
._crit_edge_ifconv:11  %ret_load_1 = select i1 %tmp_7, i32 %tmp_8, i32 %tmp_18

]]></Node>
<StgValue><ssdm name="ret_load_1"/></StgValue>
</operation>

<operation id="69" st_id="4" stage="1" lat="1">
<core>NULL</core>
<MemPortIdVec></MemPortIdVec>
<condition id="7">
<or_exp><and_exp></and_exp></or_exp>
</condition>

<Node id="32" bw="32" op_0_bw="32" op_1_bw="32">
<![CDATA[
._crit_edge_ifconv:16  %tmp_24 = shl i32 %x, 1

]]></Node>
<StgValue><ssdm name="tmp_24"/></StgValue>
</operation>

<operation id="70" st_id="4" stage="1" lat="1">
<core>LogicGate</core>
<MemPortIdVec></MemPortIdVec>
<condition id="7">
<or_exp><and_exp></and_exp></or_exp>
</condition>

<Node id="33" bw="32" op_0_bw="32" op_1_bw="32">
<![CDATA[
._crit_edge_ifconv:17  %x_1 = xor i32 %x, %tmp_24

]]></Node>
<StgValue><ssdm name="x_1"/></StgValue>
</operation>

<operation id="71" st_id="4" stage="1" lat="1">
<core>NULL</core>
<MemPortIdVec></MemPortIdVec>
<condition id="7">
<or_exp><and_exp></and_exp></or_exp>
</condition>

<Node id="34" bw="24" op_0_bw="24" op_1_bw="32" op_2_bw="32" op_3_bw="32">
<![CDATA[
._crit_edge_ifconv:18  %tmp_33 = call i24 @_ssdm_op_PartSelect.i24.i32.i32.i32(i32 %x_1, i32 8, i32 31)

]]></Node>
<StgValue><ssdm name="tmp_33"/></StgValue>
</operation>

<operation id="72" st_id="4" stage="1" lat="1">
<core>NULL</core>
<MemPortIdVec></MemPortIdVec>
<condition id="7">
<or_exp><and_exp></and_exp></or_exp>
</condition>

<Node id="35" bw="32" op_0_bw="32" op_1_bw="24" op_2_bw="8">
<![CDATA[
._crit_edge_ifconv:19  %p_mask1 = call i32 @_ssdm_op_BitConcatenate.i32.i24.i8(i24 %tmp_33, i8 0)

]]></Node>
<StgValue><ssdm name="p_mask1"/></StgValue>
</operation>

<operation id="73" st_id="4" stage="1" lat="1">
<core>Cmp</core>
<MemPortIdVec></MemPortIdVec>
<condition id="7">
<or_exp><and_exp></and_exp></or_exp>
</condition>

<Node id="36" bw="1" op_0_bw="32" op_1_bw="32">
<![CDATA[
._crit_edge_ifconv:20  %tmp_1 = icmp eq i32 %p_mask1, 256

]]></Node>
<StgValue><ssdm name="tmp_1"/></StgValue>
</operation>

<operation id="74" st_id="4" stage="1" lat="1">
<core>LogicGate</core>
<MemPortIdVec></MemPortIdVec>
<condition id="7">
<or_exp><and_exp></and_exp></or_exp>
</condition>

<Node id="37" bw="32" op_0_bw="32" op_1_bw="32">
<![CDATA[
._crit_edge_ifconv:21  %tmp_3 = xor i32 %x_1, 283

]]></Node>
<StgValue><ssdm name="tmp_3"/></StgValue>
</operation>

<operation id="75" st_id="4" stage="1" lat="1">
<core>Sel</core>
<MemPortIdVec></MemPortIdVec>
<condition id="7">
<or_exp><and_exp></and_exp></or_exp>
</condition>

<Node id="38" bw="32" op_0_bw="1" op_1_bw="32" op_2_bw="32">
<![CDATA[
._crit_edge_ifconv:22  %storemerge_v = select i1 %tmp_1, i32 %tmp_3, i32 %x_1

]]></Node>
<StgValue><ssdm name="storemerge_v"/></StgValue>
</operation>

<operation id="76" st_id="4" stage="1" lat="2">
<core>RAM</core>
<MemPortIdVec></MemPortIdVec>
<condition id="7">
<or_exp><and_exp></and_exp></or_exp>
</condition>

<Node id="42" bw="32" op_0_bw="5">
<![CDATA[
._crit_edge_ifconv:26  %x_2 = load i32* %statemt_addr_6, align 4

]]></Node>
<StgValue><ssdm name="x_2"/></StgValue>
</operation>

<operation id="77" st_id="4" stage="1" lat="2">
<core>RAM</core>
<MemPortIdVec></MemPortIdVec>
<condition id="7">
<or_exp><and_exp></and_exp></or_exp>
</condition>

<Node id="46" bw="32" op_0_bw="5">
<![CDATA[
._crit_edge_ifconv:30  %x_4 = load i32* %statemt_addr_7, align 4

]]></Node>
<StgValue><ssdm name="x_4"/></StgValue>
</operation>

<operation id="78" st_id="4" stage="1" lat="1">
<core>LogicGate</core>
<MemPortIdVec></MemPortIdVec>
<condition id="7">
<or_exp><and_exp></and_exp></or_exp>
</condition>

<Node id="62" bw="32" op_0_bw="32" op_1_bw="32">
<![CDATA[
._crit_edge_ifconv:46  %tmp1 = xor i32 %x_2, %x_4

]]></Node>
<StgValue><ssdm name="tmp1"/></StgValue>
</operation>

<operation id="79" st_id="4" stage="1" lat="1">
<core>LogicGate</core>
<MemPortIdVec></MemPortIdVec>
<condition id="7">
<or_exp><and_exp></and_exp></or_exp>
</condition>

<Node id="63" bw="32" op_0_bw="32" op_1_bw="32">
<![CDATA[
._crit_edge_ifconv:47  %tmp3 = xor i32 %ret_load_1, %storemerge_v

]]></Node>
<StgValue><ssdm name="tmp3"/></StgValue>
</operation>

<operation id="80" st_id="4" stage="1" lat="1">
<core>LogicGate</core>
<MemPortIdVec></MemPortIdVec>
<condition id="7">
<or_exp><and_exp></and_exp></or_exp>
</condition>

<Node id="64" bw="32" op_0_bw="32" op_1_bw="32">
<![CDATA[
._crit_edge_ifconv:48  %tmp2 = xor i32 %tmp3, %word_load

]]></Node>
<StgValue><ssdm name="tmp2"/></StgValue>
</operation>

<operation id="81" st_id="4" stage="1" lat="1">
<core>LogicGate</core>
<MemPortIdVec></MemPortIdVec>
<condition id="7">
<or_exp><and_exp></and_exp></or_exp>
</condition>

<Node id="65" bw="32" op_0_bw="32" op_1_bw="32">
<![CDATA[
._crit_edge_ifconv:49  %tmp_15 = xor i32 %tmp2, %tmp1

]]></Node>
<StgValue><ssdm name="tmp_15"/></StgValue>
</operation>

<operation id="82" st_id="4" stage="1" lat="1">
<core>RAM</core>
<MemPortIdVec></MemPortIdVec>
<condition id="7">
<or_exp><and_exp></and_exp></or_exp>
</condition>

<Node id="66" bw="0" op_0_bw="32" op_1_bw="5">
<![CDATA[
._crit_edge_ifconv:50  store i32 %tmp_15, i32* %ret_addr, align 4

]]></Node>
<StgValue><ssdm name=""/></StgValue>
</operation>

<operation id="83" st_id="4" stage="1" lat="1">
<core>NULL</core>
<MemPortIdVec></MemPortIdVec>
<condition id="7">
<or_exp><and_exp></and_exp></or_exp>
</condition>

<Node id="67" bw="5" op_0_bw="32" op_1_bw="32" op_2_bw="32">
<![CDATA[
._crit_edge_ifconv:51  %ret_addr_5 = getelementptr inbounds [32 x i32]* %ret, i32 0, i32 %tmp_9_cast

]]></Node>
<StgValue><ssdm name="ret_addr_5"/></StgValue>
</operation>

<operation id="84" st_id="4" stage="1" lat="1">
<core>LogicGate</core>
<MemPortIdVec></MemPortIdVec>
<condition id="34">
<or_exp><and_exp><literal name="tmp_16" val="1"/>
</and_exp></or_exp>
</condition>

<Node id="71" bw="32" op_0_bw="32" op_1_bw="32">
<![CDATA[
._crit_edge_ifconv:55  %tmp_17 = xor i32 %tmp_24, 283

]]></Node>
<StgValue><ssdm name="tmp_17"/></StgValue>
</operation>

<operation id="85" st_id="4" stage="1" lat="1">
<core>Sel</core>
<MemPortIdVec></MemPortIdVec>
<condition id="7">
<or_exp><and_exp></and_exp></or_exp>
</condition>

<Node id="72" bw="32" op_0_bw="1" op_1_bw="32" op_2_bw="32">
<![CDATA[
._crit_edge_ifconv:56  %tmp_23_tmp_s = select i1 %tmp_16, i32 %tmp_17, i32 %tmp_24

]]></Node>
<StgValue><ssdm name="tmp_23_tmp_s"/></StgValue>
</operation>

<operation id="86" st_id="4" stage="1" lat="1">
<core>NULL</core>
<MemPortIdVec></MemPortIdVec>
<condition id="7">
<or_exp><and_exp></and_exp></or_exp>
</condition>

<Node id="73" bw="32" op_0_bw="32" op_1_bw="32">
<![CDATA[
._crit_edge_ifconv:57  %tmp_38 = shl i32 %x_2, 1

]]></Node>
<StgValue><ssdm name="tmp_38"/></StgValue>
</operation>

<operation id="87" st_id="4" stage="1" lat="1">
<core>LogicGate</core>
<MemPortIdVec></MemPortIdVec>
<condition id="7">
<or_exp><and_exp></and_exp></or_exp>
</condition>

<Node id="74" bw="32" op_0_bw="32" op_1_bw="32">
<![CDATA[
._crit_edge_ifconv:58  %x_3 = xor i32 %x_2, %tmp_38

]]></Node>
<StgValue><ssdm name="x_3"/></StgValue>
</operation>

<operation id="88" st_id="4" stage="1" lat="1">
<core>NULL</core>
<MemPortIdVec></MemPortIdVec>
<condition id="7">
<or_exp><and_exp></and_exp></or_exp>
</condition>

<Node id="75" bw="24" op_0_bw="24" op_1_bw="32" op_2_bw="32" op_3_bw="32">
<![CDATA[
._crit_edge_ifconv:59  %tmp_39 = call i24 @_ssdm_op_PartSelect.i24.i32.i32.i32(i32 %x_3, i32 8, i32 31)

]]></Node>
<StgValue><ssdm name="tmp_39"/></StgValue>
</operation>

<operation id="89" st_id="4" stage="1" lat="1">
<core>NULL</core>
<MemPortIdVec></MemPortIdVec>
<condition id="7">
<or_exp><and_exp></and_exp></or_exp>
</condition>

<Node id="76" bw="32" op_0_bw="32" op_1_bw="24" op_2_bw="8">
<![CDATA[
._crit_edge_ifconv:60  %p_mask3 = call i32 @_ssdm_op_BitConcatenate.i32.i24.i8(i24 %tmp_39, i8 0)

]]></Node>
<StgValue><ssdm name="p_mask3"/></StgValue>
</operation>

<operation id="90" st_id="4" stage="1" lat="1">
<core>Cmp</core>
<MemPortIdVec></MemPortIdVec>
<condition id="7">
<or_exp><and_exp></and_exp></or_exp>
</condition>

<Node id="77" bw="1" op_0_bw="32" op_1_bw="32">
<![CDATA[
._crit_edge_ifconv:61  %tmp_19 = icmp eq i32 %p_mask3, 256

]]></Node>
<StgValue><ssdm name="tmp_19"/></StgValue>
</operation>

<operation id="91" st_id="4" stage="1" lat="1">
<core>LogicGate</core>
<MemPortIdVec></MemPortIdVec>
<condition id="7">
<or_exp><and_exp></and_exp></or_exp>
</condition>

<Node id="78" bw="32" op_0_bw="32" op_1_bw="32">
<![CDATA[
._crit_edge_ifconv:62  %tmp_20 = xor i32 %x_3, 283

]]></Node>
<StgValue><ssdm name="tmp_20"/></StgValue>
</operation>

<operation id="92" st_id="4" stage="1" lat="1">
<core>Sel</core>
<MemPortIdVec></MemPortIdVec>
<condition id="7">
<or_exp><and_exp></and_exp></or_exp>
</condition>

<Node id="79" bw="32" op_0_bw="1" op_1_bw="32" op_2_bw="32">
<![CDATA[
._crit_edge_ifconv:63  %storemerge8_v = select i1 %tmp_19, i32 %tmp_20, i32 %x_3

]]></Node>
<StgValue><ssdm name="storemerge8_v"/></StgValue>
</operation>

<operation id="93" st_id="4" stage="1" lat="1">
<core>LogicGate</core>
<MemPortIdVec></MemPortIdVec>
<condition id="7">
<or_exp><and_exp></and_exp></or_exp>
</condition>

<Node id="81" bw="32" op_0_bw="32" op_1_bw="32">
<![CDATA[
._crit_edge_ifconv:65  %tmp4 = xor i32 %x_4, %x_6

]]></Node>
<StgValue><ssdm name="tmp4"/></StgValue>
</operation>

<operation id="94" st_id="4" stage="1" lat="1">
<core>LogicGate</core>
<MemPortIdVec></MemPortIdVec>
<condition id="7">
<or_exp><and_exp></and_exp></or_exp>
</condition>

<Node id="82" bw="32" op_0_bw="32" op_1_bw="32">
<![CDATA[
._crit_edge_ifconv:66  %tmp6 = xor i32 %storemerge8_v, %tmp_23_tmp_s

]]></Node>
<StgValue><ssdm name="tmp6"/></StgValue>
</operation>

<operation id="95" st_id="4" stage="1" lat="1">
<core>LogicGate</core>
<MemPortIdVec></MemPortIdVec>
<condition id="7">
<or_exp><and_exp></and_exp></or_exp>
</condition>

<Node id="83" bw="32" op_0_bw="32" op_1_bw="32">
<![CDATA[
._crit_edge_ifconv:67  %tmp5 = xor i32 %tmp6, %word_load_1

]]></Node>
<StgValue><ssdm name="tmp5"/></StgValue>
</operation>

<operation id="96" st_id="4" stage="1" lat="1">
<core>LogicGate</core>
<MemPortIdVec></MemPortIdVec>
<condition id="7">
<or_exp><and_exp></and_exp></or_exp>
</condition>

<Node id="84" bw="32" op_0_bw="32" op_1_bw="32">
<![CDATA[
._crit_edge_ifconv:68  %tmp_21 = xor i32 %tmp5, %tmp4

]]></Node>
<StgValue><ssdm name="tmp_21"/></StgValue>
</operation>

<operation id="97" st_id="4" stage="1" lat="1">
<core>RAM</core>
<MemPortIdVec></MemPortIdVec>
<condition id="7">
<or_exp><and_exp></and_exp></or_exp>
</condition>

<Node id="85" bw="0" op_0_bw="32" op_1_bw="5">
<![CDATA[
._crit_edge_ifconv:69  store i32 %tmp_21, i32* %ret_addr_5, align 4

]]></Node>
<StgValue><ssdm name=""/></StgValue>
</operation>

<operation id="98" st_id="4" stage="1" lat="1">
<core>NULL</core>
<MemPortIdVec></MemPortIdVec>
<condition id="7">
<or_exp><and_exp></and_exp></or_exp>
</condition>

<Node id="87" bw="24" op_0_bw="24" op_1_bw="32" op_2_bw="32" op_3_bw="32">
<![CDATA[
._crit_edge_ifconv:71  %tmp_40 = call i24 @_ssdm_op_PartSelect.i24.i32.i32.i32(i32 %x_2, i32 7, i32 30)

]]></Node>
<StgValue><ssdm name="tmp_40"/></StgValue>
</operation>

<operation id="99" st_id="4" stage="1" lat="1">
<core>NULL</core>
<MemPortIdVec></MemPortIdVec>
<condition id="7">
<or_exp><and_exp></and_exp></or_exp>
</condition>

<Node id="88" bw="32" op_0_bw="32" op_1_bw="24" op_2_bw="8">
<![CDATA[
._crit_edge_ifconv:72  %p_mask4 = call i32 @_ssdm_op_BitConcatenate.i32.i24.i8(i24 %tmp_40, i8 0)

]]></Node>
<StgValue><ssdm name="p_mask4"/></StgValue>
</operation>

<operation id="100" st_id="4" stage="1" lat="1">
<core>Cmp</core>
<MemPortIdVec></MemPortIdVec>
<condition id="7">
<or_exp><and_exp></and_exp></or_exp>
</condition>

<Node id="89" bw="1" op_0_bw="32" op_1_bw="32">
<![CDATA[
._crit_edge_ifconv:73  %tmp_22 = icmp eq i32 %p_mask4, 256

]]></Node>
<StgValue><ssdm name="tmp_22"/></StgValue>
</operation>

<operation id="101" st_id="4" stage="1" lat="1">
<core>LogicGate</core>
<MemPortIdVec></MemPortIdVec>
<condition id="7">
<or_exp><and_exp></and_exp></or_exp>
</condition>

<Node id="90" bw="32" op_0_bw="32" op_1_bw="32">
<![CDATA[
._crit_edge_ifconv:74  %tmp_23 = xor i32 %tmp_38, 283

]]></Node>
<StgValue><ssdm name="tmp_23"/></StgValue>
</operation>

<operation id="102" st_id="4" stage="1" lat="1">
<core>Sel</core>
<MemPortIdVec></MemPortIdVec>
<condition id="7">
<or_exp><and_exp></and_exp></or_exp>
</condition>

<Node id="91" bw="32" op_0_bw="1" op_1_bw="32" op_2_bw="32">
<![CDATA[
._crit_edge_ifconv:75  %tmp_33_tmp_s = select i1 %tmp_22, i32 %tmp_23, i32 %tmp_38

]]></Node>
<StgValue><ssdm name="tmp_33_tmp_s"/></StgValue>
</operation>

<operation id="103" st_id="4" stage="1" lat="1">
<core>NULL</core>
<MemPortIdVec></MemPortIdVec>
<condition id="7">
<or_exp><and_exp></and_exp></or_exp>
</condition>

<Node id="92" bw="32" op_0_bw="32" op_1_bw="32">
<![CDATA[
._crit_edge_ifconv:76  %tmp_41 = shl i32 %x_4, 1

]]></Node>
<StgValue><ssdm name="tmp_41"/></StgValue>
</operation>

<operation id="104" st_id="4" stage="1" lat="1">
<core>LogicGate</core>
<MemPortIdVec></MemPortIdVec>
<condition id="7">
<or_exp><and_exp></and_exp></or_exp>
</condition>

<Node id="93" bw="32" op_0_bw="32" op_1_bw="32">
<![CDATA[
._crit_edge_ifconv:77  %x_5 = xor i32 %x_4, %tmp_41

]]></Node>
<StgValue><ssdm name="x_5"/></StgValue>
</operation>

<operation id="105" st_id="4" stage="1" lat="1">
<core>NULL</core>
<MemPortIdVec></MemPortIdVec>
<condition id="7">
<or_exp><and_exp></and_exp></or_exp>
</condition>

<Node id="94" bw="24" op_0_bw="24" op_1_bw="32" op_2_bw="32" op_3_bw="32">
<![CDATA[
._crit_edge_ifconv:78  %tmp_42 = call i24 @_ssdm_op_PartSelect.i24.i32.i32.i32(i32 %x_5, i32 8, i32 31)

]]></Node>
<StgValue><ssdm name="tmp_42"/></StgValue>
</operation>

<operation id="106" st_id="4" stage="1" lat="1">
<core>NULL</core>
<MemPortIdVec></MemPortIdVec>
<condition id="7">
<or_exp><and_exp></and_exp></or_exp>
</condition>

<Node id="95" bw="32" op_0_bw="32" op_1_bw="24" op_2_bw="8">
<![CDATA[
._crit_edge_ifconv:79  %p_mask5 = call i32 @_ssdm_op_BitConcatenate.i32.i24.i8(i24 %tmp_42, i8 0)

]]></Node>
<StgValue><ssdm name="p_mask5"/></StgValue>
</operation>

<operation id="107" st_id="4" stage="1" lat="1">
<core>Cmp</core>
<MemPortIdVec></MemPortIdVec>
<condition id="7">
<or_exp><and_exp></and_exp></or_exp>
</condition>

<Node id="96" bw="1" op_0_bw="32" op_1_bw="32">
<![CDATA[
._crit_edge_ifconv:80  %tmp_25 = icmp eq i32 %p_mask5, 256

]]></Node>
<StgValue><ssdm name="tmp_25"/></StgValue>
</operation>

<operation id="108" st_id="4" stage="1" lat="1">
<core>LogicGate</core>
<MemPortIdVec></MemPortIdVec>
<condition id="7">
<or_exp><and_exp></and_exp></or_exp>
</condition>

<Node id="97" bw="32" op_0_bw="32" op_1_bw="32">
<![CDATA[
._crit_edge_ifconv:81  %tmp_26 = xor i32 %x_5, 283

]]></Node>
<StgValue><ssdm name="tmp_26"/></StgValue>
</operation>

<operation id="109" st_id="4" stage="1" lat="1">
<core>Sel</core>
<MemPortIdVec></MemPortIdVec>
<condition id="7">
<or_exp><and_exp></and_exp></or_exp>
</condition>

<Node id="98" bw="32" op_0_bw="1" op_1_bw="32" op_2_bw="32">
<![CDATA[
._crit_edge_ifconv:82  %storemerge9_v = select i1 %tmp_25, i32 %tmp_26, i32 %x_5

]]></Node>
<StgValue><ssdm name="storemerge9_v"/></StgValue>
</operation>

<operation id="110" st_id="4" stage="1" lat="2">
<core>RAM</core>
<MemPortIdVec></MemPortIdVec>
<condition id="7">
<or_exp><and_exp></and_exp></or_exp>
</condition>

<Node id="99" bw="32" op_0_bw="9">
<![CDATA[
._crit_edge_ifconv:83  %word_load_2 = load i32* %word_addr_2, align 4

]]></Node>
<StgValue><ssdm name="word_load_2"/></StgValue>
</operation>

<operation id="111" st_id="4" stage="1" lat="1">
<core>LogicGate</core>
<MemPortIdVec></MemPortIdVec>
<condition id="7">
<or_exp><and_exp></and_exp></or_exp>
</condition>

<Node id="100" bw="32" op_0_bw="32" op_1_bw="32">
<![CDATA[
._crit_edge_ifconv:84  %tmp7 = xor i32 %x, %x_6

]]></Node>
<StgValue><ssdm name="tmp7"/></StgValue>
</operation>

<operation id="112" st_id="4" stage="1" lat="1">
<core>LogicGate</core>
<MemPortIdVec></MemPortIdVec>
<condition id="7">
<or_exp><and_exp></and_exp></or_exp>
</condition>

<Node id="101" bw="32" op_0_bw="32" op_1_bw="32">
<![CDATA[
._crit_edge_ifconv:85  %tmp9 = xor i32 %storemerge9_v, %tmp_33_tmp_s

]]></Node>
<StgValue><ssdm name="tmp9"/></StgValue>
</operation>

<operation id="113" st_id="4" stage="1" lat="1">
<core>LogicGate</core>
<MemPortIdVec></MemPortIdVec>
<condition id="7">
<or_exp><and_exp></and_exp></or_exp>
</condition>

<Node id="102" bw="32" op_0_bw="32" op_1_bw="32">
<![CDATA[
._crit_edge_ifconv:86  %tmp8 = xor i32 %tmp9, %word_load_2

]]></Node>
<StgValue><ssdm name="tmp8"/></StgValue>
</operation>

<operation id="114" st_id="4" stage="1" lat="1">
<core>LogicGate</core>
<MemPortIdVec></MemPortIdVec>
<condition id="7">
<or_exp><and_exp></and_exp></or_exp>
</condition>

<Node id="103" bw="32" op_0_bw="32" op_1_bw="32">
<![CDATA[
._crit_edge_ifconv:87  %tmp_27 = xor i32 %tmp8, %tmp7

]]></Node>
<StgValue><ssdm name="tmp_27"/></StgValue>
</operation>

<operation id="115" st_id="4" stage="1" lat="1">
<core>NULL</core>
<MemPortIdVec></MemPortIdVec>
<condition id="7">
<or_exp><and_exp></and_exp></or_exp>
</condition>

<Node id="106" bw="24" op_0_bw="24" op_1_bw="32" op_2_bw="32" op_3_bw="32">
<![CDATA[
._crit_edge_ifconv:90  %tmp_43 = call i24 @_ssdm_op_PartSelect.i24.i32.i32.i32(i32 %x_4, i32 7, i32 30)

]]></Node>
<StgValue><ssdm name="tmp_43"/></StgValue>
</operation>

<operation id="116" st_id="4" stage="1" lat="1">
<core>NULL</core>
<MemPortIdVec></MemPortIdVec>
<condition id="7">
<or_exp><and_exp></and_exp></or_exp>
</condition>

<Node id="107" bw="32" op_0_bw="32" op_1_bw="24" op_2_bw="8">
<![CDATA[
._crit_edge_ifconv:91  %p_mask6 = call i32 @_ssdm_op_BitConcatenate.i32.i24.i8(i24 %tmp_43, i8 0)

]]></Node>
<StgValue><ssdm name="p_mask6"/></StgValue>
</operation>

<operation id="117" st_id="4" stage="1" lat="1">
<core>Cmp</core>
<MemPortIdVec></MemPortIdVec>
<condition id="7">
<or_exp><and_exp></and_exp></or_exp>
</condition>

<Node id="108" bw="1" op_0_bw="32" op_1_bw="32">
<![CDATA[
._crit_edge_ifconv:92  %tmp_28 = icmp eq i32 %p_mask6, 256

]]></Node>
<StgValue><ssdm name="tmp_28"/></StgValue>
</operation>

<operation id="118" st_id="4" stage="1" lat="1">
<core>LogicGate</core>
<MemPortIdVec></MemPortIdVec>
<condition id="7">
<or_exp><and_exp></and_exp></or_exp>
</condition>

<Node id="109" bw="32" op_0_bw="32" op_1_bw="32">
<![CDATA[
._crit_edge_ifconv:93  %tmp_29 = xor i32 %tmp_41, 283

]]></Node>
<StgValue><ssdm name="tmp_29"/></StgValue>
</operation>

<operation id="119" st_id="4" stage="1" lat="1">
<core>Sel</core>
<MemPortIdVec></MemPortIdVec>
<condition id="7">
<or_exp><and_exp></and_exp></or_exp>
</condition>

<Node id="110" bw="32" op_0_bw="1" op_1_bw="32" op_2_bw="32">
<![CDATA[
._crit_edge_ifconv:94  %tmp_43_tmp_s = select i1 %tmp_28, i32 %tmp_29, i32 %tmp_41

]]></Node>
<StgValue><ssdm name="tmp_43_tmp_s"/></StgValue>
</operation>

<operation id="120" st_id="4" stage="1" lat="1">
<core>LogicGate</core>
<MemPortIdVec></MemPortIdVec>
<condition id="7">
<or_exp><and_exp></and_exp></or_exp>
</condition>

<Node id="111" bw="32" op_0_bw="32" op_1_bw="32">
<![CDATA[
._crit_edge_ifconv:95  %x_7 = xor i32 %x_6, %tmp_18

]]></Node>
<StgValue><ssdm name="x_7"/></StgValue>
</operation>

<operation id="121" st_id="4" stage="1" lat="1">
<core>NULL</core>
<MemPortIdVec></MemPortIdVec>
<condition id="7">
<or_exp><and_exp></and_exp></or_exp>
</condition>

<Node id="112" bw="24" op_0_bw="24" op_1_bw="32" op_2_bw="32" op_3_bw="32">
<![CDATA[
._crit_edge_ifconv:96  %tmp_44 = call i24 @_ssdm_op_PartSelect.i24.i32.i32.i32(i32 %x_7, i32 8, i32 31)

]]></Node>
<StgValue><ssdm name="tmp_44"/></StgValue>
</operation>

<operation id="122" st_id="4" stage="1" lat="1">
<core>NULL</core>
<MemPortIdVec></MemPortIdVec>
<condition id="7">
<or_exp><and_exp></and_exp></or_exp>
</condition>

<Node id="113" bw="32" op_0_bw="32" op_1_bw="24" op_2_bw="8">
<![CDATA[
._crit_edge_ifconv:97  %p_mask7 = call i32 @_ssdm_op_BitConcatenate.i32.i24.i8(i24 %tmp_44, i8 0)

]]></Node>
<StgValue><ssdm name="p_mask7"/></StgValue>
</operation>

<operation id="123" st_id="4" stage="1" lat="1">
<core>Cmp</core>
<MemPortIdVec></MemPortIdVec>
<condition id="7">
<or_exp><and_exp></and_exp></or_exp>
</condition>

<Node id="114" bw="1" op_0_bw="32" op_1_bw="32">
<![CDATA[
._crit_edge_ifconv:98  %tmp_30 = icmp eq i32 %p_mask7, 256

]]></Node>
<StgValue><ssdm name="tmp_30"/></StgValue>
</operation>

<operation id="124" st_id="4" stage="1" lat="1">
<core>LogicGate</core>
<MemPortIdVec></MemPortIdVec>
<condition id="7">
<or_exp><and_exp></and_exp></or_exp>
</condition>

<Node id="115" bw="32" op_0_bw="32" op_1_bw="32">
<![CDATA[
._crit_edge_ifconv:99  %tmp_31 = xor i32 %x_7, 283

]]></Node>
<StgValue><ssdm name="tmp_31"/></StgValue>
</operation>

<operation id="125" st_id="4" stage="1" lat="1">
<core>Sel</core>
<MemPortIdVec></MemPortIdVec>
<condition id="7">
<or_exp><and_exp></and_exp></or_exp>
</condition>

<Node id="116" bw="32" op_0_bw="1" op_1_bw="32" op_2_bw="32">
<![CDATA[
._crit_edge_ifconv:100  %storemerge1_v = select i1 %tmp_30, i32 %tmp_31, i32 %x_7

]]></Node>
<StgValue><ssdm name="storemerge1_v"/></StgValue>
</operation>

<operation id="126" st_id="4" stage="1" lat="2">
<core>RAM</core>
<MemPortIdVec></MemPortIdVec>
<condition id="7">
<or_exp><and_exp></and_exp></or_exp>
</condition>

<Node id="117" bw="32" op_0_bw="9">
<![CDATA[
._crit_edge_ifconv:101  %word_load_3 = load i32* %word_addr_3, align 4

]]></Node>
<StgValue><ssdm name="word_load_3"/></StgValue>
</operation>

<operation id="127" st_id="4" stage="1" lat="1">
<core>LogicGate</core>
<MemPortIdVec></MemPortIdVec>
<condition id="7">
<or_exp><and_exp></and_exp></or_exp>
</condition>

<Node id="118" bw="32" op_0_bw="32" op_1_bw="32">
<![CDATA[
._crit_edge_ifconv:102  %tmp10 = xor i32 %x_2, %x

]]></Node>
<StgValue><ssdm name="tmp10"/></StgValue>
</operation>

<operation id="128" st_id="4" stage="1" lat="1">
<core>LogicGate</core>
<MemPortIdVec></MemPortIdVec>
<condition id="7">
<or_exp><and_exp></and_exp></or_exp>
</condition>

<Node id="119" bw="32" op_0_bw="32" op_1_bw="32">
<![CDATA[
._crit_edge_ifconv:103  %tmp12 = xor i32 %storemerge1_v, %tmp_43_tmp_s

]]></Node>
<StgValue><ssdm name="tmp12"/></StgValue>
</operation>

<operation id="129" st_id="4" stage="1" lat="1">
<core>LogicGate</core>
<MemPortIdVec></MemPortIdVec>
<condition id="7">
<or_exp><and_exp></and_exp></or_exp>
</condition>

<Node id="120" bw="32" op_0_bw="32" op_1_bw="32">
<![CDATA[
._crit_edge_ifconv:104  %tmp11 = xor i32 %tmp12, %word_load_3

]]></Node>
<StgValue><ssdm name="tmp11"/></StgValue>
</operation>

<operation id="130" st_id="4" stage="1" lat="1">
<core>LogicGate</core>
<MemPortIdVec></MemPortIdVec>
<condition id="7">
<or_exp><and_exp></and_exp></or_exp>
</condition>

<Node id="121" bw="32" op_0_bw="32" op_1_bw="32">
<![CDATA[
._crit_edge_ifconv:105  %tmp_32 = xor i32 %tmp11, %tmp10

]]></Node>
<StgValue><ssdm name="tmp_32"/></StgValue>
</operation>
</state>

<state id="5" st_id="5">

<operation id="131" st_id="5" stage="1" lat="1">
<core>NULL</core>
<MemPortIdVec></MemPortIdVec>
<condition id="8">
<or_exp><and_exp></and_exp></or_exp>
</condition>

<Node id="86" bw="5" op_0_bw="32" op_1_bw="32" op_2_bw="32">
<![CDATA[
._crit_edge_ifconv:70  %ret_addr_6 = getelementptr inbounds [32 x i32]* %ret, i32 0, i32 %tmp_14_cast

]]></Node>
<StgValue><ssdm name="ret_addr_6"/></StgValue>
</operation>

<operation id="132" st_id="5" stage="1" lat="1">
<core>RAM</core>
<MemPortIdVec></MemPortIdVec>
<condition id="8">
<or_exp><and_exp></and_exp></or_exp>
</condition>

<Node id="104" bw="0" op_0_bw="32" op_1_bw="5">
<![CDATA[
._crit_edge_ifconv:88  store i32 %tmp_27, i32* %ret_addr_6, align 4

]]></Node>
<StgValue><ssdm name=""/></StgValue>
</operation>

<operation id="133" st_id="5" stage="1" lat="1">
<core>NULL</core>
<MemPortIdVec></MemPortIdVec>
<condition id="8">
<or_exp><and_exp></and_exp></or_exp>
</condition>

<Node id="105" bw="5" op_0_bw="32" op_1_bw="32" op_2_bw="32">
<![CDATA[
._crit_edge_ifconv:89  %ret_addr_7 = getelementptr inbounds [32 x i32]* %ret, i32 0, i32 %tmp_15_cast

]]></Node>
<StgValue><ssdm name="ret_addr_7"/></StgValue>
</operation>

<operation id="134" st_id="5" stage="1" lat="1">
<core>RAM</core>
<MemPortIdVec></MemPortIdVec>
<condition id="8">
<or_exp><and_exp></and_exp></or_exp>
</condition>

<Node id="122" bw="0" op_0_bw="32" op_1_bw="5">
<![CDATA[
._crit_edge_ifconv:106  store i32 %tmp_32, i32* %ret_addr_7, align 4

]]></Node>
<StgValue><ssdm name=""/></StgValue>
</operation>

<operation id="135" st_id="5" stage="1" lat="1">
<core>NULL</core>
<MemPortIdVec></MemPortIdVec>
<condition id="8">
<or_exp><and_exp></and_exp></or_exp>
</condition>

<Node id="123" bw="0" op_0_bw="0">
<![CDATA[
._crit_edge_ifconv:107  br label %1

]]></Node>
<StgValue><ssdm name=""/></StgValue>
</operation>
</state>

<state id="6" st_id="6">

<operation id="136" st_id="6" stage="1" lat="1">
<core>NULL</core>
<MemPortIdVec></MemPortIdVec>
<condition id="9">
<or_exp><and_exp></and_exp></or_exp>
</condition>

<Node id="127" bw="3" op_0_bw="3" op_1_bw="0">
<![CDATA[
.preheader:0  %j_1 = phi i3 [ %j_2, %2 ], [ 0, %.preheader.preheader ]

]]></Node>
<StgValue><ssdm name="j_1"/></StgValue>
</operation>

<operation id="137" st_id="6" stage="1" lat="1">
<core>Cmp</core>
<MemPortIdVec></MemPortIdVec>
<condition id="9">
<or_exp><and_exp></and_exp></or_exp>
</condition>

<Node id="128" bw="1" op_0_bw="3" op_1_bw="3">
<![CDATA[
.preheader:1  %exitcond = icmp eq i3 %j_1, -4

]]></Node>
<StgValue><ssdm name="exitcond"/></StgValue>
</operation>

<operation id="138" st_id="6" stage="1" lat="1">
<core>NULL</core>
<MemPortIdVec></MemPortIdVec>
<condition id="9">
<or_exp><and_exp></and_exp></or_exp>
</condition>

<Node id="129" bw="32" op_0_bw="32" op_1_bw="64" op_2_bw="64" op_3_bw="64">
<![CDATA[
.preheader:2  %empty_41 = call i32 (...)* @_ssdm_op_SpecLoopTripCount(i64 4, i64 4, i64 4)

]]></Node>
<StgValue><ssdm name="empty_41"/></StgValue>
</operation>

<operation id="139" st_id="6" stage="1" lat="1">
<core>AddSub</core>
<MemPortIdVec></MemPortIdVec>
<condition id="9">
<or_exp><and_exp></and_exp></or_exp>
</condition>

<Node id="130" bw="3" op_0_bw="3" op_1_bw="3">
<![CDATA[
.preheader:3  %j_2 = add i3 %j_1, 1

]]></Node>
<StgValue><ssdm name="j_2"/></StgValue>
</operation>

<operation id="140" st_id="6" stage="1" lat="1">
<core>NULL</core>
<MemPortIdVec></MemPortIdVec>
<condition id="9">
<or_exp><and_exp></and_exp></or_exp>
</condition>

<Node id="131" bw="0" op_0_bw="1" op_1_bw="0" op_2_bw="0">
<![CDATA[
.preheader:4  br i1 %exitcond, label %3, label %2

]]></Node>
<StgValue><ssdm name=""/></StgValue>
</operation>

<operation id="141" st_id="6" stage="1" lat="1">
<core>NULL</core>
<MemPortIdVec></MemPortIdVec>
<condition id="11">
<or_exp><and_exp><literal name="exitcond" val="0"/>
</and_exp></or_exp>
</condition>

<Node id="133" bw="2" op_0_bw="3">
<![CDATA[
:0  %tmp_45 = trunc i3 %j_1 to i2

]]></Node>
<StgValue><ssdm name="tmp_45"/></StgValue>
</operation>

<operation id="142" st_id="6" stage="1" lat="1">
<core>NULL</core>
<MemPortIdVec></MemPortIdVec>
<condition id="11">
<or_exp><and_exp><literal name="exitcond" val="0"/>
</and_exp></or_exp>
</condition>

<Node id="134" bw="4" op_0_bw="4" op_1_bw="2" op_2_bw="2">
<![CDATA[
:1  %tmp_2 = call i4 @_ssdm_op_BitConcatenate.i4.i2.i2(i2 %tmp_45, i2 0)

]]></Node>
<StgValue><ssdm name="tmp_2"/></StgValue>
</operation>

<operation id="143" st_id="6" stage="1" lat="1">
<core>NULL</core>
<MemPortIdVec></MemPortIdVec>
<condition id="11">
<or_exp><and_exp><literal name="exitcond" val="0"/>
</and_exp></or_exp>
</condition>

<Node id="135" bw="32" op_0_bw="4">
<![CDATA[
:2  %tmp_2_cast = zext i4 %tmp_2 to i32

]]></Node>
<StgValue><ssdm name="tmp_2_cast"/></StgValue>
</operation>

<operation id="144" st_id="6" stage="1" lat="1">
<core>NULL</core>
<MemPortIdVec></MemPortIdVec>
<condition id="11">
<or_exp><and_exp><literal name="exitcond" val="0"/>
</and_exp></or_exp>
</condition>

<Node id="136" bw="5" op_0_bw="32" op_1_bw="32" op_2_bw="32">
<![CDATA[
:3  %ret_addr_1 = getelementptr inbounds [32 x i32]* %ret, i32 0, i32 %tmp_2_cast

]]></Node>
<StgValue><ssdm name="ret_addr_1"/></StgValue>
</operation>

<operation id="145" st_id="6" stage="2" lat="2">
<core>RAM</core>
<MemPortIdVec></MemPortIdVec>
<condition id="11">
<or_exp><and_exp><literal name="exitcond" val="0"/>
</and_exp></or_exp>
</condition>

<Node id="137" bw="32" op_0_bw="5">
<![CDATA[
:4  %ret_load = load i32* %ret_addr_1, align 4

]]></Node>
<StgValue><ssdm name="ret_load"/></StgValue>
</operation>

<operation id="146" st_id="6" stage="1" lat="1">
<core>NULL</core>
<MemPortIdVec></MemPortIdVec>
<condition id="11">
<or_exp><and_exp><literal name="exitcond" val="0"/>
</and_exp></or_exp>
</condition>

<Node id="140" bw="4" op_0_bw="4" op_1_bw="4">
<![CDATA[
:7  %tmp_4 = or i4 %tmp_2, 1

]]></Node>
<StgValue><ssdm name="tmp_4"/></StgValue>
</operation>

<operation id="147" st_id="6" stage="1" lat="1">
<core>NULL</core>
<MemPortIdVec></MemPortIdVec>
<condition id="11">
<or_exp><and_exp><literal name="exitcond" val="0"/>
</and_exp></or_exp>
</condition>

<Node id="141" bw="32" op_0_bw="4">
<![CDATA[
:8  %tmp_4_cast = zext i4 %tmp_4 to i32

]]></Node>
<StgValue><ssdm name="tmp_4_cast"/></StgValue>
</operation>

<operation id="148" st_id="6" stage="1" lat="1">
<core>NULL</core>
<MemPortIdVec></MemPortIdVec>
<condition id="11">
<or_exp><and_exp><literal name="exitcond" val="0"/>
</and_exp></or_exp>
</condition>

<Node id="142" bw="5" op_0_bw="32" op_1_bw="32" op_2_bw="32">
<![CDATA[
:9  %ret_addr_2 = getelementptr inbounds [32 x i32]* %ret, i32 0, i32 %tmp_4_cast

]]></Node>
<StgValue><ssdm name="ret_addr_2"/></StgValue>
</operation>

<operation id="149" st_id="6" stage="2" lat="2">
<core>RAM</core>
<MemPortIdVec></MemPortIdVec>
<condition id="11">
<or_exp><and_exp><literal name="exitcond" val="0"/>
</and_exp></or_exp>
</condition>

<Node id="143" bw="32" op_0_bw="5">
<![CDATA[
:10  %ret_load_2 = load i32* %ret_addr_2, align 4

]]></Node>
<StgValue><ssdm name="ret_load_2"/></StgValue>
</operation>

<operation id="150" st_id="6" stage="1" lat="1">
<core>NULL</core>
<MemPortIdVec></MemPortIdVec>
<condition id="13">
<or_exp><and_exp><literal name="exitcond" val="1"/>
</and_exp></or_exp>
</condition>

<Node id="160" bw="0">
<![CDATA[
:0  ret void

]]></Node>
<StgValue><ssdm name=""/></StgValue>
</operation>
</state>

<state id="7" st_id="7">

<operation id="151" st_id="7" stage="1" lat="2">
<core>RAM</core>
<MemPortIdVec></MemPortIdVec>
<condition id="14">
<or_exp><and_exp></and_exp></or_exp>
</condition>

<Node id="137" bw="32" op_0_bw="5">
<![CDATA[
:4  %ret_load = load i32* %ret_addr_1, align 4

]]></Node>
<StgValue><ssdm name="ret_load"/></StgValue>
</operation>

<operation id="152" st_id="7" stage="1" lat="1">
<core>NULL</core>
<MemPortIdVec></MemPortIdVec>
<condition id="14">
<or_exp><and_exp></and_exp></or_exp>
</condition>

<Node id="138" bw="5" op_0_bw="32" op_1_bw="32" op_2_bw="32">
<![CDATA[
:5  %statemt_addr_2 = getelementptr [32 x i32]* %statemt, i32 0, i32 %tmp_2_cast

]]></Node>
<StgValue><ssdm name="statemt_addr_2"/></StgValue>
</operation>

<operation id="153" st_id="7" stage="1" lat="1">
<core>RAM</core>
<MemPortIdVec></MemPortIdVec>
<condition id="14">
<or_exp><and_exp></and_exp></or_exp>
</condition>

<Node id="139" bw="0" op_0_bw="32" op_1_bw="5">
<![CDATA[
:6  store i32 %ret_load, i32* %statemt_addr_2, align 4

]]></Node>
<StgValue><ssdm name=""/></StgValue>
</operation>

<operation id="154" st_id="7" stage="1" lat="2">
<core>RAM</core>
<MemPortIdVec></MemPortIdVec>
<condition id="14">
<or_exp><and_exp></and_exp></or_exp>
</condition>

<Node id="143" bw="32" op_0_bw="5">
<![CDATA[
:10  %ret_load_2 = load i32* %ret_addr_2, align 4

]]></Node>
<StgValue><ssdm name="ret_load_2"/></StgValue>
</operation>

<operation id="155" st_id="7" stage="1" lat="1">
<core>NULL</core>
<MemPortIdVec></MemPortIdVec>
<condition id="14">
<or_exp><and_exp></and_exp></or_exp>
</condition>

<Node id="144" bw="5" op_0_bw="32" op_1_bw="32" op_2_bw="32">
<![CDATA[
:11  %statemt_addr_3 = getelementptr [32 x i32]* %statemt, i32 0, i32 %tmp_4_cast

]]></Node>
<StgValue><ssdm name="statemt_addr_3"/></StgValue>
</operation>

<operation id="156" st_id="7" stage="1" lat="1">
<core>RAM</core>
<MemPortIdVec></MemPortIdVec>
<condition id="14">
<or_exp><and_exp></and_exp></or_exp>
</condition>

<Node id="145" bw="0" op_0_bw="32" op_1_bw="5">
<![CDATA[
:12  store i32 %ret_load_2, i32* %statemt_addr_3, align 4

]]></Node>
<StgValue><ssdm name=""/></StgValue>
</operation>

<operation id="157" st_id="7" stage="1" lat="1">
<core>NULL</core>
<MemPortIdVec></MemPortIdVec>
<condition id="14">
<or_exp><and_exp></and_exp></or_exp>
</condition>

<Node id="146" bw="4" op_0_bw="4" op_1_bw="4">
<![CDATA[
:13  %tmp_12 = or i4 %tmp_2, 2

]]></Node>
<StgValue><ssdm name="tmp_12"/></StgValue>
</operation>

<operation id="158" st_id="7" stage="1" lat="1">
<core>NULL</core>
<MemPortIdVec></MemPortIdVec>
<condition id="14">
<or_exp><and_exp></and_exp></or_exp>
</condition>

<Node id="147" bw="32" op_0_bw="4">
<![CDATA[
:14  %tmp_12_cast = zext i4 %tmp_12 to i32

]]></Node>
<StgValue><ssdm name="tmp_12_cast"/></StgValue>
</operation>

<operation id="159" st_id="7" stage="1" lat="1">
<core>NULL</core>
<MemPortIdVec></MemPortIdVec>
<condition id="14">
<or_exp><and_exp></and_exp></or_exp>
</condition>

<Node id="148" bw="5" op_0_bw="32" op_1_bw="32" op_2_bw="32">
<![CDATA[
:15  %ret_addr_3 = getelementptr inbounds [32 x i32]* %ret, i32 0, i32 %tmp_12_cast

]]></Node>
<StgValue><ssdm name="ret_addr_3"/></StgValue>
</operation>

<operation id="160" st_id="7" stage="2" lat="2">
<core>RAM</core>
<MemPortIdVec></MemPortIdVec>
<condition id="14">
<or_exp><and_exp></and_exp></or_exp>
</condition>

<Node id="149" bw="32" op_0_bw="5">
<![CDATA[
:16  %ret_load_3 = load i32* %ret_addr_3, align 4

]]></Node>
<StgValue><ssdm name="ret_load_3"/></StgValue>
</operation>

<operation id="161" st_id="7" stage="1" lat="1">
<core>NULL</core>
<MemPortIdVec></MemPortIdVec>
<condition id="14">
<or_exp><and_exp></and_exp></or_exp>
</condition>

<Node id="152" bw="4" op_0_bw="4" op_1_bw="4">
<![CDATA[
:19  %tmp_13 = or i4 %tmp_2, 3

]]></Node>
<StgValue><ssdm name="tmp_13"/></StgValue>
</operation>

<operation id="162" st_id="7" stage="1" lat="1">
<core>NULL</core>
<MemPortIdVec></MemPortIdVec>
<condition id="14">
<or_exp><and_exp></and_exp></or_exp>
</condition>

<Node id="153" bw="32" op_0_bw="4">
<![CDATA[
:20  %tmp_13_cast = zext i4 %tmp_13 to i32

]]></Node>
<StgValue><ssdm name="tmp_13_cast"/></StgValue>
</operation>

<operation id="163" st_id="7" stage="1" lat="1">
<core>NULL</core>
<MemPortIdVec></MemPortIdVec>
<condition id="14">
<or_exp><and_exp></and_exp></or_exp>
</condition>

<Node id="154" bw="5" op_0_bw="32" op_1_bw="32" op_2_bw="32">
<![CDATA[
:21  %ret_addr_4 = getelementptr inbounds [32 x i32]* %ret, i32 0, i32 %tmp_13_cast

]]></Node>
<StgValue><ssdm name="ret_addr_4"/></StgValue>
</operation>

<operation id="164" st_id="7" stage="2" lat="2">
<core>RAM</core>
<MemPortIdVec></MemPortIdVec>
<condition id="14">
<or_exp><and_exp></and_exp></or_exp>
</condition>

<Node id="155" bw="32" op_0_bw="5">
<![CDATA[
:22  %ret_load_4 = load i32* %ret_addr_4, align 4

]]></Node>
<StgValue><ssdm name="ret_load_4"/></StgValue>
</operation>
</state>

<state id="8" st_id="8">

<operation id="165" st_id="8" stage="1" lat="2">
<core>RAM</core>
<MemPortIdVec></MemPortIdVec>
<condition id="15">
<or_exp><and_exp></and_exp></or_exp>
</condition>

<Node id="149" bw="32" op_0_bw="5">
<![CDATA[
:16  %ret_load_3 = load i32* %ret_addr_3, align 4

]]></Node>
<StgValue><ssdm name="ret_load_3"/></StgValue>
</operation>

<operation id="166" st_id="8" stage="1" lat="1">
<core>NULL</core>
<MemPortIdVec></MemPortIdVec>
<condition id="15">
<or_exp><and_exp></and_exp></or_exp>
</condition>

<Node id="150" bw="5" op_0_bw="32" op_1_bw="32" op_2_bw="32">
<![CDATA[
:17  %statemt_addr_4 = getelementptr [32 x i32]* %statemt, i32 0, i32 %tmp_12_cast

]]></Node>
<StgValue><ssdm name="statemt_addr_4"/></StgValue>
</operation>

<operation id="167" st_id="8" stage="1" lat="1">
<core>RAM</core>
<MemPortIdVec></MemPortIdVec>
<condition id="15">
<or_exp><and_exp></and_exp></or_exp>
</condition>

<Node id="151" bw="0" op_0_bw="32" op_1_bw="5">
<![CDATA[
:18  store i32 %ret_load_3, i32* %statemt_addr_4, align 4

]]></Node>
<StgValue><ssdm name=""/></StgValue>
</operation>

<operation id="168" st_id="8" stage="1" lat="2">
<core>RAM</core>
<MemPortIdVec></MemPortIdVec>
<condition id="15">
<or_exp><and_exp></and_exp></or_exp>
</condition>

<Node id="155" bw="32" op_0_bw="5">
<![CDATA[
:22  %ret_load_4 = load i32* %ret_addr_4, align 4

]]></Node>
<StgValue><ssdm name="ret_load_4"/></StgValue>
</operation>

<operation id="169" st_id="8" stage="1" lat="1">
<core>NULL</core>
<MemPortIdVec></MemPortIdVec>
<condition id="15">
<or_exp><and_exp></and_exp></or_exp>
</condition>

<Node id="156" bw="5" op_0_bw="32" op_1_bw="32" op_2_bw="32">
<![CDATA[
:23  %statemt_addr_5 = getelementptr [32 x i32]* %statemt, i32 0, i32 %tmp_13_cast

]]></Node>
<StgValue><ssdm name="statemt_addr_5"/></StgValue>
</operation>

<operation id="170" st_id="8" stage="1" lat="1">
<core>RAM</core>
<MemPortIdVec></MemPortIdVec>
<condition id="15">
<or_exp><and_exp></and_exp></or_exp>
</condition>

<Node id="157" bw="0" op_0_bw="32" op_1_bw="5">
<![CDATA[
:24  store i32 %ret_load_4, i32* %statemt_addr_5, align 4

]]></Node>
<StgValue><ssdm name=""/></StgValue>
</operation>

<operation id="171" st_id="8" stage="1" lat="1">
<core>NULL</core>
<MemPortIdVec></MemPortIdVec>
<condition id="15">
<or_exp><and_exp></and_exp></or_exp>
</condition>

<Node id="158" bw="0" op_0_bw="0">
<![CDATA[
:25  br label %.preheader

]]></Node>
<StgValue><ssdm name=""/></StgValue>
</operation>
</state>
</state_list>


<ports>
</ports>


<dataflows>
</dataflows>


</stg>
