<profile>

<section name = "Vivado HLS Report for 'AddRoundKey'" level="0">
<item name = "Date">Thu Dec  7 12:27:04 2017
</item>
<item name = "Version">2017.2 (Build 1909853 on Thu Jun 15 18:55:24 MDT 2017)</item>
<item name = "Project">Second</item>
<item name = "Solution">solution1</item>
<item name = "Product family">zynquplus</item>
<item name = "Target device">xczu7eg-ffvf1517-1l-i</item>
</section>

<section name = "Performance Estimates" level="0">
<item name = "Timing (ns)">
<section name = "" level="1">
<item name = "Summary"><table name="" hasTotal="0">
<keys size="4">Clock, Target, Estimated, Uncertainty</keys>
<column name="ap_clk">10.00, 2.33, 1.25</column>
</table>
</item>
</section>
</item>
<item name = "Latency (clock cycles)">
<section name = "" level="1">
<item name = "Summary"><table name="" hasTotal="0">
<keys size="6">, min, max, min, max, Type</keys>
<column name="">41, 41, 41, 41, none</column>
</table>
</item>
<item name = "Detail">
<section name = "" level="1">
<item name = "Instance"><table name="" hasTotal="0">
<keys size="7">Instance, Module, min, max, min, max, Type</keys>
</table>
</item>
<item name = "Loop"><table name="" hasTotal="0">
<keys size="8">Loop Name, min, max, Latency, achieved, target, Count, Pipelined</keys>
<column name="- Loop 1">40, 40, 10, -, -, 4, no</column>
<column name=" + Loop 1.1">8, 8, 2, -, -, 4, no</column>
</table>
</item>
</section>
</item>
</section>
</item>
</section>
</profile>
