<profile>

<section name = "Vivado HLS Report for 'AddRoundKey'" level="0">
<item name = "Date">Thu Dec  7 12:27:07 2017
</item>
<item name = "Version">2017.2 (Build 1909853 on Thu Jun 15 18:55:24 MDT 2017)</item>
<item name = "Project">Second</item>
<item name = "Solution">solution1</item>
<item name = "Product family">zynquplus</item>
<item name = "Target device">xczu7eg-ffvf1517-1l-i</item>
</section>

<section name = "Performance Estimates" level="0">
<item name = "Timing (ns)">
<section name = "" level="1">
<item name = "Summary"><table name="" hasTotal="0">
<keys size="4">Clock, Target, Estimated, Uncertainty</keys>
<column name="ap_clk">10.00, 2.33, 1.25</column>
</table>
</item>
</section>
</item>
<item name = "Latency (clock cycles)">
<section name = "" level="1">
<item name = "Summary"><table name="" hasTotal="0">
<keys size="6">, min, max, min, max, Type</keys>
<column name="">41, 41, 41, 41, none</column>
</table>
</item>
<item name = "Detail">
<section name = "" level="1">
<item name = "Instance"><table name="" hasTotal="0">
<keys size="7">Instance, Module, min, max, min, max, Type</keys>
</table>
</item>
<item name = "Loop"><table name="" hasTotal="0">
<keys size="8">Loop Name, min, max, Latency, achieved, target, Count, Pipelined</keys>
<column name="- Loop 1">40, 40, 10, -, -, 4, no</column>
<column name=" + Loop 1.1">8, 8, 2, -, -, 4, no</column>
</table>
</item>
</section>
</item>
</section>
</item>
</section>

<section name = "Utilization Estimates" level="0">
<item name = "Summary"><table name="" hasTotal="1">
<keys size="6">Name, BRAM_18K, DSP48E, FF, LUT, URAM</keys>
<column name="DSP">-, -, -, -, -</column>
<column name="Expression">-, -, 83, 57, -</column>
<column name="FIFO">-, -, -, -, -</column>
<column name="Instance">-, -, -, -, -</column>
<column name="Memory">-, -, -, -, -</column>
<column name="Multiplexer">-, -, -, 60, -</column>
<column name="Register">-, -, 25, -, -</column>
<specialColumn name="Available">624, 1728, 460800, 230400, 96</specialColumn>
<specialColumn name="Utilization (%)">0, 0, ~0, ~0, 0</specialColumn>
</table>
</item>
<item name = "Detail">
<section name = "" level="1">
<item name = "Instance"><table name="" hasTotal="1">
<keys size="6">Instance, Module, BRAM_18K, DSP48E, FF, LUT</keys>
</table>
</item>
<item name = "DSP48"><table name="" hasTotal="0">
<keys size="3">Instance, Module, Expression</keys>
</table>
</item>
<item name = "Memory"><table name="" hasTotal="1">
<keys size="9">Memory, Module, BRAM_18K, FF, LUT, Words, Bits, Banks, W*Bits*Banks</keys>
</table>
</item>
<item name = "FIFO"><table name="" hasTotal="1">
<keys size="7">Name, BRAM_18K, FF, LUT, Depth, Bits, Size:D*B</keys>
</table>
</item>
<item name = "Expression"><table name="" hasTotal="1">
<keys size="7">Variable Name, Operation, DSP48E, FF, LUT, Bitwidth P0, Bitwidth P1</keys>
<column name="i_7_fu_92_p2">+, 0, 14, 9, 3, 1</column>
<column name="j_5_fu_142_p2">+, 0, 14, 9, 3, 1</column>
<column name="sum3_fu_161_p2">+, 0, 32, 15, 9, 9</column>
<column name="tmp_49_fu_126_p2">+, 0, 23, 12, 6, 6</column>
<column name="exitcond1_fu_86_p2">icmp, 0, 0, 2, 3, 4</column>
<column name="exitcond_fu_136_p2">icmp, 0, 0, 2, 3, 4</column>
<column name="state_d0">xor, 0, 0, 8, 8, 8</column>
</table>
</item>
<item name = "Multiplexer"><table name="" hasTotal="1">
<keys size="5">Name, LUT, Input Size, Bits, Total Bits</keys>
<column name="ap_NS_fsm">27, 5, 1, 5</column>
<column name="i_reg_60">9, 2, 3, 6</column>
<column name="j_reg_71">9, 2, 3, 6</column>
<column name="state_address0">15, 3, 4, 12</column>
</table>
</item>
<item name = "Register"><table name="" hasTotal="1">
<keys size="5">Name, FF, LUT, Bits, Const Bits</keys>
<column name="ap_CS_fsm">4, 0, 4, 0</column>
<column name="i_7_reg_191">3, 0, 3, 0</column>
<column name="i_cast4_cast_reg_183">3, 0, 6, 3</column>
<column name="i_reg_60">3, 0, 3, 0</column>
<column name="j_5_reg_209">3, 0, 3, 0</column>
<column name="j_reg_71">3, 0, 3, 0</column>
<column name="state_addr_reg_201">4, 0, 4, 0</column>
<column name="tmp_cast_reg_196">2, 0, 9, 7</column>
</table>
</item>
</section>
</item>
</section>

<section name = "Interface" level="0">
<item name = "Summary"><table name="" hasTotal="0">
<keys size="6">RTL Ports, Dir, Bits, Protocol, Source Object, C Type</keys>
<column name="ap_clk">in, 1, ap_ctrl_hs, AddRoundKey, return value</column>
<column name="ap_rst">in, 1, ap_ctrl_hs, AddRoundKey, return value</column>
<column name="ap_start">in, 1, ap_ctrl_hs, AddRoundKey, return value</column>
<column name="ap_done">out, 1, ap_ctrl_hs, AddRoundKey, return value</column>
<column name="ap_idle">out, 1, ap_ctrl_hs, AddRoundKey, return value</column>
<column name="ap_ready">out, 1, ap_ctrl_hs, AddRoundKey, return value</column>
<column name="round">in, 32, ap_none, round, scalar</column>
<column name="state_address0">out, 4, ap_memory, state, array</column>
<column name="state_ce0">out, 1, ap_memory, state, array</column>
<column name="state_we0">out, 1, ap_memory, state, array</column>
<column name="state_d0">out, 8, ap_memory, state, array</column>
<column name="state_q0">in, 8, ap_memory, state, array</column>
<column name="RoundKey_address0">out, 8, ap_memory, RoundKey, array</column>
<column name="RoundKey_ce0">out, 1, ap_memory, RoundKey, array</column>
<column name="RoundKey_q0">in, 8, ap_memory, RoundKey, array</column>
</table>
</item>
</section>
</profile>
