<profile>

<section name = "Vivado HLS Report for 'Cipher'" level="0">
<item name = "Date">Thu Dec  7 12:27:08 2017
</item>
<item name = "Version">2017.2 (Build 1909853 on Thu Jun 15 18:55:24 MDT 2017)</item>
<item name = "Project">Second</item>
<item name = "Solution">solution1</item>
<item name = "Product family">zynquplus</item>
<item name = "Target device">xczu7eg-ffvf1517-1l-i</item>
</section>

<section name = "Performance Estimates" level="0">
<item name = "Timing (ns)">
<section name = "" level="1">
<item name = "Target clock period (ns)">10.00</item>
<item name = "Clock uncertainty (ns)">1.25</item>
<item name = "Estimated clock period (ns)">3.05</item>
</section>
</item>
<item name = "Latency (clock cycles)">
<section name = "" level="1">
<item name = "Summary"><table name="" hasTotal="0">
<keys size="6">, min, max, min, max, Type</keys>
<column name="">?, ?, ?, ?, none</column>
</table>
</item>
<item name = "Detail">
<section name = "" level="1">
<item name = "Instance"><table name="" hasTotal="0">
<keys size="7">Instance, Module, min, max, min, max, Type</keys>
<column name="grp_KeyExpansion_fu_415">KeyExpansion, ?, ?, ?, ?, none</column>
<column name="grp_AddRoundKey_fu_427">AddRoundKey, 41, 41, 41, 41, none</column>
<column name="grp_SubBytes_fu_435">SubBytes, 57, 57, 57, 57, none</column>
</table>
</item>
<item name = "Loop"><table name="" hasTotal="0">
<keys size="8">Loop Name, min, max, Latency, achieved, target, Count, Pipelined</keys>
<column name="- Loop 1">?, ?, 2, -, -, ?, no</column>
<column name="- Loop 2">40, 40, 10, -, -, 4, no</column>
<column name=" + Loop 2.1">8, 8, 2, -, -, 4, no</column>
<column name="- Loop 3">0, 279172873980, 130, -, -, 0 ~ 2147483646, no</column>
<column name=" + Loop 3.1">16, 16, 4, -, -, 4, no</column>
<column name="- Loop 4">40, 40, 10, -, -, 4, no</column>
<column name=" + Loop 4.1">8, 8, 2, -, -, 4, no</column>
</table>
</item>
</section>
</item>
</section>
</item>
</section>

<section name = "Utilization Estimates" level="0">
<item name = "Summary"><table name="" hasTotal="1">
<keys size="6">Name, BRAM_18K, DSP48E, FF, LUT, URAM</keys>
<column name="DSP">-, -, -, -, -</column>
<column name="Expression">-, -, 383, 382, -</column>
<column name="FIFO">-, -, -, -, -</column>
<column name="Instance">4, -, 1887, 1939, -</column>
<column name="Memory">2, -, 36, 7, -</column>
<column name="Multiplexer">-, -, -, 727, -</column>
<column name="Register">-, -, 422, -, -</column>
<specialColumn name="Available">624, 1728, 460800, 230400, 96</specialColumn>
<specialColumn name="Utilization (%)">~0, 0, ~0, 1, 0</specialColumn>
</table>
</item>
<item name = "Detail">
<section name = "" level="1">
<item name = "Instance"><table name="" hasTotal="1">
<keys size="6">Instance, Module, BRAM_18K, DSP48E, FF, LUT</keys>
<column name="grp_AddRoundKey_fu_427">AddRoundKey, 0, 0, 108, 117</column>
<column name="grp_KeyExpansion_fu_415">KeyExpansion, 3, 0, 1704, 1722</column>
<column name="grp_SubBytes_fu_435">SubBytes, 1, 0, 75, 100</column>
</table>
</item>
<item name = "DSP48"><table name="" hasTotal="0">
<keys size="3">Instance, Module, Expression</keys>
</table>
</item>
<item name = "Memory"><table name="" hasTotal="1">
<keys size="9">Memory, Module, BRAM_18K, FF, LUT, Words, Bits, Banks, W*Bits*Banks</keys>
<column name="Key_U">Cipher_Key, 0, 8, 2, 32, 4, 1, 128</column>
<column name="RoundKey_U">Cipher_RoundKey, 1, 0, 0, 240, 8, 1, 1920</column>
<column name="in_U">Cipher_in, 0, 16, 2, 16, 8, 1, 128</column>
<column name="state_U">Cipher_state, 1, 0, 0, 16, 8, 1, 128</column>
<column name="temp1_U">Cipher_temp1, 0, 4, 1, 16, 4, 1, 64</column>
<column name="temp22_U">Cipher_temp22, 0, 8, 2, 16, 8, 1, 128</column>
</table>
</item>
<item name = "FIFO"><table name="" hasTotal="1">
<keys size="7">Name, BRAM_18K, FF, LUT, Depth, Bits, Size:D*B</keys>
</table>
</item>
<item name = "Expression"><table name="" hasTotal="1">
<keys size="7">Variable Name, Operation, DSP48E, FF, LUT, Bitwidth P0, Bitwidth P1</keys>
<column name="i_3_fu_514_p2">+, 0, 98, 37, 31, 1</column>
<column name="i_4_fu_530_p2">+, 0, 14, 9, 3, 1</column>
<column name="i_5_fu_655_p2">+, 0, 14, 9, 3, 1</column>
<column name="i_6_fu_869_p2">+, 0, 14, 9, 3, 1</column>
<column name="j_3_fu_580_p2">+, 0, 14, 9, 3, 1</column>
<column name="j_4_fu_919_p2">+, 0, 14, 9, 3, 1</column>
<column name="round_1_fu_661_p2">+, 0, 98, 37, 31, 1</column>
<column name="sum_fu_925_p2">+, 0, 17, 10, 4, 4</column>
<column name="tmp_29_fu_586_p2">+, 0, 17, 10, 4, 4</column>
<column name="tmp_32_fu_560_p2">+, 0, 23, 12, 6, 6</column>
<column name="tmp_34_fu_618_p2">+, 0, 17, 10, 4, 3</column>
<column name="tmp_36_fu_638_p2">+, 0, 20, 11, 5, 4</column>
<column name="tmp_47_fu_899_p2">+, 0, 23, 12, 6, 6</column>
<column name="exitcond1_fu_863_p2">icmp, 0, 0, 2, 3, 4</column>
<column name="exitcond2_fu_574_p2">icmp, 0, 0, 2, 3, 4</column>
<column name="exitcond3_fu_524_p2">icmp, 0, 0, 2, 3, 4</column>
<column name="exitcond_fu_913_p2">icmp, 0, 0, 2, 3, 4</column>
<column name="exitcond_i_fu_649_p2">icmp, 0, 0, 2, 3, 4</column>
<column name="tmp_28_fu_600_p2">icmp, 0, 0, 16, 32, 32</column>
<column name="tmp_s_fu_509_p2">icmp, 0, 0, 16, 32, 32</column>
<column name="tmp_11_i_cast_cast_fu_793_p3">select, 0, 0, 5, 1, 5</column>
<column name="tmp_16_i_cast_cast_fu_839_p3">select, 0, 0, 5, 1, 5</column>
<column name="tmp_2_i_cast_cast_fu_746_p3">select, 0, 0, 5, 1, 5</column>
<column name="tmp_7_i_cast_cast_fu_699_p3">select, 0, 0, 5, 1, 5</column>
<column name="Tm_1_fu_726_p2">xor, 0, 0, 8, 8, 8</column>
<column name="Tm_2_fu_773_p2">xor, 0, 0, 8, 8, 8</column>
<column name="Tm_3_fu_819_p2">xor, 0, 0, 8, 8, 8</column>
<column name="Tm_4_fu_673_p2">xor, 0, 0, 8, 8, 8</column>
<column name="Tm_fu_667_p2">xor, 0, 0, 8, 8, 8</column>
<column name="Tmp_fu_679_p2">xor, 0, 0, 8, 8, 8</column>
<column name="tmp1_fu_707_p2">xor, 0, 0, 8, 8, 8</column>
<column name="tmp2_fu_713_p2">xor, 0, 0, 8, 8, 8</column>
<column name="tmp3_fu_754_p2">xor, 0, 0, 8, 8, 8</column>
<column name="tmp4_fu_760_p2">xor, 0, 0, 8, 8, 8</column>
<column name="tmp5_fu_801_p2">xor, 0, 0, 8, 8, 8</column>
<column name="tmp6_fu_807_p2">xor, 0, 0, 8, 8, 8</column>
<column name="tmp7_fu_847_p2">xor, 0, 0, 8, 8, 8</column>
<column name="tmp_13_i_fu_813_p2">xor, 0, 0, 8, 8, 8</column>
<column name="tmp_18_i_fu_853_p2">xor, 0, 0, 8, 8, 8</column>
<column name="tmp_4_i_fu_766_p2">xor, 0, 0, 8, 8, 8</column>
<column name="tmp_9_i_fu_719_p2">xor, 0, 0, 8, 8, 8</column>
</table>
</item>
<item name = "Multiplexer"><table name="" hasTotal="1">
<keys size="5">Name, LUT, Input Size, Bits, Total Bits</keys>
<column name="Key_address0">15, 3, 5, 15</column>
<column name="Key_ce0">15, 3, 1, 3</column>
<column name="Key_ce1">9, 2, 1, 2</column>
<column name="RoundKey_address0">15, 3, 8, 24</column>
<column name="RoundKey_ce0">15, 3, 1, 3</column>
<column name="RoundKey_ce1">9, 2, 1, 2</column>
<column name="RoundKey_we0">9, 2, 1, 2</column>
<column name="RoundKey_we1">9, 2, 1, 2</column>
<column name="ap_NS_fsm">219, 46, 1, 46</column>
<column name="grp_AddRoundKey_fu_427_round">21, 4, 32, 128</column>
<column name="i_1_reg_348">9, 2, 3, 6</column>
<column name="i_2_reg_393">9, 2, 3, 6</column>
<column name="i_i_reg_382">9, 2, 3, 6</column>
<column name="i_reg_337">9, 2, 31, 62</column>
<column name="in_address0">15, 3, 4, 12</column>
<column name="j_1_reg_404">9, 2, 3, 6</column>
<column name="j_reg_359">9, 2, 3, 6</column>
<column name="reg_442">9, 2, 8, 16</column>
<column name="reg_448">9, 2, 8, 16</column>
<column name="reg_455">9, 2, 8, 16</column>
<column name="round_reg_370">9, 2, 31, 62</column>
<column name="state_address0">65, 14, 4, 56</column>
<column name="state_address1">65, 12, 4, 48</column>
<column name="state_ce0">21, 4, 1, 4</column>
<column name="state_d0">65, 12, 8, 96</column>
<column name="state_d1">49, 9, 8, 72</column>
<column name="state_we0">21, 4, 1, 4</column>
</table>
</item>
<item name = "Register"><table name="" hasTotal="1">
<keys size="5">Name, FF, LUT, Bits, Const Bits</keys>
<column name="ap_CS_fsm">45, 0, 45, 0</column>
<column name="ap_reg_grp_AddRoundKey_fu_427_ap_start">1, 0, 1, 0</column>
<column name="ap_reg_grp_KeyExpansion_fu_415_ap_start">1, 0, 1, 0</column>
<column name="ap_reg_grp_SubBytes_fu_435_ap_start">1, 0, 1, 0</column>
<column name="i_1_cast1_cast_reg_1037">3, 0, 6, 3</column>
<column name="i_1_reg_348">3, 0, 3, 0</column>
<column name="i_2_cast9_cast_reg_1124">3, 0, 6, 3</column>
<column name="i_2_reg_393">3, 0, 3, 0</column>
<column name="i_3_reg_1022">31, 0, 31, 0</column>
<column name="i_4_reg_1045">3, 0, 3, 0</column>
<column name="i_5_reg_1104">3, 0, 3, 0</column>
<column name="i_6_reg_1132">3, 0, 3, 0</column>
<column name="i_cast_reg_1013">31, 0, 32, 1</column>
<column name="i_i_reg_382">3, 0, 3, 0</column>
<column name="i_reg_337">31, 0, 31, 0</column>
<column name="j_1_reg_404">3, 0, 3, 0</column>
<column name="j_3_reg_1063">3, 0, 3, 0</column>
<column name="j_4_reg_1150">3, 0, 3, 0</column>
<column name="j_reg_359">3, 0, 3, 0</column>
<column name="reg_442">8, 0, 8, 0</column>
<column name="reg_448">8, 0, 8, 0</column>
<column name="reg_455">8, 0, 8, 0</column>
<column name="reg_462">8, 0, 8, 0</column>
<column name="reg_467">8, 0, 8, 0</column>
<column name="reg_472">8, 0, 8, 0</column>
<column name="reg_477">8, 0, 8, 0</column>
<column name="reg_482">8, 0, 8, 0</column>
<column name="reg_487">8, 0, 8, 0</column>
<column name="reg_492">8, 0, 8, 0</column>
<column name="round_1_reg_1109">31, 0, 31, 0</column>
<column name="round_cast_reg_1073">31, 0, 32, 1</column>
<column name="round_reg_370">31, 0, 31, 0</column>
<column name="state_addr_12_reg_1055">4, 0, 4, 0</column>
<column name="state_addr_13_reg_1081">3, 0, 4, 1</column>
<column name="state_addr_14_reg_1086">4, 0, 4, 0</column>
<column name="state_addr_15_reg_1091">3, 0, 4, 1</column>
<column name="state_addr_16_reg_1096">4, 0, 4, 0</column>
<column name="sum_reg_1155">4, 0, 4, 0</column>
<column name="tmp_13_i_reg_1114">8, 0, 8, 0</column>
<column name="tmp_18_i_reg_1119">8, 0, 8, 0</column>
<column name="tmp_27_reg_1050">2, 0, 4, 2</column>
<column name="tmp_30_reg_1137">2, 0, 4, 2</column>
<column name="tmp_reg_1008">30, 0, 32, 2</column>
</table>
</item>
</section>
</item>
</section>

<section name = "Interface" level="0">
<item name = "Summary"><table name="" hasTotal="0">
<keys size="6">RTL Ports, Dir, Bits, Protocol, Source Object, C Type</keys>
<column name="ap_clk">in, 1, ap_ctrl_hs, Cipher, return value</column>
<column name="ap_rst">in, 1, ap_ctrl_hs, Cipher, return value</column>
<column name="ap_start">in, 1, ap_ctrl_hs, Cipher, return value</column>
<column name="ap_done">out, 1, ap_ctrl_hs, Cipher, return value</column>
<column name="ap_idle">out, 1, ap_ctrl_hs, Cipher, return value</column>
<column name="ap_ready">out, 1, ap_ctrl_hs, Cipher, return value</column>
<column name="Nr">in, 32, ap_none, Nr, scalar</column>
<column name="Nk">in, 32, ap_none, Nk, scalar</column>
<column name="out_r_address0">out, 4, ap_memory, out_r, array</column>
<column name="out_r_ce0">out, 1, ap_memory, out_r, array</column>
<column name="out_r_we0">out, 1, ap_memory, out_r, array</column>
<column name="out_r_d0">out, 8, ap_memory, out_r, array</column>
</table>
</item>
</section>

<section name = "Critical Path" level="0">
<item name = "Max Delay">2.14</item>
<item name = "Critical Path Table"><table name="Critical Path Table" hasTotal="0">
<keys size="15">Name, Operator, Delay, Accumulated Delay, Store Source, Resource, Core, Interface, Type, Port, Array, Scope, Pointer, Callee, Phi Node</keys>
<column name="'temp1_load', CCodedFiles/2nd/AES_Encrypt.c:210">load, 1.35, 1.35, -, -, -, -, -, -, &apos;temp1&apos;, -, -, -, -</column>
<column name="CCodedFiles/2nd/AES_Encrypt.c:210">store, 0.79, 2.14, &apos;temp1_load&apos;, CCodedFiles/2nd/AES_Encrypt.c:210, -, -, -, -, -, &apos;Key&apos;, CCodedFiles/2nd/AES_Encrypt.c:203, -, -, -, -</column>
</table>
</item>
</section>
</profile>
