<profile>

<section name = "Vivado HLS Report for 'KeyExpansion'" level="0">
<item name = "Date">Thu Dec  7 12:27:06 2017
</item>
<item name = "Version">2017.2 (Build 1909853 on Thu Jun 15 18:55:24 MDT 2017)</item>
<item name = "Project">Second</item>
<item name = "Solution">solution1</item>
<item name = "Product family">zynquplus</item>
<item name = "Target device">xczu7eg-ffvf1517-1l-i</item>
</section>

<section name = "Performance Estimates" level="0">
<item name = "Timing (ns)">
<section name = "" level="1">
<item name = "Summary"><table name="" hasTotal="0">
<keys size="4">Clock, Target, Estimated, Uncertainty</keys>
<column name="ap_clk">10.00, 3.05, 1.25</column>
</table>
</item>
</section>
</item>
<item name = "Latency (clock cycles)">
<section name = "" level="1">
<item name = "Summary"><table name="" hasTotal="0">
<keys size="6">, min, max, min, max, Type</keys>
<column name="">?, ?, ?, ?, none</column>
</table>
</item>
<item name = "Detail">
<section name = "" level="1">
<item name = "Instance"><table name="" hasTotal="0">
<keys size="7">Instance, Module, min, max, min, max, Type</keys>
</table>
</item>
<item name = "Loop"><table name="" hasTotal="0">
<keys size="8">Loop Name, min, max, Latency, achieved, target, Count, Pipelined</keys>
<column name="- Loop 1">?, ?, 3, -, -, ?, no</column>
<column name="- Loop 2">?, ?, 49 ~ 84, -, -, ?, no</column>
<column name=" + Loop 2.1">8, 8, 2, -, -, 4, no</column>
</table>
</item>
</section>
</item>
</section>
</item>
</section>

<section name = "Utilization Estimates" level="0">
<item name = "Summary"><table name="" hasTotal="1">
<keys size="6">Name, BRAM_18K, DSP48E, FF, LUT, URAM</keys>
<column name="DSP">-, -, -, -, -</column>
<column name="Expression">-, -, 447, 489, -</column>
<column name="FIFO">-, -, -, -, -</column>
<column name="Instance">-, -, 788, 476, -</column>
<column name="Memory">3, -, 0, 0, -</column>
<column name="Multiplexer">-, -, -, 757, -</column>
<column name="Register">-, -, 469, -, -</column>
<specialColumn name="Available">624, 1728, 460800, 230400, 96</specialColumn>
<specialColumn name="Utilization (%)">~0, 0, ~0, ~0, 0</specialColumn>
</table>
</item>
<item name = "Detail">
<section name = "" level="1">
<item name = "Instance"><table name="" hasTotal="1">
<keys size="6">Instance, Module, BRAM_18K, DSP48E, FF, LUT</keys>
<column name="Cipher_sdiv_32ns_cud_U1">Cipher_sdiv_32ns_cud, 0, 0, 394, 238</column>
<column name="Cipher_srem_32ns_bkb_U0">Cipher_srem_32ns_bkb, 0, 0, 394, 238</column>
</table>
</item>
<item name = "DSP48"><table name="" hasTotal="0">
<keys size="3">Instance, Module, Expression</keys>
</table>
</item>
<item name = "Memory"><table name="" hasTotal="1">
<keys size="9">Memory, Module, BRAM_18K, FF, LUT, Words, Bits, Banks, W*Bits*Banks</keys>
<column name="Rcon_U">KeyExpansion_Rcon, 1, 0, 0, 255, 8, 1, 2040</column>
<column name="sbox_U">KeyExpansion_sbox, 2, 0, 0, 256, 8, 1, 2048</column>
</table>
</item>
<item name = "FIFO"><table name="" hasTotal="1">
<keys size="7">Name, BRAM_18K, FF, LUT, Depth, Bits, Size:D*B</keys>
</table>
</item>
<item name = "Expression"><table name="" hasTotal="1">
<keys size="7">Variable Name, Operation, DSP48E, FF, LUT, Bitwidth P0, Bitwidth P1</keys>
<column name="i_2_fu_867_p2">+, 0, 101, 38, 1, 32</column>
<column name="j_2_fu_653_p2">+, 0, 14, 9, 3, 1</column>
<column name="sum8_fu_669_p2">+, 0, 32, 15, 9, 9</column>
<column name="tmp_5_fu_524_p2">+, 0, 98, 37, 31, 1</column>
<column name="tmp_7_fu_563_p2">+, 0, 101, 38, 3, 32</column>
<column name="tmp_15_fu_834_p2">-, 0, 101, 38, 32, 32</column>
<column name="or_cond_33_fu_777_p2">and, 0, 0, 2, 1, 1</column>
<column name="exitcond_fu_647_p2">icmp, 0, 0, 2, 3, 4</column>
<column name="sel_tmp2_fu_693_p2">icmp, 0, 0, 1, 2, 1</column>
<column name="sel_tmp4_fu_698_p2">icmp, 0, 0, 1, 2, 1</column>
<column name="sel_tmp_fu_688_p2">icmp, 0, 0, 1, 2, 3</column>
<column name="tmp_12_fu_765_p2">icmp, 0, 0, 16, 32, 1</column>
<column name="tmp_14_fu_771_p2">icmp, 0, 0, 16, 32, 3</column>
<column name="tmp_8_fu_569_p2">icmp, 0, 0, 16, 32, 3</column>
<column name="tmp_9_fu_614_p2">icmp, 0, 0, 16, 32, 32</column>
<column name="tmp_fu_493_p2">icmp, 0, 0, 16, 32, 1</column>
<column name="tmp_s_fu_519_p2">icmp, 0, 0, 16, 32, 32</column>
<column name="or_cond_fu_703_p2">or, 0, 0, 2, 1, 1</column>
<column name="tmp_18_fu_856_p2">or, 0, 0, 9, 9, 1</column>
<column name="tmp_20_fu_905_p2">or, 0, 0, 8, 8, 1</column>
<column name="tmp_21_fu_885_p2">or, 0, 0, 9, 9, 2</column>
<column name="tmp_23_fu_927_p2">or, 0, 0, 8, 8, 2</column>
<column name="tmp_24_fu_895_p2">or, 0, 0, 9, 9, 2</column>
<column name="tmp_26_fu_937_p2">or, 0, 0, 8, 8, 2</column>
<column name="tmp_2_fu_547_p2">or, 0, 0, 9, 9, 1</column>
<column name="tmp_3_fu_584_p2">or, 0, 0, 9, 9, 2</column>
<column name="tmp_4_fu_594_p2">or, 0, 0, 9, 9, 2</column>
<column name="i_fu_503_p3">select, 0, 0, 31, 1, 31</column>
<column name="newSel2_fu_725_p3">select, 0, 0, 8, 1, 8</column>
<column name="newSel_fu_709_p3">select, 0, 0, 8, 1, 8</column>
<column name="temp_3_1_30_fu_733_p3">select, 0, 0, 8, 1, 8</column>
<column name="temp_3_29_fu_717_p3">select, 0, 0, 8, 1, 8</column>
<column name="temp_3_3_fu_741_p3">select, 0, 0, 8, 1, 8</column>
<column name="temp_3_4_fu_749_p3">select, 0, 0, 8, 1, 8</column>
<column name="temp_3_6_fu_757_p3">select, 0, 0, 8, 1, 8</column>
<column name="temp_0_fu_828_p2">xor, 0, 0, 8, 8, 8</column>
<column name="tmp1_fu_659_p2">xor, 0, 0, 4, 3, 4</column>
<column name="tmp_17_fu_873_p2">xor, 0, 0, 8, 8, 8</column>
<column name="tmp_19_fu_879_p2">xor, 0, 0, 8, 8, 8</column>
<column name="tmp_22_fu_915_p2">xor, 0, 0, 8, 8, 8</column>
<column name="tmp_25_fu_921_p2">xor, 0, 0, 8, 8, 8</column>
</table>
</item>
<item name = "Multiplexer"><table name="" hasTotal="1">
<keys size="5">Name, LUT, Input Size, Bits, Total Bits</keys>
<column name="Key_address0">15, 3, 5, 15</column>
<column name="Key_address1">15, 3, 5, 15</column>
<column name="RoundKey_address0">33, 8, 8, 64</column>
<column name="RoundKey_address1">33, 7, 8, 56</column>
<column name="RoundKey_d0">27, 5, 8, 40</column>
<column name="RoundKey_d1">27, 5, 8, 40</column>
<column name="ap_NS_fsm">442, 83, 1, 83</column>
<column name="i3_reg_313">9, 2, 31, 62</column>
<column name="i_1_reg_372">9, 2, 32, 64</column>
<column name="j_reg_426">9, 2, 3, 6</column>
<column name="sbox_address0">15, 3, 8, 24</column>
<column name="sbox_address1">15, 3, 8, 24</column>
<column name="sbox_address2">15, 3, 8, 24</column>
<column name="sbox_address3">15, 3, 8, 24</column>
<column name="temp_0_4_reg_479">15, 3, 8, 24</column>
<column name="temp_1_4_reg_465">9, 2, 8, 16</column>
<column name="temp_2_1_reg_393">9, 2, 8, 16</column>
<column name="temp_2_4_reg_451">9, 2, 8, 16</column>
<column name="temp_3_10_reg_415">9, 2, 8, 16</column>
<column name="temp_3_1_reg_382">9, 2, 8, 16</column>
<column name="temp_3_2_reg_404">9, 2, 8, 16</column>
<column name="temp_3_4_34_reg_437">9, 2, 8, 16</column>
</table>
</item>
<item name = "Register"><table name="" hasTotal="1">
<keys size="5">Name, FF, LUT, Bits, Const Bits</keys>
<column name="ap_CS_fsm">82, 0, 82, 0</column>
<column name="i3_reg_313">31, 0, 31, 0</column>
<column name="i_1_reg_372">32, 0, 32, 0</column>
<column name="i_2_reg_1198">32, 0, 32, 0</column>
<column name="i_cast_reg_961">31, 0, 32, 1</column>
<column name="j_2_reg_1053">3, 0, 3, 0</column>
<column name="j_reg_426">3, 0, 3, 0</column>
<column name="temp_0_4_reg_479">8, 0, 8, 0</column>
<column name="temp_1_4_reg_465">8, 0, 8, 0</column>
<column name="temp_1_reg_348">8, 0, 8, 0</column>
<column name="temp_2_1_reg_393">8, 0, 8, 0</column>
<column name="temp_2_4_reg_451">8, 0, 8, 0</column>
<column name="temp_2_reg_336">8, 0, 8, 0</column>
<column name="temp_3_10_reg_415">8, 0, 8, 0</column>
<column name="temp_3_1_reg_382">8, 0, 8, 0</column>
<column name="temp_3_2_reg_404">8, 0, 8, 0</column>
<column name="temp_3_4_34_reg_437">8, 0, 8, 0</column>
<column name="temp_3_reg_324">8, 0, 8, 0</column>
<column name="temp_reg_360">8, 0, 8, 0</column>
<column name="tmp_10_cast1_reg_1038">6, 0, 8, 2</column>
<column name="tmp_10_cast_reg_1045">7, 0, 32, 25</column>
<column name="tmp_10_reg_1033">7, 0, 9, 2</column>
<column name="tmp_12_reg_1090">1, 0, 1, 0</column>
<column name="tmp_16_reg_1182">7, 0, 9, 2</column>
<column name="tmp_17_reg_1203">8, 0, 8, 0</column>
<column name="tmp_19_reg_1208">8, 0, 8, 0</column>
<column name="tmp_1_cast_reg_980">7, 0, 32, 25</column>
<column name="tmp_1_reg_974">7, 0, 9, 2</column>
<column name="tmp_22_reg_1223">8, 0, 8, 0</column>
<column name="tmp_25_reg_1228">8, 0, 8, 0</column>
<column name="tmp_2_cast_reg_990">7, 0, 32, 25</column>
<column name="tmp_31_reg_1063">2, 0, 2, 0</column>
<column name="tmp_3_cast_reg_1010">7, 0, 32, 25</column>
<column name="tmp_4_cast_reg_1020">7, 0, 32, 25</column>
<column name="tmp_5_reg_969">31, 0, 31, 0</column>
<column name="tmp_7_reg_1000">30, 0, 32, 2</column>
<column name="tmp_8_reg_1005">1, 0, 1, 0</column>
</table>
</item>
</section>
</item>
</section>

<section name = "Interface" level="0">
<item name = "Summary"><table name="" hasTotal="0">
<keys size="6">RTL Ports, Dir, Bits, Protocol, Source Object, C Type</keys>
<column name="ap_clk">in, 1, ap_ctrl_hs, KeyExpansion, return value</column>
<column name="ap_rst">in, 1, ap_ctrl_hs, KeyExpansion, return value</column>
<column name="ap_start">in, 1, ap_ctrl_hs, KeyExpansion, return value</column>
<column name="ap_done">out, 1, ap_ctrl_hs, KeyExpansion, return value</column>
<column name="ap_idle">out, 1, ap_ctrl_hs, KeyExpansion, return value</column>
<column name="ap_ready">out, 1, ap_ctrl_hs, KeyExpansion, return value</column>
<column name="RoundKey_address0">out, 8, ap_memory, RoundKey, array</column>
<column name="RoundKey_ce0">out, 1, ap_memory, RoundKey, array</column>
<column name="RoundKey_we0">out, 1, ap_memory, RoundKey, array</column>
<column name="RoundKey_d0">out, 8, ap_memory, RoundKey, array</column>
<column name="RoundKey_q0">in, 8, ap_memory, RoundKey, array</column>
<column name="RoundKey_address1">out, 8, ap_memory, RoundKey, array</column>
<column name="RoundKey_ce1">out, 1, ap_memory, RoundKey, array</column>
<column name="RoundKey_we1">out, 1, ap_memory, RoundKey, array</column>
<column name="RoundKey_d1">out, 8, ap_memory, RoundKey, array</column>
<column name="RoundKey_q1">in, 8, ap_memory, RoundKey, array</column>
<column name="Key_address0">out, 5, ap_memory, Key, array</column>
<column name="Key_ce0">out, 1, ap_memory, Key, array</column>
<column name="Key_q0">in, 4, ap_memory, Key, array</column>
<column name="Key_address1">out, 5, ap_memory, Key, array</column>
<column name="Key_ce1">out, 1, ap_memory, Key, array</column>
<column name="Key_q1">in, 4, ap_memory, Key, array</column>
<column name="Nk">in, 32, ap_none, Nk, scalar</column>
<column name="Nr">in, 32, ap_none, Nr, scalar</column>
</table>
</item>
</section>
</profile>
